site_id,organism,location_type,label,lat,lon,elev_m,year,county,notes,source_name,source_url
NWT-001,American pika,survey_plot,Niwot plot NWT-001,40.066713,-105.62351,,,Boulder,Panel: EveryYr; GRTS occupancy survey plot,Niwot Ridge LTER pika occupancy plots (knb-lter-nwt.17),https://portal.edirepository.org/nis/mapbrowse?packageid=knb-lter-nwt.17.4
NWT-002,American pika,survey_plot,Niwot plot NWT-002,40.055393,-105.622551,,,Boulder,Panel: EveryYr; GRTS occupancy survey plot,Niwot Ridge LTER pika occupancy plots (knb-lter-nwt.17),https://portal.edirepository.org/nis/mapbrowse?packageid=knb-lter-nwt.17.4
NWT-003,American pika,survey_plot,Niwot plot NWT-003,40.059712,-105.608485,,,Boulder,Panel: EveryYr; GRTS occupancy survey plot,Niwot Ridge LTER pika occupancy plots (knb-lter-nwt.17),https://portal.edirepository.org/nis/mapbrowse?packageid=knb-lter-nwt.17.4
NWT-004,American pika,survey_plot,Niwot plot NWT-004,40.065673,-105.593376,,,Boulder,Panel: EveryYr; GRTS occupancy survey plot,Niwot Ridge LTER pika occupancy plots (knb-lter-nwt.17),https://portal.edirepository.org/nis/mapbrowse?packageid=knb-lter-nwt.17.4
NWT-005,American pika,survey_plot,Niwot plot NWT-005,40.054862,-105.627459,,,Boulder,Panel: EveryYr; GRTS occupancy survey plot,Niwot Ridge LTER pika occupancy plots (knb-lter-nwt.17),https://portal.edirepository.org/nis/mapbrowse?packageid=knb-lter-nwt.17.4
NWT-006,American pika,survey_plot,Niwot plot NWT-006,40.063062,-105.628847,,,Boulder,Panel: EveryYr; GRTS occupancy survey plot,Niwot Ridge LTER pika occupancy plots (knb-lter-nwt.17),https://portal.edirepository.org/nis/mapbrowse?packageid=knb-lter-nwt.17.4
NWT-007,American pika,survey_plot,Niwot plot NWT-007,40.045538,-105.591267,,,Boulder,Panel: EveryYr; GRTS occupancy survey plot,Niwot Ridge LTER pika occupancy plots (knb-lter-nwt.17),https://portal.edirepository.org/nis/mapbrowse?packageid=knb-lter-nwt.17.4
NWT-008,American pika,survey_plot,Niwot plot NWT-008,40.061717,-105.600471,,,Boulder,Panel: EveryYr; GRTS occupancy survey plot,Niwot Ridge LTER pika occupancy plots (knb-lter-nwt.17),https://portal.edirepository.org/nis/mapbrowse?packageid=knb-lter-nwt.17.4
NWT-009,American pika,survey_plot,Niwot plot NWT-009,40.053344,-105.619942,,,Boulder,Panel: EveryYr; GRTS occupancy survey plot,Niwot Ridge LTER pika occupancy plots (knb-lter-nwt.17),https://portal.edirepository.org/nis/mapbrowse?packageid=knb-lter-nwt.17.4
NWT-010,American pika,survey_plot,Niwot plot NWT-010,40.066021,-105.609597,,,Boulder,Panel: EveryYr; GRTS occupancy survey plot,Niwot Ridge LTER pika occupancy plots (knb-lter-nwt.17),https://portal.edirepository.org/nis/mapbrowse?packageid=knb-lter-nwt.17.4
NWT-011,American pika,survey_plot,Niwot plot NWT-011,40.04523,-105.60559,,,Boulder,Panel: EveryYr; GRTS occupancy survey plot,Niwot Ridge LTER pika occupancy plots (knb-lter-nwt.17),https://portal.edirepository.org/nis/mapbrowse?packageid=knb-lter-nwt.17.4
NWT-012,American pika,survey_plot,Niwot plot NWT-012,40.059554,-105.59133,,,Boulder,Panel: EveryYr; GRTS occupancy survey plot,Niwot Ridge LTER pika occupancy plots (knb-lter-nwt.17),https://portal.edirepository.org/nis/mapbrowse?packageid=knb-lter-nwt.17.4
NWT-013,American pika,survey_plot,Niwot plot NWT-013,40.057741,-105.635482,,,Boulder,Panel: EveryYr; GRTS occupancy survey plot,Niwot Ridge LTER pika occupancy plots (knb-lter-nwt.17),https://portal.edirepository.org/nis/mapbrowse?packageid=knb-lter-nwt.17.4
NWT-014,American pika,survey_plot,Niwot plot NWT-014,40.056788,-105.612797,,,Boulder,Panel: EveryYr; GRTS occupancy survey plot,Niwot Ridge LTER pika occupancy plots (knb-lter-nwt.17),https://portal.edirepository.org/nis/mapbrowse?packageid=knb-lter-nwt.17.4
NWT-015,American pika,survey_plot,Niwot plot NWT-015,40.054704,-105.608136,,,Boulder,Panel: EveryYr; GRTS occupancy survey plot,Niwot Ridge LTER pika occupancy plots (knb-lter-nwt.17),https://portal.edirepository.org/nis/mapbrowse?packageid=knb-lter-nwt.17.4
NWT-016,American pika,survey_plot,Niwot plot NWT-016,40.048549,-105.583896,,,Boulder,Panel: EveryYr; GRTS occupancy survey plot,Niwot Ridge LTER pika occupancy plots (knb-lter-nwt.17),https://portal.edirepository.org/nis/mapbrowse?packageid=knb-lter-nwt.17.4
NWT-017,American pika,survey_plot,Niwot plot NWT-017,40.068498,-105.628276,,,Boulder,Panel: EveryYr; GRTS occupancy survey plot,Niwot Ridge LTER pika occupancy plots (knb-lter-nwt.17),https://portal.edirepository.org/nis/mapbrowse?packageid=knb-lter-nwt.17.4
NWT-018,American pika,survey_plot,Niwot plot NWT-018,40.058951,-105.628317,,,Boulder,Panel: EveryYr; GRTS occupancy survey plot,Niwot Ridge LTER pika occupancy plots (knb-lter-nwt.17),https://portal.edirepository.org/nis/mapbrowse?packageid=knb-lter-nwt.17.4
NWT-019,American pika,survey_plot,Niwot plot NWT-019,40.051908,-105.601756,,,Boulder,Panel: EveryYr; GRTS occupancy survey plot,Niwot Ridge LTER pika occupancy plots (knb-lter-nwt.17),https://portal.edirepository.org/nis/mapbrowse?packageid=knb-lter-nwt.17.4
NWT-020,American pika,survey_plot,Niwot plot NWT-020,40.06311,-105.589437,,,Boulder,Panel: EveryYr; GRTS occupancy survey plot,Niwot Ridge LTER pika occupancy plots (knb-lter-nwt.17),https://portal.edirepository.org/nis/mapbrowse?packageid=knb-lter-nwt.17.4
NWT-021,American pika,survey_plot,Niwot plot NWT-021,40.048413,-105.619287,,,Boulder,Panel: EveryYr; GRTS occupancy survey plot,Niwot Ridge LTER pika occupancy plots (knb-lter-nwt.17),https://portal.edirepository.org/nis/mapbrowse?packageid=knb-lter-nwt.17.4
NWT-022,American pika,survey_plot,Niwot plot NWT-022,40.047463,-105.634495,,,Boulder,Panel: EveryYr; GRTS occupancy survey plot,Niwot Ridge LTER pika occupancy plots (knb-lter-nwt.17),https://portal.edirepository.org/nis/mapbrowse?packageid=knb-lter-nwt.17.4
NWT-023,American pika,survey_plot,Niwot plot NWT-023,40.049274,-105.602402,,,Boulder,Panel: EveryYr; GRTS occupancy survey plot,Niwot Ridge LTER pika occupancy plots (knb-lter-nwt.17),https://portal.edirepository.org/nis/mapbrowse?packageid=knb-lter-nwt.17.4
NWT-024,American pika,survey_plot,Niwot plot NWT-024,40.055307,-105.601446,,,Boulder,Panel: EveryYr; GRTS occupancy survey plot,Niwot Ridge LTER pika occupancy plots (knb-lter-nwt.17),https://portal.edirepository.org/nis/mapbrowse?packageid=knb-lter-nwt.17.4
NWT-025,American pika,survey_plot,Niwot plot NWT-025,40.050555,-105.623738,,,Boulder,Panel: EvenYrs; GRTS occupancy survey plot,Niwot Ridge LTER pika occupancy plots (knb-lter-nwt.17),https://portal.edirepository.org/nis/mapbrowse?packageid=knb-lter-nwt.17.4
NWT-026,American pika,survey_plot,Niwot plot NWT-026,40.063356,-105.602479,,,Boulder,Panel: EvenYrs; GRTS occupancy survey plot,Niwot Ridge LTER pika occupancy plots (knb-lter-nwt.17),https://portal.edirepository.org/nis/mapbrowse?packageid=knb-lter-nwt.17.4
NWT-027,American pika,survey_plot,Niwot plot NWT-027,40.050302,-105.610805,,,Boulder,Panel: EvenYrs; GRTS occupancy survey plot,Niwot Ridge LTER pika occupancy plots (knb-lter-nwt.17),https://portal.edirepository.org/nis/mapbrowse?packageid=knb-lter-nwt.17.4
NWT-028,American pika,survey_plot,Niwot plot NWT-028,40.069535,-105.584462,,,Boulder,Panel: EvenYrs; GRTS occupancy survey plot,Niwot Ridge LTER pika occupancy plots (knb-lter-nwt.17),https://portal.edirepository.org/nis/mapbrowse?packageid=knb-lter-nwt.17.4
NWT-029,American pika,survey_plot,Niwot plot NWT-029,40.06017,-105.633933,,,Boulder,Panel: EvenYrs; GRTS occupancy survey plot,Niwot Ridge LTER pika occupancy plots (knb-lter-nwt.17),https://portal.edirepository.org/nis/mapbrowse?packageid=knb-lter-nwt.17.4
NWT-030,American pika,survey_plot,Niwot plot NWT-030,40.0611,-105.613434,,,Boulder,Panel: EvenYrs; GRTS occupancy survey plot,Niwot Ridge LTER pika occupancy plots (knb-lter-nwt.17),https://portal.edirepository.org/nis/mapbrowse?packageid=knb-lter-nwt.17.4
NWT-031,American pika,survey_plot,Niwot plot NWT-031,40.050806,-105.607573,,,Boulder,Panel: EvenYrs; GRTS occupancy survey plot,Niwot Ridge LTER pika occupancy plots (knb-lter-nwt.17),https://portal.edirepository.org/nis/mapbrowse?packageid=knb-lter-nwt.17.4
NWT-032,American pika,survey_plot,Niwot plot NWT-032,40.06718,-105.591102,,,Boulder,Panel: EvenYrs; GRTS occupancy survey plot,Niwot Ridge LTER pika occupancy plots (knb-lter-nwt.17),https://portal.edirepository.org/nis/mapbrowse?packageid=knb-lter-nwt.17.4
NWT-033,American pika,survey_plot,Niwot plot NWT-033,40.050006,-105.630767,,,Boulder,Panel: EvenYrs; GRTS occupancy survey plot,Niwot Ridge LTER pika occupancy plots (knb-lter-nwt.17),https://portal.edirepository.org/nis/mapbrowse?packageid=knb-lter-nwt.17.4
NWT-034,American pika,survey_plot,Niwot plot NWT-034,40.06312,-105.631557,,,Boulder,Panel: EvenYrs; GRTS occupancy survey plot,Niwot Ridge LTER pika occupancy plots (knb-lter-nwt.17),https://portal.edirepository.org/nis/mapbrowse?packageid=knb-lter-nwt.17.4
NWT-035,American pika,survey_plot,Niwot plot NWT-035,40.049972,-105.596464,,,Boulder,Panel: EvenYrs; GRTS occupancy survey plot,Niwot Ridge LTER pika occupancy plots (knb-lter-nwt.17),https://portal.edirepository.org/nis/mapbrowse?packageid=knb-lter-nwt.17.4
NWT-036,American pika,survey_plot,Niwot plot NWT-036,40.064842,-105.597344,,,Boulder,Panel: EvenYrs; GRTS occupancy survey plot,Niwot Ridge LTER pika occupancy plots (knb-lter-nwt.17),https://portal.edirepository.org/nis/mapbrowse?packageid=knb-lter-nwt.17.4
NWT-037,American pika,survey_plot,Niwot plot NWT-037,40.045556,-105.6215,,,Boulder,Panel: EvenYrs; GRTS occupancy survey plot,Niwot Ridge LTER pika occupancy plots (knb-lter-nwt.17),https://portal.edirepository.org/nis/mapbrowse?packageid=knb-lter-nwt.17.4
NWT-038,American pika,survey_plot,Niwot plot NWT-038,40.049467,-105.638805,,,Boulder,Panel: EvenYrs; GRTS occupancy survey plot,Niwot Ridge LTER pika occupancy plots (knb-lter-nwt.17),https://portal.edirepository.org/nis/mapbrowse?packageid=knb-lter-nwt.17.4
NWT-039,American pika,survey_plot,Niwot plot NWT-039,40.048824,-105.595915,,,Boulder,Panel: EvenYrs; GRTS occupancy survey plot,Niwot Ridge LTER pika occupancy plots (knb-lter-nwt.17),https://portal.edirepository.org/nis/mapbrowse?packageid=knb-lter-nwt.17.4
NWT-040,American pika,survey_plot,Niwot plot NWT-040,40.060546,-105.600554,,,Boulder,Panel: EvenYrs; GRTS occupancy survey plot,Niwot Ridge LTER pika occupancy plots (knb-lter-nwt.17),https://portal.edirepository.org/nis/mapbrowse?packageid=knb-lter-nwt.17.4
NWT-041,American pika,survey_plot,Niwot plot NWT-041,40.046884,-105.627714,,,Boulder,Panel: EvenYrs; GRTS occupancy survey plot,Niwot Ridge LTER pika occupancy plots (knb-lter-nwt.17),https://portal.edirepository.org/nis/mapbrowse?packageid=knb-lter-nwt.17.4
NWT-042,American pika,survey_plot,Niwot plot NWT-042,40.062235,-105.608367,,,Boulder,Panel: EvenYrs; GRTS occupancy survey plot,Niwot Ridge LTER pika occupancy plots (knb-lter-nwt.17),https://portal.edirepository.org/nis/mapbrowse?packageid=knb-lter-nwt.17.4
NWT-043,American pika,survey_plot,Niwot plot NWT-043,40.052645,-105.614132,,,Boulder,Panel: EvenYrs; GRTS occupancy survey plot,Niwot Ridge LTER pika occupancy plots (knb-lter-nwt.17),https://portal.edirepository.org/nis/mapbrowse?packageid=knb-lter-nwt.17.4
NWT-044,American pika,survey_plot,Niwot plot NWT-044,40.065438,-105.585482,,,Boulder,Panel: EvenYrs; GRTS occupancy survey plot,Niwot Ridge LTER pika occupancy plots (knb-lter-nwt.17),https://portal.edirepository.org/nis/mapbrowse?packageid=knb-lter-nwt.17.4
NWT-045,American pika,survey_plot,Niwot plot NWT-045,40.06164,-105.621424,,,Boulder,Panel: EvenYrs; GRTS occupancy survey plot,Niwot Ridge LTER pika occupancy plots (knb-lter-nwt.17),https://portal.edirepository.org/nis/mapbrowse?packageid=knb-lter-nwt.17.4
NWT-046,American pika,survey_plot,Niwot plot NWT-046,40.066461,-105.612403,,,Boulder,Panel: EvenYrs; GRTS occupancy survey plot,Niwot Ridge LTER pika occupancy plots (knb-lter-nwt.17),https://portal.edirepository.org/nis/mapbrowse?packageid=knb-lter-nwt.17.4
NWT-047,American pika,survey_plot,Niwot plot NWT-047,40.047064,-105.612241,,,Boulder,Panel: EvenYrs; GRTS occupancy survey plot,Niwot Ridge LTER pika occupancy plots (knb-lter-nwt.17),https://portal.edirepository.org/nis/mapbrowse?packageid=knb-lter-nwt.17.4
NWT-048,American pika,survey_plot,Niwot plot NWT-048,40.068873,-105.600358,,,Boulder,Panel: EvenYrs; GRTS occupancy survey plot,Niwot Ridge LTER pika occupancy plots (knb-lter-nwt.17),https://portal.edirepository.org/nis/mapbrowse?packageid=knb-lter-nwt.17.4
NWT-049,American pika,survey_plot,Niwot plot NWT-049,40.05131,-105.626301,,,Boulder,Panel: OddYrs; GRTS occupancy survey plot,Niwot Ridge LTER pika occupancy plots (knb-lter-nwt.17),https://portal.edirepository.org/nis/mapbrowse?packageid=knb-lter-nwt.17.4
NWT-050,American pika,survey_plot,Niwot plot NWT-050,40.064351,-105.63056,,,Boulder,Panel: OddYrs; GRTS occupancy survey plot,Niwot Ridge LTER pika occupancy plots (knb-lter-nwt.17),https://portal.edirepository.org/nis/mapbrowse?packageid=knb-lter-nwt.17.4
NWT-051,American pika,survey_plot,Niwot plot NWT-051,40.048303,-105.59203,,,Boulder,Panel: OddYrs; GRTS occupancy survey plot,Niwot Ridge LTER pika occupancy plots (knb-lter-nwt.17),https://portal.edirepository.org/nis/mapbrowse?packageid=knb-lter-nwt.17.4
NWT-052,American pika,survey_plot,Niwot plot NWT-052,40.061942,-105.594915,,,Boulder,Panel: OddYrs; GRTS occupancy survey plot,Niwot Ridge LTER pika occupancy plots (knb-lter-nwt.17),https://portal.edirepository.org/nis/mapbrowse?packageid=knb-lter-nwt.17.4
NWT-053,American pika,survey_plot,Niwot plot NWT-053,40.053595,-105.625185,,,Boulder,Panel: OddYrs; GRTS occupancy survey plot,Niwot Ridge LTER pika occupancy plots (knb-lter-nwt.17),https://portal.edirepository.org/nis/mapbrowse?packageid=knb-lter-nwt.17.4
NWT-054,American pika,survey_plot,Niwot plot NWT-054,40.0513,-105.633171,,,Boulder,Panel: OddYrs; GRTS occupancy survey plot,Niwot Ridge LTER pika occupancy plots (knb-lter-nwt.17),https://portal.edirepository.org/nis/mapbrowse?packageid=knb-lter-nwt.17.4
NWT-055,American pika,survey_plot,Niwot plot NWT-055,40.049198,-105.608274,,,Boulder,Panel: OddYrs; GRTS occupancy survey plot,Niwot Ridge LTER pika occupancy plots (knb-lter-nwt.17),https://portal.edirepository.org/nis/mapbrowse?packageid=knb-lter-nwt.17.4
NWT-056,American pika,survey_plot,Niwot plot NWT-056,40.057307,-105.594312,,,Boulder,Panel: OddYrs; GRTS occupancy survey plot,Niwot Ridge LTER pika occupancy plots (knb-lter-nwt.17),https://portal.edirepository.org/nis/mapbrowse?packageid=knb-lter-nwt.17.4
NWT-057,American pika,survey_plot,Niwot plot NWT-057,40.06148,-105.634778,,,Boulder,Panel: OddYrs; GRTS occupancy survey plot,Niwot Ridge LTER pika occupancy plots (knb-lter-nwt.17),https://portal.edirepository.org/nis/mapbrowse?packageid=knb-lter-nwt.17.4
NWT-058,American pika,survey_plot,Niwot plot NWT-058,40.058414,-105.617056,,,Boulder,Panel: OddYrs; GRTS occupancy survey plot,Niwot Ridge LTER pika occupancy plots (knb-lter-nwt.17),https://portal.edirepository.org/nis/mapbrowse?packageid=knb-lter-nwt.17.4
NWT-059,American pika,survey_plot,Niwot plot NWT-059,40.052863,-105.612188,,,Boulder,Panel: OddYrs; GRTS occupancy survey plot,Niwot Ridge LTER pika occupancy plots (knb-lter-nwt.17),https://portal.edirepository.org/nis/mapbrowse?packageid=knb-lter-nwt.17.4
NWT-060,American pika,survey_plot,Niwot plot NWT-060,40.055129,-105.585171,,,Boulder,Panel: OddYrs; GRTS occupancy survey plot,Niwot Ridge LTER pika occupancy plots (knb-lter-nwt.17),https://portal.edirepository.org/nis/mapbrowse?packageid=knb-lter-nwt.17.4
NWT-061,American pika,survey_plot,Niwot plot NWT-061,40.065811,-105.624593,,,Boulder,Panel: OddYrs; GRTS occupancy survey plot,Niwot Ridge LTER pika occupancy plots (knb-lter-nwt.17),https://portal.edirepository.org/nis/mapbrowse?packageid=knb-lter-nwt.17.4
NWT-062,American pika,survey_plot,Niwot plot NWT-062,40.055654,-105.609117,,,Boulder,Panel: OddYrs; GRTS occupancy survey plot,Niwot Ridge LTER pika occupancy plots (knb-lter-nwt.17),https://portal.edirepository.org/nis/mapbrowse?packageid=knb-lter-nwt.17.4
NWT-063,American pika,survey_plot,Niwot plot NWT-063,40.065499,-105.590208,,,Boulder,Panel: OddYrs; GRTS occupancy survey plot,Niwot Ridge LTER pika occupancy plots (knb-lter-nwt.17),https://portal.edirepository.org/nis/mapbrowse?packageid=knb-lter-nwt.17.4
NWT-064,American pika,survey_plot,Niwot plot NWT-064,40.068947,-105.610584,,,Boulder,Panel: OddYrs; GRTS occupancy survey plot,Niwot Ridge LTER pika occupancy plots (knb-lter-nwt.17),https://portal.edirepository.org/nis/mapbrowse?packageid=knb-lter-nwt.17.4
NWT-065,American pika,survey_plot,Niwot plot NWT-065,40.067664,-105.619192,,,Boulder,Panel: OddYrs; GRTS occupancy survey plot,Niwot Ridge LTER pika occupancy plots (knb-lter-nwt.17),https://portal.edirepository.org/nis/mapbrowse?packageid=knb-lter-nwt.17.4
NWT-066,American pika,survey_plot,Niwot plot NWT-066,40.057038,-105.617525,,,Boulder,Panel: OddYrs; GRTS occupancy survey plot,Niwot Ridge LTER pika occupancy plots (knb-lter-nwt.17),https://portal.edirepository.org/nis/mapbrowse?packageid=knb-lter-nwt.17.4
NWT-067,American pika,survey_plot,Niwot plot NWT-067,40.05353,-105.601571,,,Boulder,Panel: OddYrs; GRTS occupancy survey plot,Niwot Ridge LTER pika occupancy plots (knb-lter-nwt.17),https://portal.edirepository.org/nis/mapbrowse?packageid=knb-lter-nwt.17.4
NWT-068,American pika,survey_plot,Niwot plot NWT-068,40.066082,-105.59277,,,Boulder,Panel: OddYrs; GRTS occupancy survey plot,Niwot Ridge LTER pika occupancy plots (knb-lter-nwt.17),https://portal.edirepository.org/nis/mapbrowse?packageid=knb-lter-nwt.17.4
NWT-069,American pika,survey_plot,Niwot plot NWT-069,40.054962,-105.625725,,,Boulder,Panel: OddYrs; GRTS occupancy survey plot,Niwot Ridge LTER pika occupancy plots (knb-lter-nwt.17),https://portal.edirepository.org/nis/mapbrowse?packageid=knb-lter-nwt.17.4
NWT-070,American pika,survey_plot,Niwot plot NWT-070,40.047057,-105.638782,,,Boulder,Panel: OddYrs; GRTS occupancy survey plot,Niwot Ridge LTER pika occupancy plots (knb-lter-nwt.17),https://portal.edirepository.org/nis/mapbrowse?packageid=knb-lter-nwt.17.4
NWT-071,American pika,survey_plot,Niwot plot NWT-071,40.045052,-105.594733,,,Boulder,Panel: OddYrs; GRTS occupancy survey plot,Niwot Ridge LTER pika occupancy plots (knb-lter-nwt.17),https://portal.edirepository.org/nis/mapbrowse?packageid=knb-lter-nwt.17.4
NWT-072,American pika,survey_plot,Niwot plot NWT-072,40.062061,-105.601881,,,Boulder,Panel: OddYrs; GRTS occupancy survey plot,Niwot Ridge LTER pika occupancy plots (knb-lter-nwt.17),https://portal.edirepository.org/nis/mapbrowse?packageid=knb-lter-nwt.17.4
NWT-073,American pika,survey_plot,Niwot plot NWT-073,40.052888,-105.619375,,,Boulder,Panel: EvenYrs; GRTS occupancy survey plot,Niwot Ridge LTER pika occupancy plots (knb-lter-nwt.17),https://portal.edirepository.org/nis/mapbrowse?packageid=knb-lter-nwt.17.4
NWT-074,American pika,survey_plot,Niwot plot NWT-074,40.06382,-105.606821,,,Boulder,Panel: OddYrs; GRTS occupancy survey plot,Niwot Ridge LTER pika occupancy plots (knb-lter-nwt.17),https://portal.edirepository.org/nis/mapbrowse?packageid=knb-lter-nwt.17.4
NWT-075,American pika,survey_plot,Niwot plot NWT-075,40.045715,-105.605934,,,Boulder,Panel: OddYrs; GRTS occupancy survey plot,Niwot Ridge LTER pika occupancy plots (knb-lter-nwt.17),https://portal.edirepository.org/nis/mapbrowse?packageid=knb-lter-nwt.17.4
NWT-076,American pika,survey_plot,Niwot plot NWT-076,40.058679,-105.590982,,,Boulder,Panel: OverSamp; GRTS occupancy survey plot,Niwot Ridge LTER pika occupancy plots (knb-lter-nwt.17),https://portal.edirepository.org/nis/mapbrowse?packageid=knb-lter-nwt.17.4
NWT-077,American pika,survey_plot,Niwot plot NWT-077,40.056368,-105.635528,,,Boulder,Panel: OverSamp; GRTS occupancy survey plot,Niwot Ridge LTER pika occupancy plots (knb-lter-nwt.17),https://portal.edirepository.org/nis/mapbrowse?packageid=knb-lter-nwt.17.4
NWT-078,American pika,survey_plot,Niwot plot NWT-078,40.05757,-105.610776,,,Boulder,Panel: OverSamp; GRTS occupancy survey plot,Niwot Ridge LTER pika occupancy plots (knb-lter-nwt.17),https://portal.edirepository.org/nis/mapbrowse?packageid=knb-lter-nwt.17.4
NWT-079,American pika,survey_plot,Niwot plot NWT-079,40.054591,-105.609026,,,Boulder,Panel: OddYrs; GRTS occupancy survey plot,Niwot Ridge LTER pika occupancy plots (knb-lter-nwt.17),https://portal.edirepository.org/nis/mapbrowse?packageid=knb-lter-nwt.17.4
NWT-080,American pika,survey_plot,Niwot plot NWT-080,40.046225,-105.586256,,,Boulder,Panel: OverSamp; GRTS occupancy survey plot,Niwot Ridge LTER pika occupancy plots (knb-lter-nwt.17),https://portal.edirepository.org/nis/mapbrowse?packageid=knb-lter-nwt.17.4
NWT-081,American pika,survey_plot,Niwot plot NWT-081,40.066749,-105.637442,,,Boulder,Panel: OverSamp; GRTS occupancy survey plot,Niwot Ridge LTER pika occupancy plots (knb-lter-nwt.17),https://portal.edirepository.org/nis/mapbrowse?packageid=knb-lter-nwt.17.4
NWT-082,American pika,survey_plot,Niwot plot NWT-082,40.055383,-105.626197,,,Boulder,Panel: EveryYr; GRTS occupancy survey plot,Niwot Ridge LTER pika occupancy plots (knb-lter-nwt.17),https://portal.edirepository.org/nis/mapbrowse?packageid=knb-lter-nwt.17.4
NWT-083,American pika,survey_plot,Niwot plot NWT-083,40.050206,-105.599866,,,Boulder,Panel: EvenYrs; GRTS occupancy survey plot,Niwot Ridge LTER pika occupancy plots (knb-lter-nwt.17),https://portal.edirepository.org/nis/mapbrowse?packageid=knb-lter-nwt.17.4
NWT-084,American pika,survey_plot,Niwot plot NWT-084,40.062172,-105.590883,,,Boulder,Panel: EvenYrs; GRTS occupancy survey plot,Niwot Ridge LTER pika occupancy plots (knb-lter-nwt.17),https://portal.edirepository.org/nis/mapbrowse?packageid=knb-lter-nwt.17.4
NWT-085,American pika,survey_plot,Niwot plot NWT-085,40.049156,-105.617922,,,Boulder,Panel: OddYrs; GRTS occupancy survey plot,Niwot Ridge LTER pika occupancy plots (knb-lter-nwt.17),https://portal.edirepository.org/nis/mapbrowse?packageid=knb-lter-nwt.17.4
NWT-086,American pika,survey_plot,Niwot plot NWT-086,40.046472,-105.635635,,,Boulder,Panel: OverSamp; GRTS occupancy survey plot,Niwot Ridge LTER pika occupancy plots (knb-lter-nwt.17),https://portal.edirepository.org/nis/mapbrowse?packageid=knb-lter-nwt.17.4
NWT-087,American pika,survey_plot,Niwot plot NWT-087,40.047713,-105.601098,,,Boulder,Panel: EvenYrs; GRTS occupancy survey plot,Niwot Ridge LTER pika occupancy plots (knb-lter-nwt.17),https://portal.edirepository.org/nis/mapbrowse?packageid=knb-lter-nwt.17.4
NWT-088,American pika,survey_plot,Niwot plot NWT-088,40.061622,-105.598101,,,Boulder,Panel: EvenYrs; GRTS occupancy survey plot,Niwot Ridge LTER pika occupancy plots (knb-lter-nwt.17),https://portal.edirepository.org/nis/mapbrowse?packageid=knb-lter-nwt.17.4
NWT-089,American pika,survey_plot,Niwot plot NWT-089,40.050042,-105.619595,,,Boulder,Panel: OverSamp; GRTS occupancy survey plot,Niwot Ridge LTER pika occupancy plots (knb-lter-nwt.17),https://portal.edirepository.org/nis/mapbrowse?packageid=knb-lter-nwt.17.4
NWT-090,American pika,survey_plot,Niwot plot NWT-090,40.066034,-105.604179,,,Boulder,Panel: OverSamp; GRTS occupancy survey plot,Niwot Ridge LTER pika occupancy plots (knb-lter-nwt.17),https://portal.edirepository.org/nis/mapbrowse?packageid=knb-lter-nwt.17.4
NWT-091,American pika,survey_plot,Niwot plot NWT-091,40.054765,-105.6136,,,Boulder,Panel: OddYrs; GRTS occupancy survey plot,Niwot Ridge LTER pika occupancy plots (knb-lter-nwt.17),https://portal.edirepository.org/nis/mapbrowse?packageid=knb-lter-nwt.17.4
NWT-092,American pika,survey_plot,Niwot plot NWT-092,40.067389,-105.583599,,,Boulder,Panel: OverSamp; GRTS occupancy survey plot,Niwot Ridge LTER pika occupancy plots (knb-lter-nwt.17),https://portal.edirepository.org/nis/mapbrowse?packageid=knb-lter-nwt.17.4
NWT-093,American pika,survey_plot,Niwot plot NWT-093,40.063656,-105.617655,,,Boulder,Panel: OverSamp; GRTS occupancy survey plot,Niwot Ridge LTER pika occupancy plots (knb-lter-nwt.17),https://portal.edirepository.org/nis/mapbrowse?packageid=knb-lter-nwt.17.4
NWT-094,American pika,survey_plot,Niwot plot NWT-094,40.063702,-105.610397,,,Boulder,Panel: OverSamp; GRTS occupancy survey plot,Niwot Ridge LTER pika occupancy plots (knb-lter-nwt.17),https://portal.edirepository.org/nis/mapbrowse?packageid=knb-lter-nwt.17.4
NWT-095,American pika,survey_plot,Niwot plot NWT-095,40.049702,-105.606731,,,Boulder,Panel: EvenYrs; GRTS occupancy survey plot,Niwot Ridge LTER pika occupancy plots (knb-lter-nwt.17),https://portal.edirepository.org/nis/mapbrowse?packageid=knb-lter-nwt.17.4
NWT-096,American pika,survey_plot,Niwot plot NWT-096,40.068667,-105.597542,,,Boulder,Panel: OverSamp; GRTS occupancy survey plot,Niwot Ridge LTER pika occupancy plots (knb-lter-nwt.17),https://portal.edirepository.org/nis/mapbrowse?packageid=knb-lter-nwt.17.4
NWT-097,American pika,survey_plot,Niwot plot NWT-097,40.051575,-105.628847,,,Boulder,Panel: EveryYr; GRTS occupancy survey plot,Niwot Ridge LTER pika occupancy plots (knb-lter-nwt.17),https://portal.edirepository.org/nis/mapbrowse?packageid=knb-lter-nwt.17.4
NWT-098,American pika,survey_plot,Niwot plot NWT-098,40.062126,-105.629718,,,Boulder,Panel: OverSamp; GRTS occupancy survey plot,Niwot Ridge LTER pika occupancy plots (knb-lter-nwt.17),https://portal.edirepository.org/nis/mapbrowse?packageid=knb-lter-nwt.17.4
NWT-099,American pika,survey_plot,Niwot plot NWT-099,40.054599,-105.595695,,,Boulder,Panel: OverSamp; GRTS occupancy survey plot,Niwot Ridge LTER pika occupancy plots (knb-lter-nwt.17),https://portal.edirepository.org/nis/mapbrowse?packageid=knb-lter-nwt.17.4
NWT-100,American pika,survey_plot,Niwot plot NWT-100,40.064266,-105.597198,,,Boulder,Panel: OddYrs; GRTS occupancy survey plot,Niwot Ridge LTER pika occupancy plots (knb-lter-nwt.17),https://portal.edirepository.org/nis/mapbrowse?packageid=knb-lter-nwt.17.4
NWT-101,American pika,survey_plot,Niwot plot NWT-101,40.045105,-105.623091,,,Boulder,Panel: OverSamp; GRTS occupancy survey plot,Niwot Ridge LTER pika occupancy plots (knb-lter-nwt.17),https://portal.edirepository.org/nis/mapbrowse?packageid=knb-lter-nwt.17.4
NWT-102,American pika,survey_plot,Niwot plot NWT-102,40.052435,-105.638094,,,Boulder,Panel: OddYrs; GRTS occupancy survey plot,Niwot Ridge LTER pika occupancy plots (knb-lter-nwt.17),https://portal.edirepository.org/nis/mapbrowse?packageid=knb-lter-nwt.17.4
NWT-103,American pika,survey_plot,Niwot plot NWT-103,40.053719,-105.594562,,,Boulder,Panel: OverSamp; GRTS occupancy survey plot,Niwot Ridge LTER pika occupancy plots (knb-lter-nwt.17),https://portal.edirepository.org/nis/mapbrowse?packageid=knb-lter-nwt.17.4
NWT-104,American pika,survey_plot,Niwot plot NWT-104,40.059135,-105.600694,,,Boulder,Panel: OverSamp; GRTS occupancy survey plot,Niwot Ridge LTER pika occupancy plots (knb-lter-nwt.17),https://portal.edirepository.org/nis/mapbrowse?packageid=knb-lter-nwt.17.4
NWT-105,American pika,survey_plot,Niwot plot NWT-105,40.048679,-105.629794,,,Boulder,Panel: OverSamp; GRTS occupancy survey plot,Niwot Ridge LTER pika occupancy plots (knb-lter-nwt.17),https://portal.edirepository.org/nis/mapbrowse?packageid=knb-lter-nwt.17.4
NWT-106,American pika,survey_plot,Niwot plot NWT-106,40.061967,-105.607778,,,Boulder,Panel: OverSamp; GRTS occupancy survey plot,Niwot Ridge LTER pika occupancy plots (knb-lter-nwt.17),https://portal.edirepository.org/nis/mapbrowse?packageid=knb-lter-nwt.17.4
NWT-107,American pika,survey_plot,Niwot plot NWT-107,40.050862,-105.613799,,,Boulder,Panel: OverSamp; GRTS occupancy survey plot,Niwot Ridge LTER pika occupancy plots (knb-lter-nwt.17),https://portal.edirepository.org/nis/mapbrowse?packageid=knb-lter-nwt.17.4
NWT-108,American pika,survey_plot,Niwot plot NWT-108,40.06554,-105.584287,,,Boulder,Panel: OverSamp; GRTS occupancy survey plot,Niwot Ridge LTER pika occupancy plots (knb-lter-nwt.17),https://portal.edirepository.org/nis/mapbrowse?packageid=knb-lter-nwt.17.4
NWT-109,American pika,survey_plot,Niwot plot NWT-109,40.065483,-105.622737,,,Boulder,Panel: EvenYrs; GRTS occupancy survey plot,Niwot Ridge LTER pika occupancy plots (knb-lter-nwt.17),https://portal.edirepository.org/nis/mapbrowse?packageid=knb-lter-nwt.17.4
NWT-110,American pika,survey_plot,Niwot plot NWT-110,40.06049,-105.604822,,,Boulder,Panel: OverSamp; GRTS occupancy survey plot,Niwot Ridge LTER pika occupancy plots (knb-lter-nwt.17),https://portal.edirepository.org/nis/mapbrowse?packageid=knb-lter-nwt.17.4
NWT-111,American pika,survey_plot,Niwot plot NWT-111,40.046324,-105.616959,,,Boulder,Panel: OverSamp; GRTS occupancy survey plot,Niwot Ridge LTER pika occupancy plots (knb-lter-nwt.17),https://portal.edirepository.org/nis/mapbrowse?packageid=knb-lter-nwt.17.4
NWT-112,American pika,survey_plot,Niwot plot NWT-112,40.068225,-105.608748,,,Boulder,Panel: OverSamp; GRTS occupancy survey plot,Niwot Ridge LTER pika occupancy plots (knb-lter-nwt.17),https://portal.edirepository.org/nis/mapbrowse?packageid=knb-lter-nwt.17.4
NWT-113,American pika,survey_plot,Niwot plot NWT-113,40.052296,-105.628725,,,Boulder,Panel: OverSamp; GRTS occupancy survey plot,Niwot Ridge LTER pika occupancy plots (knb-lter-nwt.17),https://portal.edirepository.org/nis/mapbrowse?packageid=knb-lter-nwt.17.4
NWT-114,American pika,survey_plot,Niwot plot NWT-114,40.066435,-105.627905,,,Boulder,Panel: OverSamp; GRTS occupancy survey plot,Niwot Ridge LTER pika occupancy plots (knb-lter-nwt.17),https://portal.edirepository.org/nis/mapbrowse?packageid=knb-lter-nwt.17.4
NWT-115,American pika,survey_plot,Niwot plot NWT-115,40.044953,-105.588331,,,Boulder,Panel: OverSamp; GRTS occupancy survey plot,Niwot Ridge LTER pika occupancy plots (knb-lter-nwt.17),https://portal.edirepository.org/nis/mapbrowse?packageid=knb-lter-nwt.17.4
NWT-116,American pika,survey_plot,Niwot plot NWT-116,40.063435,-105.595936,,,Boulder,Panel: EvenYrs; GRTS occupancy survey plot,Niwot Ridge LTER pika occupancy plots (knb-lter-nwt.17),https://portal.edirepository.org/nis/mapbrowse?packageid=knb-lter-nwt.17.4
NWT-117,American pika,survey_plot,Niwot plot NWT-117,40.054296,-105.623866,,,Boulder,Panel: EveryYr; GRTS occupancy survey plot,Niwot Ridge LTER pika occupancy plots (knb-lter-nwt.17),https://portal.edirepository.org/nis/mapbrowse?packageid=knb-lter-nwt.17.4
NWT-118,American pika,survey_plot,Niwot plot NWT-118,40.051339,-105.63575,,,Boulder,Panel: OverSamp; GRTS occupancy survey plot,Niwot Ridge LTER pika occupancy plots (knb-lter-nwt.17),https://portal.edirepository.org/nis/mapbrowse?packageid=knb-lter-nwt.17.4
NWT-119,American pika,survey_plot,Niwot plot NWT-119,40.047915,-105.609424,,,Boulder,Panel: OverSamp; GRTS occupancy survey plot,Niwot Ridge LTER pika occupancy plots (knb-lter-nwt.17),https://portal.edirepository.org/nis/mapbrowse?packageid=knb-lter-nwt.17.4
NWT-120,American pika,survey_plot,Niwot plot NWT-120,40.057909,-105.591433,,,Boulder,Panel: OverSamp; GRTS occupancy survey plot,Niwot Ridge LTER pika occupancy plots (knb-lter-nwt.17),https://portal.edirepository.org/nis/mapbrowse?packageid=knb-lter-nwt.17.4
NWT-121,American pika,survey_plot,Niwot plot NWT-121,40.061847,-105.636903,,,Boulder,Panel: EveryYr; GRTS occupancy survey plot,Niwot Ridge LTER pika occupancy plots (knb-lter-nwt.17),https://portal.edirepository.org/nis/mapbrowse?packageid=knb-lter-nwt.17.4
NWT-122,American pika,survey_plot,Niwot plot NWT-122,40.058771,-105.615195,,,Boulder,Panel: OverSamp; GRTS occupancy survey plot,Niwot Ridge LTER pika occupancy plots (knb-lter-nwt.17),https://portal.edirepository.org/nis/mapbrowse?packageid=knb-lter-nwt.17.4
NWT-123,American pika,survey_plot,Niwot plot NWT-123,40.054798,-105.609872,,,Boulder,Panel: OverSamp; GRTS occupancy survey plot,Niwot Ridge LTER pika occupancy plots (knb-lter-nwt.17),https://portal.edirepository.org/nis/mapbrowse?packageid=knb-lter-nwt.17.4
NWT-124,American pika,survey_plot,Niwot plot NWT-124,40.0495,-105.584947,,,Boulder,Panel: OverSamp; GRTS occupancy survey plot,Niwot Ridge LTER pika occupancy plots (knb-lter-nwt.17),https://portal.edirepository.org/nis/mapbrowse?packageid=knb-lter-nwt.17.4
NWT-125,American pika,survey_plot,Niwot plot NWT-125,40.058274,-105.62171,,,Boulder,Panel: OverSamp; GRTS occupancy survey plot,Niwot Ridge LTER pika occupancy plots (knb-lter-nwt.17),https://portal.edirepository.org/nis/mapbrowse?packageid=knb-lter-nwt.17.4
NWT-126,American pika,survey_plot,Niwot plot NWT-126,40.056632,-105.60922,,,Boulder,Panel: OverSamp; GRTS occupancy survey plot,Niwot Ridge LTER pika occupancy plots (knb-lter-nwt.17),https://portal.edirepository.org/nis/mapbrowse?packageid=knb-lter-nwt.17.4
NWT-127,American pika,survey_plot,Niwot plot NWT-127,40.065041,-105.590521,,,Boulder,Panel: OverSamp; GRTS occupancy survey plot,Niwot Ridge LTER pika occupancy plots (knb-lter-nwt.17),https://portal.edirepository.org/nis/mapbrowse?packageid=knb-lter-nwt.17.4
NWT-128,American pika,survey_plot,Niwot plot NWT-128,40.067468,-105.610325,,,Boulder,Panel: OverSamp; GRTS occupancy survey plot,Niwot Ridge LTER pika occupancy plots (knb-lter-nwt.17),https://portal.edirepository.org/nis/mapbrowse?packageid=knb-lter-nwt.17.4
NWT-129,American pika,survey_plot,Niwot plot NWT-129,40.068476,-105.632005,,,Boulder,Panel: OverSamp; GRTS occupancy survey plot,Niwot Ridge LTER pika occupancy plots (knb-lter-nwt.17),https://portal.edirepository.org/nis/mapbrowse?packageid=knb-lter-nwt.17.4
NWT-130,American pika,survey_plot,Niwot plot NWT-130,40.056333,-105.619089,,,Boulder,Panel: OverSamp; GRTS occupancy survey plot,Niwot Ridge LTER pika occupancy plots (knb-lter-nwt.17),https://portal.edirepository.org/nis/mapbrowse?packageid=knb-lter-nwt.17.4
NWT-131,American pika,survey_plot,Niwot plot NWT-131,40.055048,-105.601491,,,Boulder,Panel: OverSamp; GRTS occupancy survey plot,Niwot Ridge LTER pika occupancy plots (knb-lter-nwt.17),https://portal.edirepository.org/nis/mapbrowse?packageid=knb-lter-nwt.17.4
NWT-132,American pika,survey_plot,Niwot plot NWT-132,40.063193,-105.588805,,,Boulder,Panel: OverSamp; GRTS occupancy survey plot,Niwot Ridge LTER pika occupancy plots (knb-lter-nwt.17),https://portal.edirepository.org/nis/mapbrowse?packageid=knb-lter-nwt.17.4
NWT-133,American pika,survey_plot,Niwot plot NWT-133,40.054303,-105.626164,,,Boulder,Panel: OverSamp; GRTS occupancy survey plot,Niwot Ridge LTER pika occupancy plots (knb-lter-nwt.17),https://portal.edirepository.org/nis/mapbrowse?packageid=knb-lter-nwt.17.4
NWT-134,American pika,survey_plot,Niwot plot NWT-134,40.046133,-105.632724,,,Boulder,Panel: OverSamp; GRTS occupancy survey plot,Niwot Ridge LTER pika occupancy plots (knb-lter-nwt.17),https://portal.edirepository.org/nis/mapbrowse?packageid=knb-lter-nwt.17.4
NWT-135,American pika,survey_plot,Niwot plot NWT-135,40.043987,-105.597267,,,Boulder,Panel: OverSamp; GRTS occupancy survey plot,Niwot Ridge LTER pika occupancy plots (knb-lter-nwt.17),https://portal.edirepository.org/nis/mapbrowse?packageid=knb-lter-nwt.17.4
NWT-136,American pika,survey_plot,Niwot plot NWT-136,40.065124,-105.600313,,,Boulder,Panel: OverSamp; GRTS occupancy survey plot,Niwot Ridge LTER pika occupancy plots (knb-lter-nwt.17),https://portal.edirepository.org/nis/mapbrowse?packageid=knb-lter-nwt.17.4
NWT-137,American pika,survey_plot,Niwot plot NWT-137,40.053487,-105.620998,,,Boulder,Panel: OverSamp; GRTS occupancy survey plot,Niwot Ridge LTER pika occupancy plots (knb-lter-nwt.17),https://portal.edirepository.org/nis/mapbrowse?packageid=knb-lter-nwt.17.4
NWT-138,American pika,survey_plot,Niwot plot NWT-138,40.064942,-105.608672,,,Boulder,Panel: OverSamp; GRTS occupancy survey plot,Niwot Ridge LTER pika occupancy plots (knb-lter-nwt.17),https://portal.edirepository.org/nis/mapbrowse?packageid=knb-lter-nwt.17.4
NWT-139,American pika,survey_plot,Niwot plot NWT-139,40.050097,-105.613019,,,Boulder,Panel: OverSamp; GRTS occupancy survey plot,Niwot Ridge LTER pika occupancy plots (knb-lter-nwt.17),https://portal.edirepository.org/nis/mapbrowse?packageid=knb-lter-nwt.17.4
NWT-140,American pika,survey_plot,Niwot plot NWT-140,40.059621,-105.591131,,,Boulder,Panel: EveryYr; GRTS occupancy survey plot,Niwot Ridge LTER pika occupancy plots (knb-lter-nwt.17),https://portal.edirepository.org/nis/mapbrowse?packageid=knb-lter-nwt.17.4
NWT-141,American pika,survey_plot,Niwot plot NWT-141,40.059981,-105.637812,,,Boulder,Panel: OverSamp; GRTS occupancy survey plot,Niwot Ridge LTER pika occupancy plots (knb-lter-nwt.17),https://portal.edirepository.org/nis/mapbrowse?packageid=knb-lter-nwt.17.4
NWT-142,American pika,survey_plot,Niwot plot NWT-142,40.055091,-105.616757,,,Boulder,Panel: OverSamp; GRTS occupancy survey plot,Niwot Ridge LTER pika occupancy plots (knb-lter-nwt.17),https://portal.edirepository.org/nis/mapbrowse?packageid=knb-lter-nwt.17.4
NWT-143,American pika,survey_plot,Niwot plot NWT-143,40.052114,-105.604115,,,Boulder,Panel: OverSamp; GRTS occupancy survey plot,Niwot Ridge LTER pika occupancy plots (knb-lter-nwt.17),https://portal.edirepository.org/nis/mapbrowse?packageid=knb-lter-nwt.17.4
NWT-144,American pika,survey_plot,Niwot plot NWT-144,40.044403,-105.585912,,,Boulder,Panel: OddYrs; GRTS occupancy survey plot,Niwot Ridge LTER pika occupancy plots (knb-lter-nwt.17),https://portal.edirepository.org/nis/mapbrowse?packageid=knb-lter-nwt.17.4
NWT-145,American pika,survey_plot,Niwot plot NWT-145,40.06978,-105.636954,,,Boulder,Panel: OverSamp; GRTS occupancy survey plot,Niwot Ridge LTER pika occupancy plots (knb-lter-nwt.17),https://portal.edirepository.org/nis/mapbrowse?packageid=knb-lter-nwt.17.4
NWT-146,American pika,survey_plot,Niwot plot NWT-146,40.055882,-105.627832,,,Boulder,Panel: OverSamp; GRTS occupancy survey plot,Niwot Ridge LTER pika occupancy plots (knb-lter-nwt.17),https://portal.edirepository.org/nis/mapbrowse?packageid=knb-lter-nwt.17.4
NWT-147,American pika,survey_plot,Niwot plot NWT-147,40.052195,-105.595147,,,Boulder,Panel: OverSamp; GRTS occupancy survey plot,Niwot Ridge LTER pika occupancy plots (knb-lter-nwt.17),https://portal.edirepository.org/nis/mapbrowse?packageid=knb-lter-nwt.17.4
NWT-148,American pika,survey_plot,Niwot plot NWT-148,40.063696,-105.594004,,,Boulder,Panel: OverSamp; GRTS occupancy survey plot,Niwot Ridge LTER pika occupancy plots (knb-lter-nwt.17),https://portal.edirepository.org/nis/mapbrowse?packageid=knb-lter-nwt.17.4
NWT-149,American pika,survey_plot,Niwot plot NWT-149,40.048437,-105.623555,,,Boulder,Panel: OverSamp; GRTS occupancy survey plot,Niwot Ridge LTER pika occupancy plots (knb-lter-nwt.17),https://portal.edirepository.org/nis/mapbrowse?packageid=knb-lter-nwt.17.4
NWT-150,American pika,survey_plot,Niwot plot NWT-150,40.051471,-105.63703,,,Boulder,Panel: OverSamp; GRTS occupancy survey plot,Niwot Ridge LTER pika occupancy plots (knb-lter-nwt.17),https://portal.edirepository.org/nis/mapbrowse?packageid=knb-lter-nwt.17.4
NWT-151,American pika,survey_plot,Niwot plot NWT-151,40.047304,-105.600133,,,Boulder,Panel: OddYrs; GRTS occupancy survey plot,Niwot Ridge LTER pika occupancy plots (knb-lter-nwt.17),https://portal.edirepository.org/nis/mapbrowse?packageid=knb-lter-nwt.17.4
NWT-152,American pika,survey_plot,Niwot plot NWT-152,40.059227,-105.598292,,,Boulder,Panel: OverSamp; GRTS occupancy survey plot,Niwot Ridge LTER pika occupancy plots (knb-lter-nwt.17),https://portal.edirepository.org/nis/mapbrowse?packageid=knb-lter-nwt.17.4
NWT-153,American pika,survey_plot,Niwot plot NWT-153,40.046029,-105.62746,,,Boulder,Panel: OverSamp; GRTS occupancy survey plot,Niwot Ridge LTER pika occupancy plots (knb-lter-nwt.17),https://portal.edirepository.org/nis/mapbrowse?packageid=knb-lter-nwt.17.4
NWT-154,American pika,survey_plot,Niwot plot NWT-154,40.064603,-105.605433,,,Boulder,Panel: OverSamp; GRTS occupancy survey plot,Niwot Ridge LTER pika occupancy plots (knb-lter-nwt.17),https://portal.edirepository.org/nis/mapbrowse?packageid=knb-lter-nwt.17.4
NWT-155,American pika,survey_plot,Niwot plot NWT-155,40.053421,-105.616894,,,Boulder,Panel: OverSamp; GRTS occupancy survey plot,Niwot Ridge LTER pika occupancy plots (knb-lter-nwt.17),https://portal.edirepository.org/nis/mapbrowse?packageid=knb-lter-nwt.17.4
NWT-156,American pika,survey_plot,Niwot plot NWT-156,40.06002,-105.585987,,,Boulder,Panel: OverSamp; GRTS occupancy survey plot,Niwot Ridge LTER pika occupancy plots (knb-lter-nwt.17),https://portal.edirepository.org/nis/mapbrowse?packageid=knb-lter-nwt.17.4
NWT-157,American pika,survey_plot,Niwot plot NWT-157,40.06481,-105.618462,,,Boulder,Panel: OverSamp; GRTS occupancy survey plot,Niwot Ridge LTER pika occupancy plots (knb-lter-nwt.17),https://portal.edirepository.org/nis/mapbrowse?packageid=knb-lter-nwt.17.4
NWT-158,American pika,survey_plot,Niwot plot NWT-158,40.066201,-105.614664,,,Boulder,Panel: OverSamp; GRTS occupancy survey plot,Niwot Ridge LTER pika occupancy plots (knb-lter-nwt.17),https://portal.edirepository.org/nis/mapbrowse?packageid=knb-lter-nwt.17.4
NWT-159,American pika,survey_plot,Niwot plot NWT-159,40.05076,-105.609601,,,Boulder,Panel: OverSamp; GRTS occupancy survey plot,Niwot Ridge LTER pika occupancy plots (knb-lter-nwt.17),https://portal.edirepository.org/nis/mapbrowse?packageid=knb-lter-nwt.17.4
NWT-160,American pika,survey_plot,Niwot plot NWT-160,40.069293,-105.59485,,,Boulder,Panel: OverSamp; GRTS occupancy survey plot,Niwot Ridge LTER pika occupancy plots (knb-lter-nwt.17),https://portal.edirepository.org/nis/mapbrowse?packageid=knb-lter-nwt.17.4
NWT-161,American pika,survey_plot,Niwot plot NWT-161,40.050954,-105.631913,,,Boulder,Panel: OverSamp; GRTS occupancy survey plot,Niwot Ridge LTER pika occupancy plots (knb-lter-nwt.17),https://portal.edirepository.org/nis/mapbrowse?packageid=knb-lter-nwt.17.4
NWT-162,American pika,survey_plot,Niwot plot NWT-162,40.061767,-105.631298,,,Boulder,Panel: OverSamp; GRTS occupancy survey plot,Niwot Ridge LTER pika occupancy plots (knb-lter-nwt.17),https://portal.edirepository.org/nis/mapbrowse?packageid=knb-lter-nwt.17.4
NWT-163,American pika,survey_plot,Niwot plot NWT-163,40.054477,-105.59655,,,Boulder,Panel: OverSamp; GRTS occupancy survey plot,Niwot Ridge LTER pika occupancy plots (knb-lter-nwt.17),https://portal.edirepository.org/nis/mapbrowse?packageid=knb-lter-nwt.17.4
NWT-164,American pika,survey_plot,Niwot plot NWT-164,40.061881,-105.597682,,,Boulder,Panel: OverSamp; GRTS occupancy survey plot,Niwot Ridge LTER pika occupancy plots (knb-lter-nwt.17),https://portal.edirepository.org/nis/mapbrowse?packageid=knb-lter-nwt.17.4
NWT-165,American pika,survey_plot,Niwot plot NWT-165,40.045993,-105.618761,,,Boulder,Panel: OverSamp; GRTS occupancy survey plot,Niwot Ridge LTER pika occupancy plots (knb-lter-nwt.17),https://portal.edirepository.org/nis/mapbrowse?packageid=knb-lter-nwt.17.4
NWT-166,American pika,survey_plot,Niwot plot NWT-166,40.049778,-105.634329,,,Boulder,Panel: OverSamp; GRTS occupancy survey plot,Niwot Ridge LTER pika occupancy plots (knb-lter-nwt.17),https://portal.edirepository.org/nis/mapbrowse?packageid=knb-lter-nwt.17.4
NWT-167,American pika,survey_plot,Niwot plot NWT-167,40.051649,-105.594239,,,Boulder,Panel: OverSamp; GRTS occupancy survey plot,Niwot Ridge LTER pika occupancy plots (knb-lter-nwt.17),https://portal.edirepository.org/nis/mapbrowse?packageid=knb-lter-nwt.17.4
NWT-168,American pika,survey_plot,Niwot plot NWT-168,40.059073,-105.598701,,,Boulder,Panel: OverSamp; GRTS occupancy survey plot,Niwot Ridge LTER pika occupancy plots (knb-lter-nwt.17),https://portal.edirepository.org/nis/mapbrowse?packageid=knb-lter-nwt.17.4
NWT-169,American pika,survey_plot,Niwot plot NWT-169,40.045571,-105.630973,,,Boulder,Panel: OverSamp; GRTS occupancy survey plot,Niwot Ridge LTER pika occupancy plots (knb-lter-nwt.17),https://portal.edirepository.org/nis/mapbrowse?packageid=knb-lter-nwt.17.4
NWT-170,American pika,survey_plot,Niwot plot NWT-170,40.060144,-105.612194,,,Boulder,Panel: OverSamp; GRTS occupancy survey plot,Niwot Ridge LTER pika occupancy plots (knb-lter-nwt.17),https://portal.edirepository.org/nis/mapbrowse?packageid=knb-lter-nwt.17.4
NWT-171,American pika,survey_plot,Niwot plot NWT-171,40.053139,-105.609986,,,Boulder,Panel: OverSamp; GRTS occupancy survey plot,Niwot Ridge LTER pika occupancy plots (knb-lter-nwt.17),https://portal.edirepository.org/nis/mapbrowse?packageid=knb-lter-nwt.17.4
NWT-172,American pika,survey_plot,Niwot plot NWT-172,40.062601,-105.583652,,,Boulder,Panel: OverSamp; GRTS occupancy survey plot,Niwot Ridge LTER pika occupancy plots (knb-lter-nwt.17),https://portal.edirepository.org/nis/mapbrowse?packageid=knb-lter-nwt.17.4
NWT-173,American pika,survey_plot,Niwot plot NWT-173,40.065969,-105.621791,,,Boulder,Panel: OverSamp; GRTS occupancy survey plot,Niwot Ridge LTER pika occupancy plots (knb-lter-nwt.17),https://portal.edirepository.org/nis/mapbrowse?packageid=knb-lter-nwt.17.4
NWT-174,American pika,survey_plot,Niwot plot NWT-174,40.059816,-105.604042,,,Boulder,Panel: OverSamp; GRTS occupancy survey plot,Niwot Ridge LTER pika occupancy plots (knb-lter-nwt.17),https://portal.edirepository.org/nis/mapbrowse?packageid=knb-lter-nwt.17.4
NWT-175,American pika,survey_plot,Niwot plot NWT-175,40.044201,-105.610774,,,Boulder,Panel: OverSamp; GRTS occupancy survey plot,Niwot Ridge LTER pika occupancy plots (knb-lter-nwt.17),https://portal.edirepository.org/nis/mapbrowse?packageid=knb-lter-nwt.17.4
NWT-176,American pika,survey_plot,Niwot plot NWT-176,40.067399,-105.606536,,,Boulder,Panel: OverSamp; GRTS occupancy survey plot,Niwot Ridge LTER pika occupancy plots (knb-lter-nwt.17),https://portal.edirepository.org/nis/mapbrowse?packageid=knb-lter-nwt.17.4
NWT-177,American pika,survey_plot,Niwot plot NWT-177,40.053348,-105.626613,,,Boulder,Panel: OverSamp; GRTS occupancy survey plot,Niwot Ridge LTER pika occupancy plots (knb-lter-nwt.17),https://portal.edirepository.org/nis/mapbrowse?packageid=knb-lter-nwt.17.4
NWT-178,American pika,survey_plot,Niwot plot NWT-178,40.063843,-105.626803,,,Boulder,Panel: OverSamp; GRTS occupancy survey plot,Niwot Ridge LTER pika occupancy plots (knb-lter-nwt.17),https://portal.edirepository.org/nis/mapbrowse?packageid=knb-lter-nwt.17.4
NWT-179,American pika,survey_plot,Niwot plot NWT-179,40.044863,-105.590769,,,Boulder,Panel: OverSamp; GRTS occupancy survey plot,Niwot Ridge LTER pika occupancy plots (knb-lter-nwt.17),https://portal.edirepository.org/nis/mapbrowse?packageid=knb-lter-nwt.17.4
NWT-180,American pika,survey_plot,Niwot plot NWT-180,40.062798,-105.596189,,,Boulder,Panel: OverSamp; GRTS occupancy survey plot,Niwot Ridge LTER pika occupancy plots (knb-lter-nwt.17),https://portal.edirepository.org/nis/mapbrowse?packageid=knb-lter-nwt.17.4
NWT-181,American pika,survey_plot,Niwot plot NWT-181,40.052994,-105.621674,,,Boulder,Panel: OverSamp; GRTS occupancy survey plot,Niwot Ridge LTER pika occupancy plots (knb-lter-nwt.17),https://portal.edirepository.org/nis/mapbrowse?packageid=knb-lter-nwt.17.4
NWT-182,American pika,survey_plot,Niwot plot NWT-182,40.053097,-105.633797,,,Boulder,Panel: OverSamp; GRTS occupancy survey plot,Niwot Ridge LTER pika occupancy plots (knb-lter-nwt.17),https://portal.edirepository.org/nis/mapbrowse?packageid=knb-lter-nwt.17.4
NWT-183,American pika,survey_plot,Niwot plot NWT-183,40.04518,-105.60478,,,Boulder,Panel: OverSamp; GRTS occupancy survey plot,Niwot Ridge LTER pika occupancy plots (knb-lter-nwt.17),https://portal.edirepository.org/nis/mapbrowse?packageid=knb-lter-nwt.17.4
NWT-184,American pika,survey_plot,Niwot plot NWT-184,40.060397,-105.58823,,,Boulder,Panel: OverSamp; GRTS occupancy survey plot,Niwot Ridge LTER pika occupancy plots (knb-lter-nwt.17),https://portal.edirepository.org/nis/mapbrowse?packageid=knb-lter-nwt.17.4
NWT-185,American pika,survey_plot,Niwot plot NWT-185,40.06384,-105.638716,,,Boulder,Panel: OverSamp; GRTS occupancy survey plot,Niwot Ridge LTER pika occupancy plots (knb-lter-nwt.17),https://portal.edirepository.org/nis/mapbrowse?packageid=knb-lter-nwt.17.4
NWT-186,American pika,survey_plot,Niwot plot NWT-186,40.055503,-105.610441,,,Boulder,Panel: EvenYrs; GRTS occupancy survey plot,Niwot Ridge LTER pika occupancy plots (knb-lter-nwt.17),https://portal.edirepository.org/nis/mapbrowse?packageid=knb-lter-nwt.17.4
NWT-187,American pika,survey_plot,Niwot plot NWT-187,40.054913,-105.602404,,,Boulder,Panel: OverSamp; GRTS occupancy survey plot,Niwot Ridge LTER pika occupancy plots (knb-lter-nwt.17),https://portal.edirepository.org/nis/mapbrowse?packageid=knb-lter-nwt.17.4
NWT-188,American pika,survey_plot,Niwot plot NWT-188,40.049774,-105.585231,,,Boulder,Panel: OverSamp; GRTS occupancy survey plot,Niwot Ridge LTER pika occupancy plots (knb-lter-nwt.17),https://portal.edirepository.org/nis/mapbrowse?packageid=knb-lter-nwt.17.4
NWT-189,American pika,survey_plot,Niwot plot NWT-189,40.058621,-105.620834,,,Boulder,Panel: OverSamp; GRTS occupancy survey plot,Niwot Ridge LTER pika occupancy plots (knb-lter-nwt.17),https://portal.edirepository.org/nis/mapbrowse?packageid=knb-lter-nwt.17.4
NWT-190,American pika,survey_plot,Niwot plot NWT-190,40.059691,-105.607723,,,Boulder,Panel: OverSamp; GRTS occupancy survey plot,Niwot Ridge LTER pika occupancy plots (knb-lter-nwt.17),https://portal.edirepository.org/nis/mapbrowse?packageid=knb-lter-nwt.17.4
NWT-191,American pika,survey_plot,Niwot plot NWT-191,40.065629,-105.588134,,,Boulder,Panel: OverSamp; GRTS occupancy survey plot,Niwot Ridge LTER pika occupancy plots (knb-lter-nwt.17),https://portal.edirepository.org/nis/mapbrowse?packageid=knb-lter-nwt.17.4
NWT-192,American pika,survey_plot,Niwot plot NWT-192,40.066752,-105.614106,,,Boulder,Panel: OverSamp; GRTS occupancy survey plot,Niwot Ridge LTER pika occupancy plots (knb-lter-nwt.17),https://portal.edirepository.org/nis/mapbrowse?packageid=knb-lter-nwt.17.4
NWT-193,American pika,survey_plot,Niwot plot NWT-193,40.068346,-105.629002,,,Boulder,Panel: OverSamp; GRTS occupancy survey plot,Niwot Ridge LTER pika occupancy plots (knb-lter-nwt.17),https://portal.edirepository.org/nis/mapbrowse?packageid=knb-lter-nwt.17.4
NWT-194,American pika,survey_plot,Niwot plot NWT-194,40.060283,-105.632128,,,Boulder,Panel: OverSamp; GRTS occupancy survey plot,Niwot Ridge LTER pika occupancy plots (knb-lter-nwt.17),https://portal.edirepository.org/nis/mapbrowse?packageid=knb-lter-nwt.17.4
NWT-195,American pika,survey_plot,Niwot plot NWT-195,40.052954,-105.599878,,,Boulder,Panel: EvenYrs; GRTS occupancy survey plot,Niwot Ridge LTER pika occupancy plots (knb-lter-nwt.17),https://portal.edirepository.org/nis/mapbrowse?packageid=knb-lter-nwt.17.4
NWT-196,American pika,survey_plot,Niwot plot NWT-196,40.062952,-105.590327,,,Boulder,Panel: OverSamp; GRTS occupancy survey plot,Niwot Ridge LTER pika occupancy plots (knb-lter-nwt.17),https://portal.edirepository.org/nis/mapbrowse?packageid=knb-lter-nwt.17.4
NWT-197,American pika,survey_plot,Niwot plot NWT-197,40.05307,-105.627431,,,Boulder,Panel: OverSamp; GRTS occupancy survey plot,Niwot Ridge LTER pika occupancy plots (knb-lter-nwt.17),https://portal.edirepository.org/nis/mapbrowse?packageid=knb-lter-nwt.17.4
NWT-198,American pika,survey_plot,Niwot plot NWT-198,40.044789,-105.635361,,,Boulder,Panel: OverSamp; GRTS occupancy survey plot,Niwot Ridge LTER pika occupancy plots (knb-lter-nwt.17),https://portal.edirepository.org/nis/mapbrowse?packageid=knb-lter-nwt.17.4
NWT-199,American pika,survey_plot,Niwot plot NWT-199,40.047167,-105.599734,,,Boulder,Panel: OverSamp; GRTS occupancy survey plot,Niwot Ridge LTER pika occupancy plots (knb-lter-nwt.17),https://portal.edirepository.org/nis/mapbrowse?packageid=knb-lter-nwt.17.4
NWT-200,American pika,survey_plot,Niwot plot NWT-200,40.065248,-105.599318,,,Boulder,Panel: OverSamp; GRTS occupancy survey plot,Niwot Ridge LTER pika occupancy plots (knb-lter-nwt.17),https://portal.edirepository.org/nis/mapbrowse?packageid=knb-lter-nwt.17.4
NWT-201,American pika,survey_plot,Niwot plot NWT-201,40.055068,-105.618609,,,Boulder,Panel: OverSamp; GRTS occupancy survey plot,Niwot Ridge LTER pika occupancy plots (knb-lter-nwt.17),https://portal.edirepository.org/nis/mapbrowse?packageid=knb-lter-nwt.17.4
NWT-202,American pika,survey_plot,Niwot plot NWT-202,40.061825,-105.605584,,,Boulder,Panel: OverSamp; GRTS occupancy survey plot,Niwot Ridge LTER pika occupancy plots (knb-lter-nwt.17),https://portal.edirepository.org/nis/mapbrowse?packageid=knb-lter-nwt.17.4
NWT-203,American pika,survey_plot,Niwot plot NWT-203,40.051487,-105.610276,,,Boulder,Panel: OverSamp; GRTS occupancy survey plot,Niwot Ridge LTER pika occupancy plots (knb-lter-nwt.17),https://portal.edirepository.org/nis/mapbrowse?packageid=knb-lter-nwt.17.4
NWT-204,American pika,survey_plot,Niwot plot NWT-204,40.067862,-105.587121,,,Boulder,Panel: OverSamp; GRTS occupancy survey plot,Niwot Ridge LTER pika occupancy plots (knb-lter-nwt.17),https://portal.edirepository.org/nis/mapbrowse?packageid=knb-lter-nwt.17.4
NWT-205,American pika,survey_plot,Niwot plot NWT-205,40.055696,-105.638945,,,Boulder,Panel: OverSamp; GRTS occupancy survey plot,Niwot Ridge LTER pika occupancy plots (knb-lter-nwt.17),https://portal.edirepository.org/nis/mapbrowse?packageid=knb-lter-nwt.17.4
NWT-206,American pika,survey_plot,Niwot plot NWT-206,40.056731,-105.615306,,,Boulder,Panel: OverSamp; GRTS occupancy survey plot,Niwot Ridge LTER pika occupancy plots (knb-lter-nwt.17),https://portal.edirepository.org/nis/mapbrowse?packageid=knb-lter-nwt.17.4
NWT-207,American pika,survey_plot,Niwot plot NWT-207,40.051252,-105.60392,,,Boulder,Panel: OverSamp; GRTS occupancy survey plot,Niwot Ridge LTER pika occupancy plots (knb-lter-nwt.17),https://portal.edirepository.org/nis/mapbrowse?packageid=knb-lter-nwt.17.4
NWT-208,American pika,survey_plot,Niwot plot NWT-208,40.068501,-105.589929,,,Boulder,Panel: OverSamp; GRTS occupancy survey plot,Niwot Ridge LTER pika occupancy plots (knb-lter-nwt.17),https://portal.edirepository.org/nis/mapbrowse?packageid=knb-lter-nwt.17.4
NWT-209,American pika,survey_plot,Niwot plot NWT-209,40.067053,-105.634677,,,Boulder,Panel: OverSamp; GRTS occupancy survey plot,Niwot Ridge LTER pika occupancy plots (knb-lter-nwt.17),https://portal.edirepository.org/nis/mapbrowse?packageid=knb-lter-nwt.17.4
NWT-210,American pika,survey_plot,Niwot plot NWT-210,40.062516,-105.630543,,,Boulder,Panel: OverSamp; GRTS occupancy survey plot,Niwot Ridge LTER pika occupancy plots (knb-lter-nwt.17),https://portal.edirepository.org/nis/mapbrowse?packageid=knb-lter-nwt.17.4
NWT-211,American pika,survey_plot,Niwot plot NWT-211,40.052133,-105.597561,,,Boulder,Panel: OverSamp; GRTS occupancy survey plot,Niwot Ridge LTER pika occupancy plots (knb-lter-nwt.17),https://portal.edirepository.org/nis/mapbrowse?packageid=knb-lter-nwt.17.4
NWT-212,American pika,survey_plot,Niwot plot NWT-212,40.063815,-105.592985,,,Boulder,Panel: OverSamp; GRTS occupancy survey plot,Niwot Ridge LTER pika occupancy plots (knb-lter-nwt.17),https://portal.edirepository.org/nis/mapbrowse?packageid=knb-lter-nwt.17.4
NWT-213,American pika,survey_plot,Niwot plot NWT-213,40.043865,-105.622634,,,Boulder,Panel: OverSamp; GRTS occupancy survey plot,Niwot Ridge LTER pika occupancy plots (knb-lter-nwt.17),https://portal.edirepository.org/nis/mapbrowse?packageid=knb-lter-nwt.17.4
NWT-214,American pika,survey_plot,Niwot plot NWT-214,40.050703,-105.636225,,,Boulder,Panel: OverSamp; GRTS occupancy survey plot,Niwot Ridge LTER pika occupancy plots (knb-lter-nwt.17),https://portal.edirepository.org/nis/mapbrowse?packageid=knb-lter-nwt.17.4
NWT-215,American pika,survey_plot,Niwot plot NWT-215,40.045292,-105.599178,,,Boulder,Panel: OverSamp; GRTS occupancy survey plot,Niwot Ridge LTER pika occupancy plots (knb-lter-nwt.17),https://portal.edirepository.org/nis/mapbrowse?packageid=knb-lter-nwt.17.4
NWT-216,American pika,survey_plot,Niwot plot NWT-216,40.06015,-105.599636,,,Boulder,Panel: OverSamp; GRTS occupancy survey plot,Niwot Ridge LTER pika occupancy plots (knb-lter-nwt.17),https://portal.edirepository.org/nis/mapbrowse?packageid=knb-lter-nwt.17.4
NWT-217,American pika,survey_plot,Niwot plot NWT-217,40.048271,-105.627469,,,Boulder,Panel: OverSamp; GRTS occupancy survey plot,Niwot Ridge LTER pika occupancy plots (knb-lter-nwt.17),https://portal.edirepository.org/nis/mapbrowse?packageid=knb-lter-nwt.17.4
NWT-218,American pika,survey_plot,Niwot plot NWT-218,40.064969,-105.604076,,,Boulder,Panel: OverSamp; GRTS occupancy survey plot,Niwot Ridge LTER pika occupancy plots (knb-lter-nwt.17),https://portal.edirepository.org/nis/mapbrowse?packageid=knb-lter-nwt.17.4
NWT-219,American pika,survey_plot,Niwot plot NWT-219,40.054564,-105.616693,,,Boulder,Panel: OverSamp; GRTS occupancy survey plot,Niwot Ridge LTER pika occupancy plots (knb-lter-nwt.17),https://portal.edirepository.org/nis/mapbrowse?packageid=knb-lter-nwt.17.4
NWT-220,American pika,survey_plot,Niwot plot NWT-220,40.056611,-105.584715,,,Boulder,Panel: OverSamp; GRTS occupancy survey plot,Niwot Ridge LTER pika occupancy plots (knb-lter-nwt.17),https://portal.edirepository.org/nis/mapbrowse?packageid=knb-lter-nwt.17.4
NWT-221,American pika,survey_plot,Niwot plot NWT-221,40.065242,-105.619967,,,Boulder,Panel: OverSamp; GRTS occupancy survey plot,Niwot Ridge LTER pika occupancy plots (knb-lter-nwt.17),https://portal.edirepository.org/nis/mapbrowse?packageid=knb-lter-nwt.17.4
NWT-222,American pika,survey_plot,Niwot plot NWT-222,40.062744,-105.613859,,,Boulder,Panel: OverSamp; GRTS occupancy survey plot,Niwot Ridge LTER pika occupancy plots (knb-lter-nwt.17),https://portal.edirepository.org/nis/mapbrowse?packageid=knb-lter-nwt.17.4
NWT-223,American pika,survey_plot,Niwot plot NWT-223,40.048399,-105.611632,,,Boulder,Panel: OverSamp; GRTS occupancy survey plot,Niwot Ridge LTER pika occupancy plots (knb-lter-nwt.17),https://portal.edirepository.org/nis/mapbrowse?packageid=knb-lter-nwt.17.4
NWT-224,American pika,survey_plot,Niwot plot NWT-224,40.068545,-105.601915,,,Boulder,Panel: OverSamp; GRTS occupancy survey plot,Niwot Ridge LTER pika occupancy plots (knb-lter-nwt.17),https://portal.edirepository.org/nis/mapbrowse?packageid=knb-lter-nwt.17.4
NWT-225,American pika,survey_plot,Niwot plot NWT-225,40.050425,-105.626445,,,Boulder,Panel: OverSamp; GRTS occupancy survey plot,Niwot Ridge LTER pika occupancy plots (knb-lter-nwt.17),https://portal.edirepository.org/nis/mapbrowse?packageid=knb-lter-nwt.17.4
NWT-226,American pika,survey_plot,Niwot plot NWT-226,40.063942,-105.630052,,,Boulder,Panel: OverSamp; GRTS occupancy survey plot,Niwot Ridge LTER pika occupancy plots (knb-lter-nwt.17),https://portal.edirepository.org/nis/mapbrowse?packageid=knb-lter-nwt.17.4
NWT-227,American pika,survey_plot,Niwot plot NWT-227,40.047641,-105.592563,,,Boulder,Panel: OverSamp; GRTS occupancy survey plot,Niwot Ridge LTER pika occupancy plots (knb-lter-nwt.17),https://portal.edirepository.org/nis/mapbrowse?packageid=knb-lter-nwt.17.4
NWT-228,American pika,survey_plot,Niwot plot NWT-228,40.061544,-105.598382,,,Boulder,Panel: OverSamp; GRTS occupancy survey plot,Niwot Ridge LTER pika occupancy plots (knb-lter-nwt.17),https://portal.edirepository.org/nis/mapbrowse?packageid=knb-lter-nwt.17.4
NWT-229,American pika,survey_plot,Niwot plot NWT-229,40.044619,-105.617776,,,Boulder,Panel: OverSamp; GRTS occupancy survey plot,Niwot Ridge LTER pika occupancy plots (knb-lter-nwt.17),https://portal.edirepository.org/nis/mapbrowse?packageid=knb-lter-nwt.17.4
NWT-230,American pika,survey_plot,Niwot plot NWT-230,40.050137,-105.634274,,,Boulder,Panel: OverSamp; GRTS occupancy survey plot,Niwot Ridge LTER pika occupancy plots (knb-lter-nwt.17),https://portal.edirepository.org/nis/mapbrowse?packageid=knb-lter-nwt.17.4
NWT-231,American pika,survey_plot,Niwot plot NWT-231,40.050869,-105.592087,,,Boulder,Panel: OverSamp; GRTS occupancy survey plot,Niwot Ridge LTER pika occupancy plots (knb-lter-nwt.17),https://portal.edirepository.org/nis/mapbrowse?packageid=knb-lter-nwt.17.4
NWT-232,American pika,survey_plot,Niwot plot NWT-232,40.056014,-105.595004,,,Boulder,Panel: OverSamp; GRTS occupancy survey plot,Niwot Ridge LTER pika occupancy plots (knb-lter-nwt.17),https://portal.edirepository.org/nis/mapbrowse?packageid=knb-lter-nwt.17.4
NWT-233,American pika,survey_plot,Niwot plot NWT-233,40.063023,-105.632705,,,Boulder,Panel: OverSamp; GRTS occupancy survey plot,Niwot Ridge LTER pika occupancy plots (knb-lter-nwt.17),https://portal.edirepository.org/nis/mapbrowse?packageid=knb-lter-nwt.17.4
NWT-234,American pika,survey_plot,Niwot plot NWT-234,40.060798,-105.610019,,,Boulder,Panel: OverSamp; GRTS occupancy survey plot,Niwot Ridge LTER pika occupancy plots (knb-lter-nwt.17),https://portal.edirepository.org/nis/mapbrowse?packageid=knb-lter-nwt.17.4
NWT-235,American pika,survey_plot,Niwot plot NWT-235,40.052622,-105.610755,,,Boulder,Panel: OverSamp; GRTS occupancy survey plot,Niwot Ridge LTER pika occupancy plots (knb-lter-nwt.17),https://portal.edirepository.org/nis/mapbrowse?packageid=knb-lter-nwt.17.4
NWT-236,American pika,survey_plot,Niwot plot NWT-236,40.051295,-105.583087,,,Boulder,Panel: OverSamp; GRTS occupancy survey plot,Niwot Ridge LTER pika occupancy plots (knb-lter-nwt.17),https://portal.edirepository.org/nis/mapbrowse?packageid=knb-lter-nwt.17.4
NWT-237,American pika,survey_plot,Niwot plot NWT-237,40.065169,-105.621866,,,Boulder,Panel: OverSamp; GRTS occupancy survey plot,Niwot Ridge LTER pika occupancy plots (knb-lter-nwt.17),https://portal.edirepository.org/nis/mapbrowse?packageid=knb-lter-nwt.17.4
NWT-238,American pika,survey_plot,Niwot plot NWT-238,40.058236,-105.60472,,,Boulder,Panel: OverSamp; GRTS occupancy survey plot,Niwot Ridge LTER pika occupancy plots (knb-lter-nwt.17),https://portal.edirepository.org/nis/mapbrowse?packageid=knb-lter-nwt.17.4
NWT-239,American pika,survey_plot,Niwot plot NWT-239,40.046457,-105.615495,,,Boulder,Panel: OverSamp; GRTS occupancy survey plot,Niwot Ridge LTER pika occupancy plots (knb-lter-nwt.17),https://portal.edirepository.org/nis/mapbrowse?packageid=knb-lter-nwt.17.4
NWT-240,American pika,survey_plot,Niwot plot NWT-240,40.068395,-105.603168,,,Boulder,Panel: OverSamp; GRTS occupancy survey plot,Niwot Ridge LTER pika occupancy plots (knb-lter-nwt.17),https://portal.edirepository.org/nis/mapbrowse?packageid=knb-lter-nwt.17.4
NWT-241,American pika,survey_plot,Niwot plot NWT-241,40.054208,-105.627101,,,Boulder,Panel: OverSamp; GRTS occupancy survey plot,Niwot Ridge LTER pika occupancy plots (knb-lter-nwt.17),https://portal.edirepository.org/nis/mapbrowse?packageid=knb-lter-nwt.17.4
NWT-242,American pika,survey_plot,Niwot plot NWT-242,40.062591,-105.626193,,,Boulder,Panel: OverSamp; GRTS occupancy survey plot,Niwot Ridge LTER pika occupancy plots (knb-lter-nwt.17),https://portal.edirepository.org/nis/mapbrowse?packageid=knb-lter-nwt.17.4
NWT-243,American pika,survey_plot,Niwot plot NWT-243,40.046276,-105.593384,,,Boulder,Panel: OverSamp; GRTS occupancy survey plot,Niwot Ridge LTER pika occupancy plots (knb-lter-nwt.17),https://portal.edirepository.org/nis/mapbrowse?packageid=knb-lter-nwt.17.4
NWT-244,American pika,survey_plot,Niwot plot NWT-244,40.062102,-105.599665,,,Boulder,Panel: OverSamp; GRTS occupancy survey plot,Niwot Ridge LTER pika occupancy plots (knb-lter-nwt.17),https://portal.edirepository.org/nis/mapbrowse?packageid=knb-lter-nwt.17.4
NWT-245,American pika,survey_plot,Niwot plot NWT-245,40.053627,-105.61747,,,Boulder,Panel: OverSamp; GRTS occupancy survey plot,Niwot Ridge LTER pika occupancy plots (knb-lter-nwt.17),https://portal.edirepository.org/nis/mapbrowse?packageid=knb-lter-nwt.17.4
NWT-246,American pika,survey_plot,Niwot plot NWT-246,40.054453,-105.633845,,,Boulder,Panel: OverSamp; GRTS occupancy survey plot,Niwot Ridge LTER pika occupancy plots (knb-lter-nwt.17),https://portal.edirepository.org/nis/mapbrowse?packageid=knb-lter-nwt.17.4
NWT-247,American pika,survey_plot,Niwot plot NWT-247,40.048692,-105.603627,,,Boulder,Panel: OverSamp; GRTS occupancy survey plot,Niwot Ridge LTER pika occupancy plots (knb-lter-nwt.17),https://portal.edirepository.org/nis/mapbrowse?packageid=knb-lter-nwt.17.4
NWT-248,American pika,survey_plot,Niwot plot NWT-248,40.059778,-105.590593,,,Boulder,Panel: OverSamp; GRTS occupancy survey plot,Niwot Ridge LTER pika occupancy plots (knb-lter-nwt.17),https://portal.edirepository.org/nis/mapbrowse?packageid=knb-lter-nwt.17.4
NWT-249,American pika,survey_plot,Niwot plot NWT-249,40.066128,-105.633285,,,Boulder,Panel: OverSamp; GRTS occupancy survey plot,Niwot Ridge LTER pika occupancy plots (knb-lter-nwt.17),https://portal.edirepository.org/nis/mapbrowse?packageid=knb-lter-nwt.17.4
NWT-250,American pika,survey_plot,Niwot plot NWT-250,40.05635,-105.612043,,,Boulder,Panel: OverSamp; GRTS occupancy survey plot,Niwot Ridge LTER pika occupancy plots (knb-lter-nwt.17),https://portal.edirepository.org/nis/mapbrowse?packageid=knb-lter-nwt.17.4
NWT-251,American pika,survey_plot,Niwot plot NWT-251,40.052233,-105.609567,,,Boulder,Panel: OverSamp; GRTS occupancy survey plot,Niwot Ridge LTER pika occupancy plots (knb-lter-nwt.17),https://portal.edirepository.org/nis/mapbrowse?packageid=knb-lter-nwt.17.4
NWT-252,American pika,survey_plot,Niwot plot NWT-252,40.048415,-105.585641,,,Boulder,Panel: OverSamp; GRTS occupancy survey plot,Niwot Ridge LTER pika occupancy plots (knb-lter-nwt.17),https://portal.edirepository.org/nis/mapbrowse?packageid=knb-lter-nwt.17.4
NWT-253,American pika,survey_plot,Niwot plot NWT-253,40.059418,-105.620407,,,Boulder,Panel: OverSamp; GRTS occupancy survey plot,Niwot Ridge LTER pika occupancy plots (knb-lter-nwt.17),https://portal.edirepository.org/nis/mapbrowse?packageid=knb-lter-nwt.17.4
NWT-254,American pika,survey_plot,Niwot plot NWT-254,40.059269,-105.609443,,,Boulder,Panel: OverSamp; GRTS occupancy survey plot,Niwot Ridge LTER pika occupancy plots (knb-lter-nwt.17),https://portal.edirepository.org/nis/mapbrowse?packageid=knb-lter-nwt.17.4
NWT-255,American pika,survey_plot,Niwot plot NWT-255,40.0646,-105.588395,,,Boulder,Panel: OverSamp; GRTS occupancy survey plot,Niwot Ridge LTER pika occupancy plots (knb-lter-nwt.17),https://portal.edirepository.org/nis/mapbrowse?packageid=knb-lter-nwt.17.4
NWT-256,American pika,survey_plot,Niwot plot NWT-256,40.068869,-105.614887,,,Boulder,Panel: OverSamp; GRTS occupancy survey plot,Niwot Ridge LTER pika occupancy plots (knb-lter-nwt.17),https://portal.edirepository.org/nis/mapbrowse?packageid=knb-lter-nwt.17.4
NWT-257,American pika,survey_plot,Niwot plot NWT-257,40.045436,-105.622449,,,Boulder,Panel: OverSamp; GRTS occupancy survey plot,Niwot Ridge LTER pika occupancy plots (knb-lter-nwt.17),https://portal.edirepository.org/nis/mapbrowse?packageid=knb-lter-nwt.17.4
NWT-258,American pika,survey_plot,Niwot plot NWT-258,40.051467,-105.638167,,,Boulder,Panel: OverSamp; GRTS occupancy survey plot,Niwot Ridge LTER pika occupancy plots (knb-lter-nwt.17),https://portal.edirepository.org/nis/mapbrowse?packageid=knb-lter-nwt.17.4
NWT-259,American pika,survey_plot,Niwot plot NWT-259,40.04925,-105.596516,,,Boulder,Panel: OverSamp; GRTS occupancy survey plot,Niwot Ridge LTER pika occupancy plots (knb-lter-nwt.17),https://portal.edirepository.org/nis/mapbrowse?packageid=knb-lter-nwt.17.4
NWT-260,American pika,survey_plot,Niwot plot NWT-260,40.060048,-105.601535,,,Boulder,Panel: OverSamp; GRTS occupancy survey plot,Niwot Ridge LTER pika occupancy plots (knb-lter-nwt.17),https://portal.edirepository.org/nis/mapbrowse?packageid=knb-lter-nwt.17.4
NWT-261,American pika,survey_plot,Niwot plot NWT-261,40.062687,-105.623204,,,Boulder,Panel: OverSamp; GRTS occupancy survey plot,Niwot Ridge LTER pika occupancy plots (knb-lter-nwt.17),https://portal.edirepository.org/nis/mapbrowse?packageid=knb-lter-nwt.17.4
NWT-262,American pika,survey_plot,Niwot plot NWT-262,40.065227,-105.613154,,,Boulder,Panel: OverSamp; GRTS occupancy survey plot,Niwot Ridge LTER pika occupancy plots (knb-lter-nwt.17),https://portal.edirepository.org/nis/mapbrowse?packageid=knb-lter-nwt.17.4
NWT-263,American pika,survey_plot,Niwot plot NWT-263,40.045492,-105.614665,,,Boulder,Panel: OverSamp; GRTS occupancy survey plot,Niwot Ridge LTER pika occupancy plots (knb-lter-nwt.17),https://portal.edirepository.org/nis/mapbrowse?packageid=knb-lter-nwt.17.4
NWT-264,American pika,survey_plot,Niwot plot NWT-264,40.067379,-105.608753,,,Boulder,Panel: OverSamp; GRTS occupancy survey plot,Niwot Ridge LTER pika occupancy plots (knb-lter-nwt.17),https://portal.edirepository.org/nis/mapbrowse?packageid=knb-lter-nwt.17.4
NWT-265,American pika,survey_plot,Niwot plot NWT-265,40.054647,-105.632252,,,Boulder,Panel: OverSamp; GRTS occupancy survey plot,Niwot Ridge LTER pika occupancy plots (knb-lter-nwt.17),https://portal.edirepository.org/nis/mapbrowse?packageid=knb-lter-nwt.17.4
NWT-266,American pika,survey_plot,Niwot plot NWT-266,40.06586,-105.626235,,,Boulder,Panel: OverSamp; GRTS occupancy survey plot,Niwot Ridge LTER pika occupancy plots (knb-lter-nwt.17),https://portal.edirepository.org/nis/mapbrowse?packageid=knb-lter-nwt.17.4
NWT-267,American pika,survey_plot,Niwot plot NWT-267,40.04926,-105.593445,,,Boulder,Panel: OverSamp; GRTS occupancy survey plot,Niwot Ridge LTER pika occupancy plots (knb-lter-nwt.17),https://portal.edirepository.org/nis/mapbrowse?packageid=knb-lter-nwt.17.4
NWT-268,American pika,survey_plot,Niwot plot NWT-268,40.063165,-105.59679,,,Boulder,Panel: OverSamp; GRTS occupancy survey plot,Niwot Ridge LTER pika occupancy plots (knb-lter-nwt.17),https://portal.edirepository.org/nis/mapbrowse?packageid=knb-lter-nwt.17.4
NWT-269,American pika,survey_plot,Niwot plot NWT-269,40.062356,-105.638702,,,Boulder,Panel: OverSamp; GRTS occupancy survey plot,Niwot Ridge LTER pika occupancy plots (knb-lter-nwt.17),https://portal.edirepository.org/nis/mapbrowse?packageid=knb-lter-nwt.17.4
NWT-270,American pika,survey_plot,Niwot plot NWT-270,40.060441,-105.614753,,,Boulder,Panel: OverSamp; GRTS occupancy survey plot,Niwot Ridge LTER pika occupancy plots (knb-lter-nwt.17),https://portal.edirepository.org/nis/mapbrowse?packageid=knb-lter-nwt.17.4
NWT-271,American pika,survey_plot,Niwot plot NWT-271,40.052764,-105.612116,,,Boulder,Panel: OverSamp; GRTS occupancy survey plot,Niwot Ridge LTER pika occupancy plots (knb-lter-nwt.17),https://portal.edirepository.org/nis/mapbrowse?packageid=knb-lter-nwt.17.4
NWT-272,American pika,survey_plot,Niwot plot NWT-272,40.054136,-105.586558,,,Boulder,Panel: OverSamp; GRTS occupancy survey plot,Niwot Ridge LTER pika occupancy plots (knb-lter-nwt.17),https://portal.edirepository.org/nis/mapbrowse?packageid=knb-lter-nwt.17.4
NWT-273,American pika,survey_plot,Niwot plot NWT-273,40.054667,-105.625523,,,Boulder,Panel: OverSamp; GRTS occupancy survey plot,Niwot Ridge LTER pika occupancy plots (knb-lter-nwt.17),https://portal.edirepository.org/nis/mapbrowse?packageid=knb-lter-nwt.17.4
NWT-274,American pika,survey_plot,Niwot plot NWT-274,40.044652,-105.632664,,,Boulder,Panel: OverSamp; GRTS occupancy survey plot,Niwot Ridge LTER pika occupancy plots (knb-lter-nwt.17),https://portal.edirepository.org/nis/mapbrowse?packageid=knb-lter-nwt.17.4
NWT-275,American pika,survey_plot,Niwot plot NWT-275,40.0453,-105.59824,,,Boulder,Panel: OverSamp; GRTS occupancy survey plot,Niwot Ridge LTER pika occupancy plots (knb-lter-nwt.17),https://portal.edirepository.org/nis/mapbrowse?packageid=knb-lter-nwt.17.4
NWT-276,American pika,survey_plot,Niwot plot NWT-276,40.062816,-105.601161,,,Boulder,Panel: OverSamp; GRTS occupancy survey plot,Niwot Ridge LTER pika occupancy plots (knb-lter-nwt.17),https://portal.edirepository.org/nis/mapbrowse?packageid=knb-lter-nwt.17.4
NWT-277,American pika,survey_plot,Niwot plot NWT-277,40.058771,-105.636394,,,Boulder,Panel: OverSamp; GRTS occupancy survey plot,Niwot Ridge LTER pika occupancy plots (knb-lter-nwt.17),https://portal.edirepository.org/nis/mapbrowse?packageid=knb-lter-nwt.17.4
NWT-278,American pika,survey_plot,Niwot plot NWT-278,40.056358,-105.613555,,,Boulder,Panel: OverSamp; GRTS occupancy survey plot,Niwot Ridge LTER pika occupancy plots (knb-lter-nwt.17),https://portal.edirepository.org/nis/mapbrowse?packageid=knb-lter-nwt.17.4
NWT-279,American pika,survey_plot,Niwot plot NWT-279,40.049663,-105.604351,,,Boulder,Panel: OverSamp; GRTS occupancy survey plot,Niwot Ridge LTER pika occupancy plots (knb-lter-nwt.17),https://portal.edirepository.org/nis/mapbrowse?packageid=knb-lter-nwt.17.4
NWT-280,American pika,survey_plot,Niwot plot NWT-280,40.044292,-105.583754,,,Boulder,Panel: OverSamp; GRTS occupancy survey plot,Niwot Ridge LTER pika occupancy plots (knb-lter-nwt.17),https://portal.edirepository.org/nis/mapbrowse?packageid=knb-lter-nwt.17.4
NWT-281,American pika,survey_plot,Niwot plot NWT-281,40.051043,-105.630484,,,Boulder,Panel: OverSamp; GRTS occupancy survey plot,Niwot Ridge LTER pika occupancy plots (knb-lter-nwt.17),https://portal.edirepository.org/nis/mapbrowse?packageid=knb-lter-nwt.17.4
NWT-282,American pika,survey_plot,Niwot plot NWT-282,40.061854,-105.63151,,,Boulder,Panel: OverSamp; GRTS occupancy survey plot,Niwot Ridge LTER pika occupancy plots (knb-lter-nwt.17),https://portal.edirepository.org/nis/mapbrowse?packageid=knb-lter-nwt.17.4
NWT-283,American pika,survey_plot,Niwot plot NWT-283,40.05313,-105.595788,,,Boulder,Panel: OverSamp; GRTS occupancy survey plot,Niwot Ridge LTER pika occupancy plots (knb-lter-nwt.17),https://portal.edirepository.org/nis/mapbrowse?packageid=knb-lter-nwt.17.4
NWT-284,American pika,survey_plot,Niwot plot NWT-284,40.06488,-105.595585,,,Boulder,Panel: OverSamp; GRTS occupancy survey plot,Niwot Ridge LTER pika occupancy plots (knb-lter-nwt.17),https://portal.edirepository.org/nis/mapbrowse?packageid=knb-lter-nwt.17.4
NWT-285,American pika,survey_plot,Niwot plot NWT-285,40.048206,-105.630786,,,Boulder,Panel: OverSamp; GRTS occupancy survey plot,Niwot Ridge LTER pika occupancy plots (knb-lter-nwt.17),https://portal.edirepository.org/nis/mapbrowse?packageid=knb-lter-nwt.17.4
NWT-286,American pika,survey_plot,Niwot plot NWT-286,40.060852,-105.611696,,,Boulder,Panel: OverSamp; GRTS occupancy survey plot,Niwot Ridge LTER pika occupancy plots (knb-lter-nwt.17),https://portal.edirepository.org/nis/mapbrowse?packageid=knb-lter-nwt.17.4
NWT-287,American pika,survey_plot,Niwot plot NWT-287,40.050611,-105.615356,,,Boulder,Panel: OverSamp; GRTS occupancy survey plot,Niwot Ridge LTER pika occupancy plots (knb-lter-nwt.17),https://portal.edirepository.org/nis/mapbrowse?packageid=knb-lter-nwt.17.4
NWT-288,American pika,survey_plot,Niwot plot NWT-288,40.065094,-105.583744,,,Boulder,Panel: OverSamp; GRTS occupancy survey plot,Niwot Ridge LTER pika occupancy plots (knb-lter-nwt.17),https://portal.edirepository.org/nis/mapbrowse?packageid=knb-lter-nwt.17.4
NWT-289,American pika,survey_plot,Niwot plot NWT-289,40.05422,-105.622752,,,Boulder,Panel: OverSamp; GRTS occupancy survey plot,Niwot Ridge LTER pika occupancy plots (knb-lter-nwt.17),https://portal.edirepository.org/nis/mapbrowse?packageid=knb-lter-nwt.17.4
NWT-290,American pika,survey_plot,Niwot plot NWT-290,40.051493,-105.635553,,,Boulder,Panel: OverSamp; GRTS occupancy survey plot,Niwot Ridge LTER pika occupancy plots (knb-lter-nwt.17),https://portal.edirepository.org/nis/mapbrowse?packageid=knb-lter-nwt.17.4
NWT-291,American pika,survey_plot,Niwot plot NWT-291,40.049145,-105.606785,,,Boulder,Panel: OverSamp; GRTS occupancy survey plot,Niwot Ridge LTER pika occupancy plots (knb-lter-nwt.17),https://portal.edirepository.org/nis/mapbrowse?packageid=knb-lter-nwt.17.4
NWT-292,American pika,survey_plot,Niwot plot NWT-292,40.056299,-105.593459,,,Boulder,Panel: OverSamp; GRTS occupancy survey plot,Niwot Ridge LTER pika occupancy plots (knb-lter-nwt.17),https://portal.edirepository.org/nis/mapbrowse?packageid=knb-lter-nwt.17.4
NWT-293,American pika,survey_plot,Niwot plot NWT-293,40.060683,-105.624311,,,Boulder,Panel: OverSamp; GRTS occupancy survey plot,Niwot Ridge LTER pika occupancy plots (knb-lter-nwt.17),https://portal.edirepository.org/nis/mapbrowse?packageid=knb-lter-nwt.17.4
NWT-294,American pika,survey_plot,Niwot plot NWT-294,40.055416,-105.605539,,,Boulder,Panel: OverSamp; GRTS occupancy survey plot,Niwot Ridge LTER pika occupancy plots (knb-lter-nwt.17),https://portal.edirepository.org/nis/mapbrowse?packageid=knb-lter-nwt.17.4
NWT-295,American pika,survey_plot,Niwot plot NWT-295,40.063933,-105.589128,,,Boulder,Panel: OverSamp; GRTS occupancy survey plot,Niwot Ridge LTER pika occupancy plots (knb-lter-nwt.17),https://portal.edirepository.org/nis/mapbrowse?packageid=knb-lter-nwt.17.4
NWT-296,American pika,survey_plot,Niwot plot NWT-296,40.068403,-105.616947,,,Boulder,Panel: OverSamp; GRTS occupancy survey plot,Niwot Ridge LTER pika occupancy plots (knb-lter-nwt.17),https://portal.edirepository.org/nis/mapbrowse?packageid=knb-lter-nwt.17.4
NWT-297,American pika,survey_plot,Niwot plot NWT-297,40.067801,-105.630005,,,Boulder,Panel: OverSamp; GRTS occupancy survey plot,Niwot Ridge LTER pika occupancy plots (knb-lter-nwt.17),https://portal.edirepository.org/nis/mapbrowse?packageid=knb-lter-nwt.17.4
NWT-298,American pika,survey_plot,Niwot plot NWT-298,40.057892,-105.620886,,,Boulder,Panel: OverSamp; GRTS occupancy survey plot,Niwot Ridge LTER pika occupancy plots (knb-lter-nwt.17),https://portal.edirepository.org/nis/mapbrowse?packageid=knb-lter-nwt.17.4
NWT-299,American pika,survey_plot,Niwot plot NWT-299,40.05244,-105.598725,,,Boulder,Panel: OverSamp; GRTS occupancy survey plot,Niwot Ridge LTER pika occupancy plots (knb-lter-nwt.17),https://portal.edirepository.org/nis/mapbrowse?packageid=knb-lter-nwt.17.4
NWT-300,American pika,survey_plot,Niwot plot NWT-300,40.062451,-105.588998,,,Boulder,Panel: OverSamp; GRTS occupancy survey plot,Niwot Ridge LTER pika occupancy plots (knb-lter-nwt.17),https://portal.edirepository.org/nis/mapbrowse?packageid=knb-lter-nwt.17.4
NWT-301,American pika,survey_plot,Niwot plot NWT-301,40.054847,-105.617434,,,Boulder,Panel: OverSamp; GRTS occupancy survey plot,Niwot Ridge LTER pika occupancy plots (knb-lter-nwt.17),https://portal.edirepository.org/nis/mapbrowse?packageid=knb-lter-nwt.17.4
NWT-302,American pika,survey_plot,Niwot plot NWT-302,40.065333,-105.606612,,,Boulder,Panel: OverSamp; GRTS occupancy survey plot,Niwot Ridge LTER pika occupancy plots (knb-lter-nwt.17),https://portal.edirepository.org/nis/mapbrowse?packageid=knb-lter-nwt.17.4
NWT-303,American pika,survey_plot,Niwot plot NWT-303,40.050659,-105.610386,,,Boulder,Panel: OverSamp; GRTS occupancy survey plot,Niwot Ridge LTER pika occupancy plots (knb-lter-nwt.17),https://portal.edirepository.org/nis/mapbrowse?packageid=knb-lter-nwt.17.4
NWT-304,American pika,survey_plot,Niwot plot NWT-304,40.068147,-105.58323,,,Boulder,Panel: OverSamp; GRTS occupancy survey plot,Niwot Ridge LTER pika occupancy plots (knb-lter-nwt.17),https://portal.edirepository.org/nis/mapbrowse?packageid=knb-lter-nwt.17.4
NWT-305,American pika,survey_plot,Niwot plot NWT-305,40.043938,-105.623268,,,Boulder,Panel: OverSamp; GRTS occupancy survey plot,Niwot Ridge LTER pika occupancy plots (knb-lter-nwt.17),https://portal.edirepository.org/nis/mapbrowse?packageid=knb-lter-nwt.17.4
NWT-306,American pika,survey_plot,Niwot plot NWT-306,40.051196,-105.637437,,,Boulder,Panel: OverSamp; GRTS occupancy survey plot,Niwot Ridge LTER pika occupancy plots (knb-lter-nwt.17),https://portal.edirepository.org/nis/mapbrowse?packageid=knb-lter-nwt.17.4
NWT-307,American pika,survey_plot,Niwot plot NWT-307,40.044015,-105.599413,,,Boulder,Panel: OverSamp; GRTS occupancy survey plot,Niwot Ridge LTER pika occupancy plots (knb-lter-nwt.17),https://portal.edirepository.org/nis/mapbrowse?packageid=knb-lter-nwt.17.4
NWT-308,American pika,survey_plot,Niwot plot NWT-308,40.060763,-105.599208,,,Boulder,Panel: OverSamp; GRTS occupancy survey plot,Niwot Ridge LTER pika occupancy plots (knb-lter-nwt.17),https://portal.edirepository.org/nis/mapbrowse?packageid=knb-lter-nwt.17.4
NWT-309,American pika,survey_plot,Niwot plot NWT-309,40.065021,-105.620563,,,Boulder,Panel: OverSamp; GRTS occupancy survey plot,Niwot Ridge LTER pika occupancy plots (knb-lter-nwt.17),https://portal.edirepository.org/nis/mapbrowse?packageid=knb-lter-nwt.17.4
NWT-310,American pika,survey_plot,Niwot plot NWT-310,40.062849,-105.615502,,,Boulder,Panel: OverSamp; GRTS occupancy survey plot,Niwot Ridge LTER pika occupancy plots (knb-lter-nwt.17),https://portal.edirepository.org/nis/mapbrowse?packageid=knb-lter-nwt.17.4
NWT-311,American pika,survey_plot,Niwot plot NWT-311,40.050053,-105.608575,,,Boulder,Panel: OverSamp; GRTS occupancy survey plot,Niwot Ridge LTER pika occupancy plots (knb-lter-nwt.17),https://portal.edirepository.org/nis/mapbrowse?packageid=knb-lter-nwt.17.4
NWT-312,American pika,survey_plot,Niwot plot NWT-312,40.067343,-105.601998,,,Boulder,Panel: OverSamp; GRTS occupancy survey plot,Niwot Ridge LTER pika occupancy plots (knb-lter-nwt.17),https://portal.edirepository.org/nis/mapbrowse?packageid=knb-lter-nwt.17.4
NWT-313,American pika,survey_plot,Niwot plot NWT-313,40.053064,-105.624992,,,Boulder,Panel: OverSamp; GRTS occupancy survey plot,Niwot Ridge LTER pika occupancy plots (knb-lter-nwt.17),https://portal.edirepository.org/nis/mapbrowse?packageid=knb-lter-nwt.17.4
NWT-314,American pika,survey_plot,Niwot plot NWT-314,40.061507,-105.627848,,,Boulder,Panel: OverSamp; GRTS occupancy survey plot,Niwot Ridge LTER pika occupancy plots (knb-lter-nwt.17),https://portal.edirepository.org/nis/mapbrowse?packageid=knb-lter-nwt.17.4
NWT-315,American pika,survey_plot,Niwot plot NWT-315,40.045527,-105.590013,,,Boulder,Panel: OverSamp; GRTS occupancy survey plot,Niwot Ridge LTER pika occupancy plots (knb-lter-nwt.17),https://portal.edirepository.org/nis/mapbrowse?packageid=knb-lter-nwt.17.4
NWT-316,American pika,survey_plot,Niwot plot NWT-316,40.061491,-105.599261,,,Boulder,Panel: OverSamp; GRTS occupancy survey plot,Niwot Ridge LTER pika occupancy plots (knb-lter-nwt.17),https://portal.edirepository.org/nis/mapbrowse?packageid=knb-lter-nwt.17.4
NWT-317,American pika,survey_plot,Niwot plot NWT-317,40.06504,-105.633814,,,Boulder,Panel: OverSamp; GRTS occupancy survey plot,Niwot Ridge LTER pika occupancy plots (knb-lter-nwt.17),https://portal.edirepository.org/nis/mapbrowse?packageid=knb-lter-nwt.17.4
NWT-318,American pika,survey_plot,Niwot plot NWT-318,40.05521,-105.611704,,,Boulder,Panel: OverSamp; GRTS occupancy survey plot,Niwot Ridge LTER pika occupancy plots (knb-lter-nwt.17),https://portal.edirepository.org/nis/mapbrowse?packageid=knb-lter-nwt.17.4
NWT-319,American pika,survey_plot,Niwot plot NWT-319,40.054896,-105.605499,,,Boulder,Panel: OverSamp; GRTS occupancy survey plot,Niwot Ridge LTER pika occupancy plots (knb-lter-nwt.17),https://portal.edirepository.org/nis/mapbrowse?packageid=knb-lter-nwt.17.4
NWT-320,American pika,survey_plot,Niwot plot NWT-320,40.047844,-105.583327,,,Boulder,Panel: OverSamp; GRTS occupancy survey plot,Niwot Ridge LTER pika occupancy plots (knb-lter-nwt.17),https://portal.edirepository.org/nis/mapbrowse?packageid=knb-lter-nwt.17.4
NWT-321,American pika,survey_plot,Niwot plot NWT-321,40.047104,-105.619205,,,Boulder,Panel: OverSamp; GRTS occupancy survey plot,Niwot Ridge LTER pika occupancy plots (knb-lter-nwt.17),https://portal.edirepository.org/nis/mapbrowse?packageid=knb-lter-nwt.17.4
NWT-322,American pika,survey_plot,Niwot plot NWT-322,40.043789,-105.636524,,,Boulder,Panel: OverSamp; GRTS occupancy survey plot,Niwot Ridge LTER pika occupancy plots (knb-lter-nwt.17),https://portal.edirepository.org/nis/mapbrowse?packageid=knb-lter-nwt.17.4
NWT-323,American pika,survey_plot,Niwot plot NWT-323,40.047454,-105.600252,,,Boulder,Panel: OverSamp; GRTS occupancy survey plot,Niwot Ridge LTER pika occupancy plots (knb-lter-nwt.17),https://portal.edirepository.org/nis/mapbrowse?packageid=knb-lter-nwt.17.4
NWT-324,American pika,survey_plot,Niwot plot NWT-324,40.065807,-105.601257,,,Boulder,Panel: OverSamp; GRTS occupancy survey plot,Niwot Ridge LTER pika occupancy plots (knb-lter-nwt.17),https://portal.edirepository.org/nis/mapbrowse?packageid=knb-lter-nwt.17.4
NWT-325,American pika,survey_plot,Niwot plot NWT-325,40.059064,-105.632539,,,Boulder,Panel: OverSamp; GRTS occupancy survey plot,Niwot Ridge LTER pika occupancy plots (knb-lter-nwt.17),https://portal.edirepository.org/nis/mapbrowse?packageid=knb-lter-nwt.17.4
NWT-326,American pika,survey_plot,Niwot plot NWT-326,40.057505,-105.61373,,,Boulder,Panel: OverSamp; GRTS occupancy survey plot,Niwot Ridge LTER pika occupancy plots (knb-lter-nwt.17),https://portal.edirepository.org/nis/mapbrowse?packageid=knb-lter-nwt.17.4
NWT-327,American pika,survey_plot,Niwot plot NWT-327,40.051611,-105.609691,,,Boulder,Panel: OverSamp; GRTS occupancy survey plot,Niwot Ridge LTER pika occupancy plots (knb-lter-nwt.17),https://portal.edirepository.org/nis/mapbrowse?packageid=knb-lter-nwt.17.4
NWT-328,American pika,survey_plot,Niwot plot NWT-328,40.068135,-105.588425,,,Boulder,Panel: OverSamp; GRTS occupancy survey plot,Niwot Ridge LTER pika occupancy plots (knb-lter-nwt.17),https://portal.edirepository.org/nis/mapbrowse?packageid=knb-lter-nwt.17.4
NWT-329,American pika,survey_plot,Niwot plot NWT-329,40.066757,-105.632904,,,Boulder,Panel: OverSamp; GRTS occupancy survey plot,Niwot Ridge LTER pika occupancy plots (knb-lter-nwt.17),https://portal.edirepository.org/nis/mapbrowse?packageid=knb-lter-nwt.17.4
NWT-330,American pika,survey_plot,Niwot plot NWT-330,40.063227,-105.631722,,,Boulder,Panel: OverSamp; GRTS occupancy survey plot,Niwot Ridge LTER pika occupancy plots (knb-lter-nwt.17),https://portal.edirepository.org/nis/mapbrowse?packageid=knb-lter-nwt.17.4
NWT-331,American pika,survey_plot,Niwot plot NWT-331,40.049816,-105.59658,,,Boulder,Panel: OverSamp; GRTS occupancy survey plot,Niwot Ridge LTER pika occupancy plots (knb-lter-nwt.17),https://portal.edirepository.org/nis/mapbrowse?packageid=knb-lter-nwt.17.4
NWT-332,American pika,survey_plot,Niwot plot NWT-332,40.06341,-105.591316,,,Boulder,Panel: OverSamp; GRTS occupancy survey plot,Niwot Ridge LTER pika occupancy plots (knb-lter-nwt.17),https://portal.edirepository.org/nis/mapbrowse?packageid=knb-lter-nwt.17.4
NWT-333,American pika,survey_plot,Niwot plot NWT-333,40.048823,-105.625926,,,Boulder,Panel: OverSamp; GRTS occupancy survey plot,Niwot Ridge LTER pika occupancy plots (knb-lter-nwt.17),https://portal.edirepository.org/nis/mapbrowse?packageid=knb-lter-nwt.17.4
NWT-334,American pika,survey_plot,Niwot plot NWT-334,40.063907,-105.604172,,,Boulder,Panel: OverSamp; GRTS occupancy survey plot,Niwot Ridge LTER pika occupancy plots (knb-lter-nwt.17),https://portal.edirepository.org/nis/mapbrowse?packageid=knb-lter-nwt.17.4
NWT-335,American pika,survey_plot,Niwot plot NWT-335,40.054938,-105.615571,,,Boulder,Panel: OverSamp; GRTS occupancy survey plot,Niwot Ridge LTER pika occupancy plots (knb-lter-nwt.17),https://portal.edirepository.org/nis/mapbrowse?packageid=knb-lter-nwt.17.4
NWT-336,American pika,survey_plot,Niwot plot NWT-336,40.055914,-105.584557,,,Boulder,Panel: OverSamp; GRTS occupancy survey plot,Niwot Ridge LTER pika occupancy plots (knb-lter-nwt.17),https://portal.edirepository.org/nis/mapbrowse?packageid=knb-lter-nwt.17.4
NWT-337,American pika,survey_plot,Niwot plot NWT-337,40.053551,-105.624328,,,Boulder,Panel: OverSamp; GRTS occupancy survey plot,Niwot Ridge LTER pika occupancy plots (knb-lter-nwt.17),https://portal.edirepository.org/nis/mapbrowse?packageid=knb-lter-nwt.17.4
NWT-338,American pika,survey_plot,Niwot plot NWT-338,40.050127,-105.63316,,,Boulder,Panel: OverSamp; GRTS occupancy survey plot,Niwot Ridge LTER pika occupancy plots (knb-lter-nwt.17),https://portal.edirepository.org/nis/mapbrowse?packageid=knb-lter-nwt.17.4
NWT-339,American pika,survey_plot,Niwot plot NWT-339,40.047787,-105.609469,,,Boulder,Panel: OverSamp; GRTS occupancy survey plot,Niwot Ridge LTER pika occupancy plots (knb-lter-nwt.17),https://portal.edirepository.org/nis/mapbrowse?packageid=knb-lter-nwt.17.4
NWT-340,American pika,survey_plot,Niwot plot NWT-340,40.05751,-105.593727,,,Boulder,Panel: OverSamp; GRTS occupancy survey plot,Niwot Ridge LTER pika occupancy plots (knb-lter-nwt.17),https://portal.edirepository.org/nis/mapbrowse?packageid=knb-lter-nwt.17.4
NWT-341,American pika,survey_plot,Niwot plot NWT-341,40.06587,-105.623538,,,Boulder,Panel: OverSamp; GRTS occupancy survey plot,Niwot Ridge LTER pika occupancy plots (knb-lter-nwt.17),https://portal.edirepository.org/nis/mapbrowse?packageid=knb-lter-nwt.17.4
NWT-342,American pika,survey_plot,Niwot plot NWT-342,40.058822,-105.603189,,,Boulder,Panel: OverSamp; GRTS occupancy survey plot,Niwot Ridge LTER pika occupancy plots (knb-lter-nwt.17),https://portal.edirepository.org/nis/mapbrowse?packageid=knb-lter-nwt.17.4
NWT-343,American pika,survey_plot,Niwot plot NWT-343,40.046995,-105.615042,,,Boulder,Panel: OverSamp; GRTS occupancy survey plot,Niwot Ridge LTER pika occupancy plots (knb-lter-nwt.17),https://portal.edirepository.org/nis/mapbrowse?packageid=knb-lter-nwt.17.4
NWT-344,American pika,survey_plot,Niwot plot NWT-344,40.067479,-105.603289,,,Boulder,Panel: OverSamp; GRTS occupancy survey plot,Niwot Ridge LTER pika occupancy plots (knb-lter-nwt.17),https://portal.edirepository.org/nis/mapbrowse?packageid=knb-lter-nwt.17.4
NWT-345,American pika,survey_plot,Niwot plot NWT-345,40.066937,-105.627722,,,Boulder,Panel: OverSamp; GRTS occupancy survey plot,Niwot Ridge LTER pika occupancy plots (knb-lter-nwt.17),https://portal.edirepository.org/nis/mapbrowse?packageid=knb-lter-nwt.17.4
NWT-346,American pika,survey_plot,Niwot plot NWT-346,40.055079,-105.630767,,,Boulder,Panel: OverSamp; GRTS occupancy survey plot,Niwot Ridge LTER pika occupancy plots (knb-lter-nwt.17),https://portal.edirepository.org/nis/mapbrowse?packageid=knb-lter-nwt.17.4
NWT-347,American pika,survey_plot,Niwot plot NWT-347,40.049722,-105.601175,,,Boulder,Panel: OverSamp; GRTS occupancy survey plot,Niwot Ridge LTER pika occupancy plots (knb-lter-nwt.17),https://portal.edirepository.org/nis/mapbrowse?packageid=knb-lter-nwt.17.4
NWT-348,American pika,survey_plot,Niwot plot NWT-348,40.063799,-105.589408,,,Boulder,Panel: OverSamp; GRTS occupancy survey plot,Niwot Ridge LTER pika occupancy plots (knb-lter-nwt.17),https://portal.edirepository.org/nis/mapbrowse?packageid=knb-lter-nwt.17.4
NWT-349,American pika,survey_plot,Niwot plot NWT-349,40.051117,-105.620074,,,Boulder,Panel: OverSamp; GRTS occupancy survey plot,Niwot Ridge LTER pika occupancy plots (knb-lter-nwt.17),https://portal.edirepository.org/nis/mapbrowse?packageid=knb-lter-nwt.17.4
NWT-350,American pika,survey_plot,Niwot plot NWT-350,40.061087,-105.60403,,,Boulder,Panel: OverSamp; GRTS occupancy survey plot,Niwot Ridge LTER pika occupancy plots (knb-lter-nwt.17),https://portal.edirepository.org/nis/mapbrowse?packageid=knb-lter-nwt.17.4
NWT-351,American pika,survey_plot,Niwot plot NWT-351,40.051689,-105.612986,,,Boulder,Panel: OverSamp; GRTS occupancy survey plot,Niwot Ridge LTER pika occupancy plots (knb-lter-nwt.17),https://portal.edirepository.org/nis/mapbrowse?packageid=knb-lter-nwt.17.4
NWT-352,American pika,survey_plot,Niwot plot NWT-352,40.067644,-105.583601,,,Boulder,Panel: OverSamp; GRTS occupancy survey plot,Niwot Ridge LTER pika occupancy plots (knb-lter-nwt.17),https://portal.edirepository.org/nis/mapbrowse?packageid=knb-lter-nwt.17.4
NWT-353,American pika,survey_plot,Niwot plot NWT-353,40.054296,-105.619458,,,Boulder,Panel: OverSamp; GRTS occupancy survey plot,Niwot Ridge LTER pika occupancy plots (knb-lter-nwt.17),https://portal.edirepository.org/nis/mapbrowse?packageid=knb-lter-nwt.17.4
NWT-354,American pika,survey_plot,Niwot plot NWT-354,40.065629,-105.608807,,,Boulder,Panel: OverSamp; GRTS occupancy survey plot,Niwot Ridge LTER pika occupancy plots (knb-lter-nwt.17),https://portal.edirepository.org/nis/mapbrowse?packageid=knb-lter-nwt.17.4
NWT-355,American pika,survey_plot,Niwot plot NWT-355,40.04846,-105.605325,,,Boulder,Panel: OverSamp; GRTS occupancy survey plot,Niwot Ridge LTER pika occupancy plots (knb-lter-nwt.17),https://portal.edirepository.org/nis/mapbrowse?packageid=knb-lter-nwt.17.4
NWT-356,American pika,survey_plot,Niwot plot NWT-356,40.058416,-105.590464,,,Boulder,Panel: OverSamp; GRTS occupancy survey plot,Niwot Ridge LTER pika occupancy plots (knb-lter-nwt.17),https://portal.edirepository.org/nis/mapbrowse?packageid=knb-lter-nwt.17.4
NWT-357,American pika,survey_plot,Niwot plot NWT-357,40.060169,-105.618162,,,Boulder,Panel: OverSamp; GRTS occupancy survey plot,Niwot Ridge LTER pika occupancy plots (knb-lter-nwt.17),https://portal.edirepository.org/nis/mapbrowse?packageid=knb-lter-nwt.17.4
NWT-358,American pika,survey_plot,Niwot plot NWT-358,40.059951,-105.609519,,,Boulder,Panel: OverSamp; GRTS occupancy survey plot,Niwot Ridge LTER pika occupancy plots (knb-lter-nwt.17),https://portal.edirepository.org/nis/mapbrowse?packageid=knb-lter-nwt.17.4
NWT-359,American pika,survey_plot,Niwot plot NWT-359,40.064041,-105.591146,,,Boulder,Panel: OverSamp; GRTS occupancy survey plot,Niwot Ridge LTER pika occupancy plots (knb-lter-nwt.17),https://portal.edirepository.org/nis/mapbrowse?packageid=knb-lter-nwt.17.4
NWT-360,American pika,survey_plot,Niwot plot NWT-360,40.069646,-105.611552,,,Boulder,Panel: OverSamp; GRTS occupancy survey plot,Niwot Ridge LTER pika occupancy plots (knb-lter-nwt.17),https://portal.edirepository.org/nis/mapbrowse?packageid=knb-lter-nwt.17.4
CG1,American pika,sampling_station,Niwot station CG1,40.045501,-105.570049,,2018.0,Boulder,Temp_C=60; rock cover=77,Niwot Ridge LTER pika stress/habitat stations (knb-lter-nwt.268),https://portal.edirepository.org/nis/mapbrowse?packageid=knb-lter-nwt.268.1
CG2,American pika,sampling_station,Niwot station CG2,40.04571,-105.569605,,2018.0,Boulder,Temp_C=60; rock cover=68,Niwot Ridge LTER pika stress/habitat stations (knb-lter-nwt.268),https://portal.edirepository.org/nis/mapbrowse?packageid=knb-lter-nwt.268.1
CG3,American pika,sampling_station,Niwot station CG3,40.045758,-105.569007,,2018.0,Boulder,Temp_C=60; rock cover=65,Niwot Ridge LTER pika stress/habitat stations (knb-lter-nwt.268),https://portal.edirepository.org/nis/mapbrowse?packageid=knb-lter-nwt.268.1
CG4,American pika,sampling_station,Niwot station CG4,40.048037,-105.567209,,2018.0,Boulder,Temp_C=60; rock cover=50,Niwot Ridge LTER pika stress/habitat stations (knb-lter-nwt.268),https://portal.edirepository.org/nis/mapbrowse?packageid=knb-lter-nwt.268.1
LL1,American pika,sampling_station,Niwot station LL1,40.068858,-105.5872,,2018.0,Boulder,Temp_C=60; rock cover=60,Niwot Ridge LTER pika stress/habitat stations (knb-lter-nwt.268),https://portal.edirepository.org/nis/mapbrowse?packageid=knb-lter-nwt.268.1
LL2,American pika,sampling_station,Niwot station LL2,40.068414,-105.587654,,2018.0,Boulder,Temp_C=60; rock cover=45,Niwot Ridge LTER pika stress/habitat stations (knb-lter-nwt.268),https://portal.edirepository.org/nis/mapbrowse?packageid=knb-lter-nwt.268.1
LL3,American pika,sampling_station,Niwot station LL3,40.069315,-105.587732,,2018.0,Boulder,Temp_C=65; rock cover=55,Niwot Ridge LTER pika stress/habitat stations (knb-lter-nwt.268),https://portal.edirepository.org/nis/mapbrowse?packageid=knb-lter-nwt.268.1
WK1,American pika,sampling_station,Niwot station WK1,40.055336,-105.599289,,2018.0,Boulder,Temp_C=65; rock cover=50,Niwot Ridge LTER pika stress/habitat stations (knb-lter-nwt.268),https://portal.edirepository.org/nis/mapbrowse?packageid=knb-lter-nwt.268.1
WK10,American pika,sampling_station,Niwot station WK10,40.05654,-105.592828,,2018.0,Boulder,Temp_C=65; rock cover=40,Niwot Ridge LTER pika stress/habitat stations (knb-lter-nwt.268),https://portal.edirepository.org/nis/mapbrowse?packageid=knb-lter-nwt.268.1
WK11,American pika,sampling_station,Niwot station WK11,40.058163,-105.597837,,2018.0,Boulder,Temp_C=60; rock cover=60,Niwot Ridge LTER pika stress/habitat stations (knb-lter-nwt.268),https://portal.edirepository.org/nis/mapbrowse?packageid=knb-lter-nwt.268.1
WK12,American pika,sampling_station,Niwot station WK12,40.058672,-105.597079,,2018.0,Boulder,Temp_C=60; rock cover=55,Niwot Ridge LTER pika stress/habitat stations (knb-lter-nwt.268),https://portal.edirepository.org/nis/mapbrowse?packageid=knb-lter-nwt.268.1
WK13,American pika,sampling_station,Niwot station WK13,40.059513,-105.596441,,2018.0,Boulder,Temp_C=60; rock cover=60,Niwot Ridge LTER pika stress/habitat stations (knb-lter-nwt.268),https://portal.edirepository.org/nis/mapbrowse?packageid=knb-lter-nwt.268.1
WK2,American pika,sampling_station,Niwot station WK2,40.055931,-105.597395,,2018.0,Boulder,Temp_C=65; rock cover=50,Niwot Ridge LTER pika stress/habitat stations (knb-lter-nwt.268),https://portal.edirepository.org/nis/mapbrowse?packageid=knb-lter-nwt.268.1
WK3,American pika,sampling_station,Niwot station WK3,40.055542,-105.594238,,2018.0,Boulder,Temp_C=60; rock cover=45,Niwot Ridge LTER pika stress/habitat stations (knb-lter-nwt.268),https://portal.edirepository.org/nis/mapbrowse?packageid=knb-lter-nwt.268.1
WK4,American pika,sampling_station,Niwot station WK4,40.055994,-105.593949,,2018.0,Boulder,Temp_C=60; rock cover=35,Niwot Ridge LTER pika stress/habitat stations (knb-lter-nwt.268),https://portal.edirepository.org/nis/mapbrowse?packageid=knb-lter-nwt.268.1
WK5,American pika,sampling_station,Niwot station WK5,40.057182,-105.594217,,2018.0,Boulder,Temp_C=65; rock cover=55,Niwot Ridge LTER pika stress/habitat stations (knb-lter-nwt.268),https://portal.edirepository.org/nis/mapbrowse?packageid=knb-lter-nwt.268.1
WK6,American pika,sampling_station,Niwot station WK6,40.056123,-105.595111,,2018.0,Boulder,Temp_C=60; rock cover=60,Niwot Ridge LTER pika stress/habitat stations (knb-lter-nwt.268),https://portal.edirepository.org/nis/mapbrowse?packageid=knb-lter-nwt.268.1
WK7,American pika,sampling_station,Niwot station WK7,40.056816,-105.595339,,2018.0,Boulder,Temp_C=60; rock cover=60,Niwot Ridge LTER pika stress/habitat stations (knb-lter-nwt.268),https://portal.edirepository.org/nis/mapbrowse?packageid=knb-lter-nwt.268.1
WK8,American pika,sampling_station,Niwot station WK8,40.057348,-105.595109,,2018.0,Boulder,Temp_C=58; rock cover=45,Niwot Ridge LTER pika stress/habitat stations (knb-lter-nwt.268),https://portal.edirepository.org/nis/mapbrowse?packageid=knb-lter-nwt.268.1
WK9,American pika,sampling_station,Niwot station WK9,40.056784,-105.59446,,2018.0,Boulder,Temp_C=63; rock cover=75,Niwot Ridge LTER pika stress/habitat stations (knb-lter-nwt.268),https://portal.edirepository.org/nis/mapbrowse?packageid=knb-lter-nwt.268.1
6320151633,American pika,occurrence,American pika,38.978707,-106.822057,,2026.0,,HUMAN_OBSERVATION,GBIF occurrence,https://www.gbif.org/occurrence/6320151633
6188252563,American pika,occurrence,American pika,39.661033,-105.882645,,2026.0,,HUMAN_OBSERVATION,GBIF occurrence,https://www.gbif.org/occurrence/6188252563
6234327205,American pika,occurrence,American pika,39.66149,-105.882731,,2026.0,,HUMAN_OBSERVATION,GBIF occurrence,https://www.gbif.org/occurrence/6234327205
6235278902,American pika,occurrence,American pika,39.631488,-106.134789,,2026.0,,HUMAN_OBSERVATION,GBIF occurrence,https://www.gbif.org/occurrence/6235278902
6236378677,American pika,occurrence,American pika,39.073397,-107.008135,,2026.0,,HUMAN_OBSERVATION,GBIF occurrence,https://www.gbif.org/occurrence/6236378677
6251516035,American pika,occurrence,American pika,39.66193,-105.880638,,2026.0,,HUMAN_OBSERVATION,GBIF occurrence,https://www.gbif.org/occurrence/6251516035
6252372274,American pika,occurrence,American pika,39.038826,-107.986895,,2026.0,,HUMAN_OBSERVATION,GBIF occurrence,https://www.gbif.org/occurrence/6252372274
6321108044,American pika,occurrence,American pika,40.395053,-105.87497,,2026.0,,HUMAN_OBSERVATION,GBIF occurrence,https://www.gbif.org/occurrence/6321108044
6334450850,American pika,occurrence,American pika,40.62754,-105.801455,,2026.0,,HUMAN_OBSERVATION,GBIF occurrence,https://www.gbif.org/occurrence/6334450850
6334792828,American pika,occurrence,American pika,40.263675,-105.615242,,2026.0,,HUMAN_OBSERVATION,GBIF occurrence,https://www.gbif.org/occurrence/6334792828
6334804847,American pika,occurrence,American pika,40.29768,-105.641717,,2026.0,,HUMAN_OBSERVATION,GBIF occurrence,https://www.gbif.org/occurrence/6334804847
6352674428,American pika,occurrence,American pika,40.313775,-105.67865,,2026.0,,HUMAN_OBSERVATION,GBIF occurrence,https://www.gbif.org/occurrence/6352674428
6353057440,American pika,occurrence,American pika,37.791254,-107.535316,,2026.0,,HUMAN_OBSERVATION,GBIF occurrence,https://www.gbif.org/occurrence/6353057440
6353099645,American pika,occurrence,American pika,39.411308,-106.133567,,2026.0,,HUMAN_OBSERVATION,GBIF occurrence,https://www.gbif.org/occurrence/6353099645
6353240556,American pika,occurrence,American pika,40.394715,-105.671184,,2026.0,,HUMAN_OBSERVATION,GBIF occurrence,https://www.gbif.org/occurrence/6353240556
6353386673,American pika,occurrence,American pika,40.290937,-105.520638,,2026.0,,HUMAN_OBSERVATION,GBIF occurrence,https://www.gbif.org/occurrence/6353386673
6430811709,American pika,occurrence,American pika,40.401173,-105.68596,,2026.0,,HUMAN_OBSERVATION,GBIF occurrence,https://www.gbif.org/occurrence/6430811709
6398902689,American pika,occurrence,American pika,39.4696,-106.459336,,2026.0,,HUMAN_OBSERVATION,GBIF occurrence,https://www.gbif.org/occurrence/6398902689
6399527725,American pika,occurrence,American pika,40.482131,-105.904869,,2026.0,,HUMAN_OBSERVATION,GBIF occurrence,https://www.gbif.org/occurrence/6399527725
6399545834,American pika,occurrence,American pika,38.799265,-106.369207,,2026.0,,HUMAN_OBSERVATION,GBIF occurrence,https://www.gbif.org/occurrence/6399545834
6399878638,American pika,occurrence,American pika,38.847015,-107.029058,,2026.0,,HUMAN_OBSERVATION,GBIF occurrence,https://www.gbif.org/occurrence/6399878638
6400163289,American pika,occurrence,American pika,39.095122,-106.95129,,2026.0,,HUMAN_OBSERVATION,GBIF occurrence,https://www.gbif.org/occurrence/6400163289
6400777813,American pika,occurrence,American pika,40.267664,-105.611927,,2026.0,,HUMAN_OBSERVATION,GBIF occurrence,https://www.gbif.org/occurrence/6400777813
6400810680,American pika,occurrence,American pika,40.41198,-105.733047,,2026.0,,HUMAN_OBSERVATION,GBIF occurrence,https://www.gbif.org/occurrence/6400810680
6400838538,American pika,occurrence,American pika,39.6409,-105.820655,,2026.0,,HUMAN_OBSERVATION,GBIF occurrence,https://www.gbif.org/occurrence/6400838538
6413076301,American pika,occurrence,American pika,40.235083,-105.483613,,2026.0,,HUMAN_OBSERVATION,GBIF occurrence,https://www.gbif.org/occurrence/6413076301
6413106896,American pika,occurrence,American pika,40.411689,-105.732963,,2026.0,,HUMAN_OBSERVATION,GBIF occurrence,https://www.gbif.org/occurrence/6413106896
6413216456,American pika,occurrence,American pika,37.794605,-107.545958,,2026.0,,HUMAN_OBSERVATION,GBIF occurrence,https://www.gbif.org/occurrence/6413216456
6413454326,American pika,occurrence,American pika,39.215895,-106.177572,,2026.0,,HUMAN_OBSERVATION,GBIF occurrence,https://www.gbif.org/occurrence/6413454326
6413560406,American pika,occurrence,American pika,40.439398,-105.760717,,2026.0,,HUMAN_OBSERVATION,GBIF occurrence,https://www.gbif.org/occurrence/6413560406
6413598744,American pika,occurrence,American pika,40.4127,-105.731742,,2026.0,,HUMAN_OBSERVATION,GBIF occurrence,https://www.gbif.org/occurrence/6413598744
6413751486,American pika,occurrence,American pika,39.089456,-106.962875,,2026.0,,HUMAN_OBSERVATION,GBIF occurrence,https://www.gbif.org/occurrence/6413751486
6413904399,American pika,occurrence,American pika,40.315945,-105.672813,,2026.0,,HUMAN_OBSERVATION,GBIF occurrence,https://www.gbif.org/occurrence/6413904399
6413996349,American pika,occurrence,American pika,39.152924,-106.565856,,2026.0,,HUMAN_OBSERVATION,GBIF occurrence,https://www.gbif.org/occurrence/6413996349
6414110033,American pika,occurrence,American pika,39.113294,-107.024938,,2026.0,,HUMAN_OBSERVATION,GBIF occurrence,https://www.gbif.org/occurrence/6414110033
6422073077,American pika,occurrence,American pika,40.412675,-105.73178,,2026.0,,HUMAN_OBSERVATION,GBIF occurrence,https://www.gbif.org/occurrence/6422073077
6422225896,American pika,occurrence,American pika,40.425891,-105.757384,,2026.0,,HUMAN_OBSERVATION,GBIF occurrence,https://www.gbif.org/occurrence/6422225896
6422348534,American pika,occurrence,American pika,39.087875,-106.435646,,2026.0,,HUMAN_OBSERVATION,GBIF occurrence,https://www.gbif.org/occurrence/6422348534
6422512983,American pika,occurrence,American pika,40.482515,-105.886064,,2026.0,,HUMAN_OBSERVATION,GBIF occurrence,https://www.gbif.org/occurrence/6422512983
6422544369,American pika,occurrence,American pika,38.953615,-106.298786,,2026.0,,HUMAN_OBSERVATION,GBIF occurrence,https://www.gbif.org/occurrence/6422544369
6422575718,American pika,occurrence,American pika,39.309269,-106.171621,,2026.0,,HUMAN_OBSERVATION,GBIF occurrence,https://www.gbif.org/occurrence/6422575718
6422751742,American pika,occurrence,American pika,39.970238,-105.793229,,2026.0,,HUMAN_OBSERVATION,GBIF occurrence,https://www.gbif.org/occurrence/6422751742
6422805540,American pika,occurrence,American pika,40.412511,-105.733466,,2026.0,,HUMAN_OBSERVATION,GBIF occurrence,https://www.gbif.org/occurrence/6422805540
6422878392,American pika,occurrence,American pika,40.432636,-105.76868,,2026.0,,HUMAN_OBSERVATION,GBIF occurrence,https://www.gbif.org/occurrence/6422878392
6422973393,American pika,occurrence,American pika,39.582765,-105.668615,,2026.0,,HUMAN_OBSERVATION,GBIF occurrence,https://www.gbif.org/occurrence/6422973393
6423026586,American pika,occurrence,American pika,39.601688,-105.739041,,2026.0,,HUMAN_OBSERVATION,GBIF occurrence,https://www.gbif.org/occurrence/6423026586
6423101008,American pika,occurrence,American pika,37.795275,-107.549504,,2026.0,,HUMAN_OBSERVATION,GBIF occurrence,https://www.gbif.org/occurrence/6423101008
6423183595,American pika,occurrence,American pika,40.412346,-105.733313,,2026.0,,HUMAN_OBSERVATION,GBIF occurrence,https://www.gbif.org/occurrence/6423183595
6430759361,American pika,occurrence,American pika,39.035781,-106.998367,,2026.0,,HUMAN_OBSERVATION,GBIF occurrence,https://www.gbif.org/occurrence/6430759361
6431342899,American pika,occurrence,American pika,38.845946,-106.318731,,2026.0,,HUMAN_OBSERVATION,GBIF occurrence,https://www.gbif.org/occurrence/6431342899
6431785453,American pika,occurrence,American pika,40.161245,-105.585725,,2026.0,,HUMAN_OBSERVATION,GBIF occurrence,https://www.gbif.org/occurrence/6431785453
6431026870,American pika,occurrence,American pika,39.411028,-106.133408,,2026.0,,HUMAN_OBSERVATION,GBIF occurrence,https://www.gbif.org/occurrence/6431026870
6431268061,American pika,occurrence,American pika,39.006017,-106.861215,,2026.0,,HUMAN_OBSERVATION,GBIF occurrence,https://www.gbif.org/occurrence/6431268061
6431273024,American pika,occurrence,American pika,40.098875,-105.616391,,2026.0,,HUMAN_OBSERVATION,GBIF occurrence,https://www.gbif.org/occurrence/6431273024
6431464331,American pika,occurrence,American pika,40.411989,-105.733253,,2026.0,,HUMAN_OBSERVATION,GBIF occurrence,https://www.gbif.org/occurrence/6431464331
6431553348,American pika,occurrence,American pika,40.447205,-105.75412,,2026.0,,HUMAN_OBSERVATION,GBIF occurrence,https://www.gbif.org/occurrence/6431553348
6431574920,American pika,occurrence,American pika,39.675322,-105.860603,,2026.0,,HUMAN_OBSERVATION,GBIF occurrence,https://www.gbif.org/occurrence/6431574920
6431831319,American pika,occurrence,American pika,39.032593,-107.070339,,2026.0,,HUMAN_OBSERVATION,GBIF occurrence,https://www.gbif.org/occurrence/6431831319
5154050972,American pika,occurrence,American pika,37.87328,-107.739678,,2025.0,,HUMAN_OBSERVATION,GBIF occurrence,https://www.gbif.org/occurrence/5154050972
5166983388,American pika,occurrence,American pika,39.660801,-105.881494,,2025.0,,HUMAN_OBSERVATION,GBIF occurrence,https://www.gbif.org/occurrence/5166983388
5167062166,American pika,occurrence,American pika,40.402226,-105.66838,,2025.0,,HUMAN_OBSERVATION,GBIF occurrence,https://www.gbif.org/occurrence/5167062166
5167889199,American pika,occurrence,American pika,40.419567,-105.749324,,2025.0,,HUMAN_OBSERVATION,GBIF occurrence,https://www.gbif.org/occurrence/5167889199
5168026180,American pika,occurrence,American pika,39.090183,-106.960648,,2025.0,,HUMAN_OBSERVATION,GBIF occurrence,https://www.gbif.org/occurrence/5168026180
5187855707,American pika,occurrence,American pika,39.657433,-105.856616,,2025.0,,HUMAN_OBSERVATION,GBIF occurrence,https://www.gbif.org/occurrence/5187855707
5840335308,American pika,occurrence,American pika,39.39476,-106.094228,,2025.0,,HUMAN_OBSERVATION,GBIF occurrence,https://www.gbif.org/occurrence/5840335308
6178734525,American pika,occurrence,American pika,40.401048,-105.67078,,2025.0,,HUMAN_OBSERVATION,GBIF occurrence,https://www.gbif.org/occurrence/6178734525
5188072383,American pika,occurrence,American pika,40.41165,-105.732753,,2025.0,,HUMAN_OBSERVATION,GBIF occurrence,https://www.gbif.org/occurrence/5188072383
5188280529,American pika,occurrence,American pika,40.395813,-105.713772,,2025.0,,HUMAN_OBSERVATION,GBIF occurrence,https://www.gbif.org/occurrence/5188280529
5188348577,American pika,occurrence,American pika,39.666671,-105.86391,,2025.0,,HUMAN_OBSERVATION,GBIF occurrence,https://www.gbif.org/occurrence/5188348577
5198629592,American pika,occurrence,American pika,38.84292,-105.04989,,2025.0,,HUMAN_OBSERVATION,GBIF occurrence,https://www.gbif.org/occurrence/5198629592
5205926679,American pika,occurrence,American pika,40.395921,-105.713683,,2025.0,,HUMAN_OBSERVATION,GBIF occurrence,https://www.gbif.org/occurrence/5205926679
5205931736,American pika,occurrence,American pika,39.119285,-106.443694,,2025.0,,HUMAN_OBSERVATION,GBIF occurrence,https://www.gbif.org/occurrence/5205931736
5205986084,American pika,occurrence,American pika,40.411442,-105.73256,,2025.0,,HUMAN_OBSERVATION,GBIF occurrence,https://www.gbif.org/occurrence/5205986084
5205995087,American pika,occurrence,American pika,40.28975,-105.51861,,2025.0,,HUMAN_OBSERVATION,GBIF occurrence,https://www.gbif.org/occurrence/5205995087
5206047791,American pika,occurrence,American pika,39.048822,-108.075036,,2025.0,,HUMAN_OBSERVATION,GBIF occurrence,https://www.gbif.org/occurrence/5206047791
5206164344,American pika,occurrence,American pika,40.395757,-105.713785,,2025.0,,HUMAN_OBSERVATION,GBIF occurrence,https://www.gbif.org/occurrence/5206164344
5206423863,American pika,occurrence,American pika,40.3159,-105.672945,,2025.0,,HUMAN_OBSERVATION,GBIF occurrence,https://www.gbif.org/occurrence/5206423863
5206749581,American pika,occurrence,American pika,37.794532,-107.545027,,2025.0,,HUMAN_OBSERVATION,GBIF occurrence,https://www.gbif.org/occurrence/5206749581
5215682195,American pika,occurrence,American pika,40.41294,-105.732221,,2025.0,,HUMAN_OBSERVATION,GBIF occurrence,https://www.gbif.org/occurrence/5215682195
5215997676,American pika,occurrence,American pika,40.375947,-105.785613,,2025.0,,HUMAN_OBSERVATION,GBIF occurrence,https://www.gbif.org/occurrence/5215997676
5216247197,American pika,occurrence,American pika,37.907955,-107.769317,,2025.0,,HUMAN_OBSERVATION,GBIF occurrence,https://www.gbif.org/occurrence/5216247197
5216491730,American pika,occurrence,American pika,40.395606,-105.71276,,2025.0,,HUMAN_OBSERVATION,GBIF occurrence,https://www.gbif.org/occurrence/5216491730
5216689417,American pika,occurrence,American pika,37.898854,-107.82294,,2025.0,,HUMAN_OBSERVATION,GBIF occurrence,https://www.gbif.org/occurrence/5216689417
5217038982,American pika,occurrence,American pika,39.671224,-106.310899,,2025.0,,HUMAN_OBSERVATION,GBIF occurrence,https://www.gbif.org/occurrence/5217038982
5217223185,American pika,occurrence,American pika,37.907975,-107.769362,,2025.0,,HUMAN_OBSERVATION,GBIF occurrence,https://www.gbif.org/occurrence/5217223185
5827876411,American pika,occurrence,American pika,40.342519,-105.683639,,2025.0,,HUMAN_OBSERVATION,GBIF occurrence,https://www.gbif.org/occurrence/5827876411
5830707011,American pika,occurrence,American pika,39.339478,-106.130736,,2025.0,,HUMAN_OBSERVATION,GBIF occurrence,https://www.gbif.org/occurrence/5830707011
5868032268,American pika,occurrence,American pika,37.83191,-107.901635,,2025.0,,HUMAN_OBSERVATION,GBIF occurrence,https://www.gbif.org/occurrence/5868032268
5868256654,American pika,occurrence,American pika,39.143689,-106.409088,,2025.0,,HUMAN_OBSERVATION,GBIF occurrence,https://www.gbif.org/occurrence/5868256654
5938171331,American pika,occurrence,American pika,37.831866,-107.901237,,2025.0,,HUMAN_OBSERVATION,GBIF occurrence,https://www.gbif.org/occurrence/5938171331
5938268824,American pika,occurrence,American pika,40.156845,-105.621338,,2025.0,,HUMAN_OBSERVATION,GBIF occurrence,https://www.gbif.org/occurrence/5938268824
5938609082,American pika,occurrence,American pika,37.832105,-107.901468,,2025.0,,HUMAN_OBSERVATION,GBIF occurrence,https://www.gbif.org/occurrence/5938609082
5215897623,American pika,occurrence,American pika,40.161197,-105.586555,,2025.0,,HUMAN_OBSERVATION,GBIF occurrence,https://www.gbif.org/occurrence/5215897623
5215910485,American pika,occurrence,American pika,40.39587,-105.713662,,2025.0,,HUMAN_OBSERVATION,GBIF occurrence,https://www.gbif.org/occurrence/5215910485
5216209279,American pika,occurrence,American pika,40.41214,-105.733177,,2025.0,,HUMAN_OBSERVATION,GBIF occurrence,https://www.gbif.org/occurrence/5216209279
5216230571,American pika,occurrence,American pika,40.442125,-105.754011,,2025.0,,HUMAN_OBSERVATION,GBIF occurrence,https://www.gbif.org/occurrence/5216230571
5217030035,American pika,occurrence,American pika,39.604347,-105.734062,,2025.0,,HUMAN_OBSERVATION,GBIF occurrence,https://www.gbif.org/occurrence/5217030035
5217100081,American pika,occurrence,American pika,39.677983,-105.858075,,2025.0,,HUMAN_OBSERVATION,GBIF occurrence,https://www.gbif.org/occurrence/5217100081
5217538019,American pika,occurrence,American pika,40.069103,-105.609262,,2025.0,,HUMAN_OBSERVATION,GBIF occurrence,https://www.gbif.org/occurrence/5217538019
5229983206,American pika,occurrence,American pika,39.659018,-105.891928,,2025.0,,HUMAN_OBSERVATION,GBIF occurrence,https://www.gbif.org/occurrence/5229983206
5230060735,American pika,occurrence,American pika,40.410617,-105.730691,,2025.0,,HUMAN_OBSERVATION,GBIF occurrence,https://www.gbif.org/occurrence/5230060735
5230075826,American pika,occurrence,American pika,40.395858,-105.713647,,2025.0,,HUMAN_OBSERVATION,GBIF occurrence,https://www.gbif.org/occurrence/5230075826
5230161861,American pika,occurrence,American pika,40.395645,-105.712753,,2025.0,,HUMAN_OBSERVATION,GBIF occurrence,https://www.gbif.org/occurrence/5230161861
5230171101,American pika,occurrence,American pika,39.942867,-105.6838,,2025.0,,HUMAN_OBSERVATION,GBIF occurrence,https://www.gbif.org/occurrence/5230171101
5230229472,American pika,occurrence,American pika,40.427331,-105.758455,,2025.0,,HUMAN_OBSERVATION,GBIF occurrence,https://www.gbif.org/occurrence/5230229472
5230265211,American pika,occurrence,American pika,40.288602,-105.678298,,2025.0,,HUMAN_OBSERVATION,GBIF occurrence,https://www.gbif.org/occurrence/5230265211
5230298214,American pika,occurrence,American pika,39.642289,-105.81022,,2025.0,,HUMAN_OBSERVATION,GBIF occurrence,https://www.gbif.org/occurrence/5230298214
5230491939,American pika,occurrence,American pika,38.883103,-106.941247,,2025.0,,HUMAN_OBSERVATION,GBIF occurrence,https://www.gbif.org/occurrence/5230491939
5230511080,American pika,occurrence,American pika,39.58245,-105.668992,,2025.0,,HUMAN_OBSERVATION,GBIF occurrence,https://www.gbif.org/occurrence/5230511080
5230564444,American pika,occurrence,American pika,40.427624,-105.758916,,2025.0,,HUMAN_OBSERVATION,GBIF occurrence,https://www.gbif.org/occurrence/5230564444
5230587388,American pika,occurrence,American pika,38.827845,-106.409216,,2025.0,,HUMAN_OBSERVATION,GBIF occurrence,https://www.gbif.org/occurrence/5230587388
5230592562,American pika,occurrence,American pika,40.39585,-105.713735,,2025.0,,HUMAN_OBSERVATION,GBIF occurrence,https://www.gbif.org/occurrence/5230592562
5230610092,American pika,occurrence,American pika,39.582764,-105.668615,,2025.0,,HUMAN_OBSERVATION,GBIF occurrence,https://www.gbif.org/occurrence/5230610092
5230834908,American pika,occurrence,American pika,40.373613,-105.781662,,2025.0,,HUMAN_OBSERVATION,GBIF occurrence,https://www.gbif.org/occurrence/5230834908
5230877459,American pika,occurrence,American pika,39.124006,-106.437928,,2025.0,,HUMAN_OBSERVATION,GBIF occurrence,https://www.gbif.org/occurrence/5230877459
5230971471,American pika,occurrence,American pika,39.327325,-106.121811,,2025.0,,HUMAN_OBSERVATION,GBIF occurrence,https://www.gbif.org/occurrence/5230971471
5231018996,American pika,occurrence,American pika,39.658542,-105.880875,,2025.0,,HUMAN_OBSERVATION,GBIF occurrence,https://www.gbif.org/occurrence/5231018996
5231030257,American pika,occurrence,American pika,39.056978,-106.65124,,2025.0,,HUMAN_OBSERVATION,GBIF occurrence,https://www.gbif.org/occurrence/5231030257
5231142135,American pika,occurrence,American pika,40.468797,-105.751799,,2025.0,,HUMAN_OBSERVATION,GBIF occurrence,https://www.gbif.org/occurrence/5231142135
5231142625,American pika,occurrence,American pika,38.067132,-107.461371,,2025.0,,HUMAN_OBSERVATION,GBIF occurrence,https://www.gbif.org/occurrence/5231142625
5231153262,American pika,occurrence,American pika,40.437113,-105.76732,,2025.0,,HUMAN_OBSERVATION,GBIF occurrence,https://www.gbif.org/occurrence/5231153262
5231162795,American pika,occurrence,American pika,40.292275,-105.52165,,2025.0,,HUMAN_OBSERVATION,GBIF occurrence,https://www.gbif.org/occurrence/5231162795
5231177331,American pika,occurrence,American pika,37.829301,-107.800576,,2025.0,,HUMAN_OBSERVATION,GBIF occurrence,https://www.gbif.org/occurrence/5231177331
5231314835,American pika,occurrence,American pika,40.421514,-105.691246,,2025.0,,HUMAN_OBSERVATION,GBIF occurrence,https://www.gbif.org/occurrence/5231314835
5231317164,American pika,occurrence,American pika,38.826094,-106.413768,,2025.0,,HUMAN_OBSERVATION,GBIF occurrence,https://www.gbif.org/occurrence/5231317164
5231319524,American pika,occurrence,American pika,39.117714,-106.44532,,2025.0,,HUMAN_OBSERVATION,GBIF occurrence,https://www.gbif.org/occurrence/5231319524
5231430743,American pika,occurrence,American pika,39.116347,-107.047028,,2025.0,,HUMAN_OBSERVATION,GBIF occurrence,https://www.gbif.org/occurrence/5231430743
5231431157,American pika,occurrence,American pika,40.019675,-105.649697,,2025.0,,HUMAN_OBSERVATION,GBIF occurrence,https://www.gbif.org/occurrence/5231431157
5231432136,American pika,occurrence,American pika,39.946543,-105.679842,,2025.0,,HUMAN_OBSERVATION,GBIF occurrence,https://www.gbif.org/occurrence/5231432136
5231524217,American pika,occurrence,American pika,39.432866,-106.218257,,2025.0,,HUMAN_OBSERVATION,GBIF occurrence,https://www.gbif.org/occurrence/5231524217
5231579274,American pika,occurrence,American pika,40.528714,-105.667234,,2025.0,,HUMAN_OBSERVATION,GBIF occurrence,https://www.gbif.org/occurrence/5231579274
5231624347,American pika,occurrence,American pika,40.410084,-105.716025,,2025.0,,HUMAN_OBSERVATION,GBIF occurrence,https://www.gbif.org/occurrence/5231624347
5231765656,American pika,occurrence,American pika,40.103242,-105.61273,,2025.0,,HUMAN_OBSERVATION,GBIF occurrence,https://www.gbif.org/occurrence/5231765656
5231779572,American pika,occurrence,American pika,38.705813,-106.417908,,2025.0,,HUMAN_OBSERVATION,GBIF occurrence,https://www.gbif.org/occurrence/5231779572
5231899109,American pika,occurrence,American pika,38.826813,-106.41147,,2025.0,,HUMAN_OBSERVATION,GBIF occurrence,https://www.gbif.org/occurrence/5231899109
5231918560,American pika,occurrence,American pika,40.412705,-105.734092,,2025.0,,HUMAN_OBSERVATION,GBIF occurrence,https://www.gbif.org/occurrence/5231918560
5237593373,American pika,occurrence,American pika,40.483158,-105.8834,,2025.0,,HUMAN_OBSERVATION,GBIF occurrence,https://www.gbif.org/occurrence/5237593373
5237624708,American pika,occurrence,American pika,40.440775,-105.755052,,2025.0,,HUMAN_OBSERVATION,GBIF occurrence,https://www.gbif.org/occurrence/5237624708
5237680611,American pika,occurrence,American pika,39.582605,-105.668687,,2025.0,,HUMAN_OBSERVATION,GBIF occurrence,https://www.gbif.org/occurrence/5237680611
5237716633,American pika,occurrence,American pika,40.28939,-105.518534,,2025.0,,HUMAN_OBSERVATION,GBIF occurrence,https://www.gbif.org/occurrence/5237716633
5237722119,American pika,occurrence,American pika,39.946373,-105.680021,,2025.0,,HUMAN_OBSERVATION,GBIF occurrence,https://www.gbif.org/occurrence/5237722119
5237806056,American pika,occurrence,American pika,38.822657,-106.748845,,2025.0,,HUMAN_OBSERVATION,GBIF occurrence,https://www.gbif.org/occurrence/5237806056
5237822368,American pika,occurrence,American pika,40.39588,-105.713797,,2025.0,,HUMAN_OBSERVATION,GBIF occurrence,https://www.gbif.org/occurrence/5237822368
5237832397,American pika,occurrence,American pika,40.263958,-105.615288,,2025.0,,HUMAN_OBSERVATION,GBIF occurrence,https://www.gbif.org/occurrence/5237832397
5237865261,American pika,occurrence,American pika,39.557209,-106.196135,,2025.0,,HUMAN_OBSERVATION,GBIF occurrence,https://www.gbif.org/occurrence/5237865261
5237912372,American pika,occurrence,American pika,39.639855,-105.819347,,2025.0,,HUMAN_OBSERVATION,GBIF occurrence,https://www.gbif.org/occurrence/5237912372
5237968267,American pika,occurrence,American pika,39.0734,-106.9712,,2025.0,,HUMAN_OBSERVATION,GBIF occurrence,https://www.gbif.org/occurrence/5237968267
5238037779,American pika,occurrence,American pika,39.661202,-105.883609,,2025.0,,HUMAN_OBSERVATION,GBIF occurrence,https://www.gbif.org/occurrence/5238037779
5238040182,American pika,occurrence,American pika,39.388897,-106.092553,,2025.0,,HUMAN_OBSERVATION,GBIF occurrence,https://www.gbif.org/occurrence/5238040182
5238053589,American pika,occurrence,American pika,39.358459,-106.040657,,2025.0,,HUMAN_OBSERVATION,GBIF occurrence,https://www.gbif.org/occurrence/5238053589
5238074718,American pika,occurrence,American pika,39.515258,-106.109589,,2025.0,,HUMAN_OBSERVATION,GBIF occurrence,https://www.gbif.org/occurrence/5238074718
5238081789,American pika,occurrence,American pika,39.970688,-107.257287,,2025.0,,HUMAN_OBSERVATION,GBIF occurrence,https://www.gbif.org/occurrence/5238081789
5238088775,American pika,occurrence,American pika,39.654376,-105.879346,,2025.0,,HUMAN_OBSERVATION,GBIF occurrence,https://www.gbif.org/occurrence/5238088775
5238153331,American pika,occurrence,American pika,40.358774,-105.700064,,2025.0,,HUMAN_OBSERVATION,GBIF occurrence,https://www.gbif.org/occurrence/5238153331
5281910593,American pika,occurrence,American pika,37.536331,-106.800713,,2025.0,,HUMAN_OBSERVATION,GBIF occurrence,https://www.gbif.org/occurrence/5281910593
5282038887,American pika,occurrence,American pika,40.069128,-105.609317,,2025.0,,HUMAN_OBSERVATION,GBIF occurrence,https://www.gbif.org/occurrence/5282038887
5282153037,American pika,occurrence,American pika,39.661835,-105.88118,,2025.0,,HUMAN_OBSERVATION,GBIF occurrence,https://www.gbif.org/occurrence/5282153037
5282195444,American pika,occurrence,American pika,39.6195,-106.13169,,2025.0,,HUMAN_OBSERVATION,GBIF occurrence,https://www.gbif.org/occurrence/5282195444
5282238262,American pika,occurrence,American pika,39.68531,-105.926125,,2025.0,,HUMAN_OBSERVATION,GBIF occurrence,https://www.gbif.org/occurrence/5282238262
5282281027,American pika,occurrence,American pika,39.037286,-106.827704,,2025.0,,HUMAN_OBSERVATION,GBIF occurrence,https://www.gbif.org/occurrence/5282281027
5282311725,American pika,occurrence,American pika,39.662306,-105.8809,,2025.0,,HUMAN_OBSERVATION,GBIF occurrence,https://www.gbif.org/occurrence/5282311725
5282445090,American pika,occurrence,American pika,40.411642,-105.732828,,2025.0,,HUMAN_OBSERVATION,GBIF occurrence,https://www.gbif.org/occurrence/5282445090
5282456980,American pika,occurrence,American pika,40.314225,-105.677548,,2025.0,,HUMAN_OBSERVATION,GBIF occurrence,https://www.gbif.org/occurrence/5282456980
5282457237,American pika,occurrence,American pika,39.086433,-106.9687,,2025.0,,HUMAN_OBSERVATION,GBIF occurrence,https://www.gbif.org/occurrence/5282457237
5282517305,American pika,occurrence,American pika,40.412258,-105.733305,,2025.0,,HUMAN_OBSERVATION,GBIF occurrence,https://www.gbif.org/occurrence/5282517305
5282546760,American pika,occurrence,American pika,39.662708,-105.884106,,2025.0,,HUMAN_OBSERVATION,GBIF occurrence,https://www.gbif.org/occurrence/5282546760
5282573666,American pika,occurrence,American pika,40.440907,-105.754545,,2025.0,,HUMAN_OBSERVATION,GBIF occurrence,https://www.gbif.org/occurrence/5282573666
5282583072,American pika,occurrence,American pika,39.897258,-105.680156,,2025.0,,HUMAN_OBSERVATION,GBIF occurrence,https://www.gbif.org/occurrence/5282583072
5282636304,American pika,occurrence,American pika,39.661578,-105.883146,,2025.0,,HUMAN_OBSERVATION,GBIF occurrence,https://www.gbif.org/occurrence/5282636304
5291745264,American pika,occurrence,American pika,40.412944,-105.729003,,2025.0,,HUMAN_OBSERVATION,GBIF occurrence,https://www.gbif.org/occurrence/5291745264
5291769488,American pika,occurrence,American pika,40.395867,-105.713682,,2025.0,,HUMAN_OBSERVATION,GBIF occurrence,https://www.gbif.org/occurrence/5291769488
5292147487,American pika,occurrence,American pika,39.661793,-105.881374,,2025.0,,HUMAN_OBSERVATION,GBIF occurrence,https://www.gbif.org/occurrence/5292147487
5292341749,American pika,occurrence,American pika,39.194146,-106.470084,,2025.0,,HUMAN_OBSERVATION,GBIF occurrence,https://www.gbif.org/occurrence/5292341749
5292567789,American pika,occurrence,American pika,40.395888,-105.713742,,2025.0,,HUMAN_OBSERVATION,GBIF occurrence,https://www.gbif.org/occurrence/5292567789
5292611960,American pika,occurrence,American pika,37.963325,-107.006164,,2025.0,,HUMAN_OBSERVATION,GBIF occurrence,https://www.gbif.org/occurrence/5292611960
5292789735,American pika,occurrence,American pika,40.7823,-106.680852,,2025.0,,HUMAN_OBSERVATION,GBIF occurrence,https://www.gbif.org/occurrence/5292789735
5292888436,American pika,occurrence,American pika,39.660273,-105.884582,,2025.0,,HUMAN_OBSERVATION,GBIF occurrence,https://www.gbif.org/occurrence/5292888436
5293130767,American pika,occurrence,American pika,38.971378,-106.371072,,2025.0,,HUMAN_OBSERVATION,GBIF occurrence,https://www.gbif.org/occurrence/5293130767
5293148639,American pika,occurrence,American pika,40.4123,-105.73333,,2025.0,,HUMAN_OBSERVATION,GBIF occurrence,https://www.gbif.org/occurrence/5293148639
5293201719,American pika,occurrence,American pika,40.41235,-105.733167,,2025.0,,HUMAN_OBSERVATION,GBIF occurrence,https://www.gbif.org/occurrence/5293201719
5293229036,American pika,occurrence,American pika,40.412227,-105.733237,,2025.0,,HUMAN_OBSERVATION,GBIF occurrence,https://www.gbif.org/occurrence/5293229036
5293265531,American pika,occurrence,American pika,40.39594,-105.713795,,2025.0,,HUMAN_OBSERVATION,GBIF occurrence,https://www.gbif.org/occurrence/5293265531
5761023436,American pika,occurrence,American pika,39.644734,-105.809233,,2025.0,,HUMAN_OBSERVATION,GBIF occurrence,https://www.gbif.org/occurrence/5761023436
5761149164,American pika,occurrence,American pika,39.580637,-105.671524,,2025.0,,HUMAN_OBSERVATION,GBIF occurrence,https://www.gbif.org/occurrence/5761149164
5828516478,American pika,occurrence,American pika,39.39498,-106.090651,,2025.0,,HUMAN_OBSERVATION,GBIF occurrence,https://www.gbif.org/occurrence/5828516478
5839899697,American pika,occurrence,American pika,39.214317,-106.177283,,2025.0,,HUMAN_OBSERVATION,GBIF occurrence,https://www.gbif.org/occurrence/5839899697
5867790176,American pika,occurrence,American pika,40.003249,-107.232435,,2025.0,,HUMAN_OBSERVATION,GBIF occurrence,https://www.gbif.org/occurrence/5867790176
5897445520,American pika,occurrence,American pika,37.993988,-107.789655,,2025.0,,HUMAN_OBSERVATION,GBIF occurrence,https://www.gbif.org/occurrence/5897445520
5936188700,American pika,occurrence,American pika,39.386635,-106.101789,,2025.0,,HUMAN_OBSERVATION,GBIF occurrence,https://www.gbif.org/occurrence/5936188700
6131385155,American pika,occurrence,American pika,40.263747,-105.615395,,2025.0,,HUMAN_OBSERVATION,GBIF occurrence,https://www.gbif.org/occurrence/6131385155
6170869873,American pika,occurrence,American pika,38.649419,-106.403492,,2025.0,,HUMAN_OBSERVATION,GBIF occurrence,https://www.gbif.org/occurrence/6170869873
6179168798,American pika,occurrence,American pika,39.625709,-105.782314,,2025.0,,HUMAN_OBSERVATION,GBIF occurrence,https://www.gbif.org/occurrence/6179168798
6413507365,American pika,occurrence,American pika,40.446807,-105.75465,,2025.0,,HUMAN_OBSERVATION,GBIF occurrence,https://www.gbif.org/occurrence/6413507365
6431833324,American pika,occurrence,American pika,37.957025,-107.032892,,2025.0,,HUMAN_OBSERVATION,GBIF occurrence,https://www.gbif.org/occurrence/6431833324
5281771942,American pika,occurrence,American pika,38.844135,-106.415332,,2025.0,,HUMAN_OBSERVATION,GBIF occurrence,https://www.gbif.org/occurrence/5281771942
5281782715,American pika,occurrence,American pika,39.631613,-106.134422,,2025.0,,HUMAN_OBSERVATION,GBIF occurrence,https://www.gbif.org/occurrence/5281782715
5281843444,American pika,occurrence,American pika,39.631728,-106.133911,,2025.0,,HUMAN_OBSERVATION,GBIF occurrence,https://www.gbif.org/occurrence/5281843444
5281854980,American pika,occurrence,American pika,37.57873,-105.485742,,2025.0,,HUMAN_OBSERVATION,GBIF occurrence,https://www.gbif.org/occurrence/5281854980
5281863481,American pika,occurrence,American pika,37.961883,-106.94017,,2025.0,,HUMAN_OBSERVATION,GBIF occurrence,https://www.gbif.org/occurrence/5281863481
5281902106,American pika,occurrence,American pika,37.569845,-105.520753,,2025.0,,HUMAN_OBSERVATION,GBIF occurrence,https://www.gbif.org/occurrence/5281902106
5281934412,American pika,occurrence,American pika,39.36505,-106.043297,,2025.0,,HUMAN_OBSERVATION,GBIF occurrence,https://www.gbif.org/occurrence/5281934412
5282004012,American pika,occurrence,American pika,39.631653,-106.1343,,2025.0,,HUMAN_OBSERVATION,GBIF occurrence,https://www.gbif.org/occurrence/5282004012
5282026784,American pika,occurrence,American pika,39.54947,-106.206055,,2025.0,,HUMAN_OBSERVATION,GBIF occurrence,https://www.gbif.org/occurrence/5282026784
5282068720,American pika,occurrence,American pika,39.631595,-106.134803,,2025.0,,HUMAN_OBSERVATION,GBIF occurrence,https://www.gbif.org/occurrence/5282068720
5282207095,American pika,occurrence,American pika,39.631653,-106.134308,,2025.0,,HUMAN_OBSERVATION,GBIF occurrence,https://www.gbif.org/occurrence/5282207095
5282285769,American pika,occurrence,American pika,37.567617,-105.510184,,2025.0,,HUMAN_OBSERVATION,GBIF occurrence,https://www.gbif.org/occurrence/5282285769
5282323399,American pika,occurrence,American pika,39.631533,-106.134833,,2025.0,,HUMAN_OBSERVATION,GBIF occurrence,https://www.gbif.org/occurrence/5282323399
5282337321,American pika,occurrence,American pika,40.316967,-105.691667,,2025.0,,HUMAN_OBSERVATION,GBIF occurrence,https://www.gbif.org/occurrence/5282337321
5282433421,American pika,occurrence,American pika,39.631655,-106.134133,,2025.0,,HUMAN_OBSERVATION,GBIF occurrence,https://www.gbif.org/occurrence/5282433421
5282480981,American pika,occurrence,American pika,40.411518,-105.732597,,2025.0,,HUMAN_OBSERVATION,GBIF occurrence,https://www.gbif.org/occurrence/5282480981
5282532426,American pika,occurrence,American pika,40.412925,-105.72892,,2025.0,,HUMAN_OBSERVATION,GBIF occurrence,https://www.gbif.org/occurrence/5282532426
5291741398,American pika,occurrence,American pika,39.386555,-106.103599,,2025.0,,HUMAN_OBSERVATION,GBIF occurrence,https://www.gbif.org/occurrence/5291741398
5291746377,American pika,occurrence,American pika,40.412173,-105.733187,,2025.0,,HUMAN_OBSERVATION,GBIF occurrence,https://www.gbif.org/occurrence/5291746377
5291753640,American pika,occurrence,American pika,39.667245,-105.894993,,2025.0,,HUMAN_OBSERVATION,GBIF occurrence,https://www.gbif.org/occurrence/5291753640
5291804009,American pika,occurrence,American pika,38.828084,-106.409099,,2025.0,,HUMAN_OBSERVATION,GBIF occurrence,https://www.gbif.org/occurrence/5291804009
5291822845,American pika,occurrence,American pika,39.388787,-106.092084,,2025.0,,HUMAN_OBSERVATION,GBIF occurrence,https://www.gbif.org/occurrence/5291822845
5291847597,American pika,occurrence,American pika,40.411696,-105.732854,,2025.0,,HUMAN_OBSERVATION,GBIF occurrence,https://www.gbif.org/occurrence/5291847597
5291937365,American pika,occurrence,American pika,40.428659,-105.759545,,2025.0,,HUMAN_OBSERVATION,GBIF occurrence,https://www.gbif.org/occurrence/5291937365
5291942638,American pika,occurrence,American pika,38.776422,-106.383843,,2025.0,,HUMAN_OBSERVATION,GBIF occurrence,https://www.gbif.org/occurrence/5291942638
5291969574,American pika,occurrence,American pika,40.353638,-105.702814,,2025.0,,HUMAN_OBSERVATION,GBIF occurrence,https://www.gbif.org/occurrence/5291969574
5291979156,American pika,occurrence,American pika,39.17123,-106.48038,,2025.0,,HUMAN_OBSERVATION,GBIF occurrence,https://www.gbif.org/occurrence/5291979156
5292053611,American pika,occurrence,American pika,40.412838,-105.729198,,2025.0,,HUMAN_OBSERVATION,GBIF occurrence,https://www.gbif.org/occurrence/5292053611
5292076502,American pika,occurrence,American pika,39.117546,-106.445741,,2025.0,,HUMAN_OBSERVATION,GBIF occurrence,https://www.gbif.org/occurrence/5292076502
5292080004,American pika,occurrence,American pika,39.386483,-106.105692,,2025.0,,HUMAN_OBSERVATION,GBIF occurrence,https://www.gbif.org/occurrence/5292080004
5292114620,American pika,occurrence,American pika,40.395857,-105.713789,,2025.0,,HUMAN_OBSERVATION,GBIF occurrence,https://www.gbif.org/occurrence/5292114620
5292172157,American pika,occurrence,American pika,37.912878,-107.504364,,2025.0,,HUMAN_OBSERVATION,GBIF occurrence,https://www.gbif.org/occurrence/5292172157
5292186269,American pika,occurrence,American pika,40.181993,-105.64641,,2025.0,,HUMAN_OBSERVATION,GBIF occurrence,https://www.gbif.org/occurrence/5292186269
5292312589,American pika,occurrence,American pika,39.530724,-106.417601,,2025.0,,HUMAN_OBSERVATION,GBIF occurrence,https://www.gbif.org/occurrence/5292312589
5292327126,American pika,occurrence,American pika,37.9049,-107.510769,,2025.0,,HUMAN_OBSERVATION,GBIF occurrence,https://www.gbif.org/occurrence/5292327126
5292366309,American pika,occurrence,American pika,39.481485,-106.479987,,2025.0,,HUMAN_OBSERVATION,GBIF occurrence,https://www.gbif.org/occurrence/5292366309
5292398785,American pika,occurrence,American pika,39.1729,-106.47688,,2025.0,,HUMAN_OBSERVATION,GBIF occurrence,https://www.gbif.org/occurrence/5292398785
5292433533,American pika,occurrence,American pika,39.47795,-106.480545,,2025.0,,HUMAN_OBSERVATION,GBIF occurrence,https://www.gbif.org/occurrence/5292433533
5292435652,American pika,occurrence,American pika,40.583261,-105.667541,,2025.0,,HUMAN_OBSERVATION,GBIF occurrence,https://www.gbif.org/occurrence/5292435652
5292513976,American pika,occurrence,American pika,40.412183,-105.733264,,2025.0,,HUMAN_OBSERVATION,GBIF occurrence,https://www.gbif.org/occurrence/5292513976
5292537573,American pika,occurrence,American pika,39.499268,-106.09947,,2025.0,,HUMAN_OBSERVATION,GBIF occurrence,https://www.gbif.org/occurrence/5292537573
5292618619,American pika,occurrence,American pika,40.307278,-105.683262,,2025.0,,HUMAN_OBSERVATION,GBIF occurrence,https://www.gbif.org/occurrence/5292618619
5292626684,American pika,occurrence,American pika,39.492378,-106.458183,,2025.0,,HUMAN_OBSERVATION,GBIF occurrence,https://www.gbif.org/occurrence/5292626684
5292632266,American pika,occurrence,American pika,40.095842,-105.584755,,2025.0,,HUMAN_OBSERVATION,GBIF occurrence,https://www.gbif.org/occurrence/5292632266
5292635333,American pika,occurrence,American pika,40.424943,-105.752532,,2025.0,,HUMAN_OBSERVATION,GBIF occurrence,https://www.gbif.org/occurrence/5292635333
5292650639,American pika,occurrence,American pika,39.790919,-105.81262,,2025.0,,HUMAN_OBSERVATION,GBIF occurrence,https://www.gbif.org/occurrence/5292650639
5292689297,American pika,occurrence,American pika,39.530176,-106.416028,,2025.0,,HUMAN_OBSERVATION,GBIF occurrence,https://www.gbif.org/occurrence/5292689297
5292705666,American pika,occurrence,American pika,40.412108,-105.733208,,2025.0,,HUMAN_OBSERVATION,GBIF occurrence,https://www.gbif.org/occurrence/5292705666
5292774162,American pika,occurrence,American pika,40.095847,-105.584763,,2025.0,,HUMAN_OBSERVATION,GBIF occurrence,https://www.gbif.org/occurrence/5292774162
5292823861,American pika,occurrence,American pika,39.386657,-106.105,,2025.0,,HUMAN_OBSERVATION,GBIF occurrence,https://www.gbif.org/occurrence/5292823861
5938162757,Black-tailed prairie dog,occurrence,Black-tailed prairie dog,39.93733,-105.160199,,2026.0,,HUMAN_OBSERVATION,GBIF occurrence,https://www.gbif.org/occurrence/5938162757
5938363394,Black-tailed prairie dog,occurrence,Black-tailed prairie dog,39.606621,-105.098504,,2026.0,,HUMAN_OBSERVATION,GBIF occurrence,https://www.gbif.org/occurrence/5938363394
5938386193,Black-tailed prairie dog,occurrence,Black-tailed prairie dog,39.849422,-104.818614,,2026.0,,HUMAN_OBSERVATION,GBIF occurrence,https://www.gbif.org/occurrence/5938386193
5938394543,Black-tailed prairie dog,occurrence,Black-tailed prairie dog,39.602867,-105.082672,,2026.0,,HUMAN_OBSERVATION,GBIF occurrence,https://www.gbif.org/occurrence/5938394543
5938407290,Black-tailed prairie dog,occurrence,Black-tailed prairie dog,40.153728,-105.178207,,2026.0,,HUMAN_OBSERVATION,GBIF occurrence,https://www.gbif.org/occurrence/5938407290
5938424046,Black-tailed prairie dog,occurrence,Black-tailed prairie dog,39.885752,-105.067017,,2026.0,,HUMAN_OBSERVATION,GBIF occurrence,https://www.gbif.org/occurrence/5938424046
5938538463,Black-tailed prairie dog,occurrence,Black-tailed prairie dog,38.713964,-104.716029,,2026.0,,HUMAN_OBSERVATION,GBIF occurrence,https://www.gbif.org/occurrence/5938538463
5938592516,Black-tailed prairie dog,occurrence,Black-tailed prairie dog,40.021903,-105.155128,,2026.0,,HUMAN_OBSERVATION,GBIF occurrence,https://www.gbif.org/occurrence/5938592516
5938606339,Black-tailed prairie dog,occurrence,Black-tailed prairie dog,39.871187,-105.026359,,2026.0,,HUMAN_OBSERVATION,GBIF occurrence,https://www.gbif.org/occurrence/5938606339
5938647267,Black-tailed prairie dog,occurrence,Black-tailed prairie dog,39.913883,-105.065117,,2026.0,,HUMAN_OBSERVATION,GBIF occurrence,https://www.gbif.org/occurrence/5938647267
6129832035,Black-tailed prairie dog,occurrence,Black-tailed prairie dog,40.158592,-105.29563,,2026.0,,HUMAN_OBSERVATION,GBIF occurrence,https://www.gbif.org/occurrence/6129832035
6129843451,Black-tailed prairie dog,occurrence,Black-tailed prairie dog,40.234705,-105.218798,,2026.0,,HUMAN_OBSERVATION,GBIF occurrence,https://www.gbif.org/occurrence/6129843451
6130009616,Black-tailed prairie dog,occurrence,Black-tailed prairie dog,39.816858,-104.879039,,2026.0,,HUMAN_OBSERVATION,GBIF occurrence,https://www.gbif.org/occurrence/6130009616
6130020437,Black-tailed prairie dog,occurrence,Black-tailed prairie dog,39.844278,-104.817052,,2026.0,,HUMAN_OBSERVATION,GBIF occurrence,https://www.gbif.org/occurrence/6130020437
6130094697,Black-tailed prairie dog,occurrence,Black-tailed prairie dog,39.882942,-104.932811,,2026.0,,HUMAN_OBSERVATION,GBIF occurrence,https://www.gbif.org/occurrence/6130094697
6130318365,Black-tailed prairie dog,occurrence,Black-tailed prairie dog,39.813056,-104.828035,,2026.0,,HUMAN_OBSERVATION,GBIF occurrence,https://www.gbif.org/occurrence/6130318365
6130460844,Black-tailed prairie dog,occurrence,Black-tailed prairie dog,39.61828,-104.847306,,2026.0,,HUMAN_OBSERVATION,GBIF occurrence,https://www.gbif.org/occurrence/6130460844
6130554528,Black-tailed prairie dog,occurrence,Black-tailed prairie dog,39.537506,-105.059586,,2026.0,,HUMAN_OBSERVATION,GBIF occurrence,https://www.gbif.org/occurrence/6130554528
6130563971,Black-tailed prairie dog,occurrence,Black-tailed prairie dog,39.941257,-105.107947,,2026.0,,HUMAN_OBSERVATION,GBIF occurrence,https://www.gbif.org/occurrence/6130563971
6130638321,Black-tailed prairie dog,occurrence,Black-tailed prairie dog,40.153375,-105.299857,,2026.0,,HUMAN_OBSERVATION,GBIF occurrence,https://www.gbif.org/occurrence/6130638321
6130812395,Black-tailed prairie dog,occurrence,Black-tailed prairie dog,39.665333,-105.101652,,2026.0,,HUMAN_OBSERVATION,GBIF occurrence,https://www.gbif.org/occurrence/6130812395
6130976913,Black-tailed prairie dog,occurrence,Black-tailed prairie dog,40.24799,-105.216125,,2026.0,,HUMAN_OBSERVATION,GBIF occurrence,https://www.gbif.org/occurrence/6130976913
6130988236,Black-tailed prairie dog,occurrence,Black-tailed prairie dog,39.757498,-104.856267,,2026.0,,HUMAN_OBSERVATION,GBIF occurrence,https://www.gbif.org/occurrence/6130988236
6131029996,Black-tailed prairie dog,occurrence,Black-tailed prairie dog,40.155549,-104.991875,,2026.0,,HUMAN_OBSERVATION,GBIF occurrence,https://www.gbif.org/occurrence/6131029996
6131150483,Black-tailed prairie dog,occurrence,Black-tailed prairie dog,39.849552,-105.080146,,2026.0,,HUMAN_OBSERVATION,GBIF occurrence,https://www.gbif.org/occurrence/6131150483
6131223330,Black-tailed prairie dog,occurrence,Black-tailed prairie dog,40.559511,-105.14458,,2026.0,,HUMAN_OBSERVATION,GBIF occurrence,https://www.gbif.org/occurrence/6131223330
6131322920,Black-tailed prairie dog,occurrence,Black-tailed prairie dog,39.665506,-105.085495,,2026.0,,HUMAN_OBSERVATION,GBIF occurrence,https://www.gbif.org/occurrence/6131322920
6131363714,Black-tailed prairie dog,occurrence,Black-tailed prairie dog,40.016183,-105.240967,,2026.0,,HUMAN_OBSERVATION,GBIF occurrence,https://www.gbif.org/occurrence/6131363714
6131608277,Black-tailed prairie dog,occurrence,Black-tailed prairie dog,39.890087,-105.071344,,2026.0,,HUMAN_OBSERVATION,GBIF occurrence,https://www.gbif.org/occurrence/6131608277
6131699200,Black-tailed prairie dog,occurrence,Black-tailed prairie dog,40.155345,-105.232599,,2026.0,,HUMAN_OBSERVATION,GBIF occurrence,https://www.gbif.org/occurrence/6131699200
6133150731,Black-tailed prairie dog,occurrence,Black-tailed prairie dog,39.664424,-105.082537,,2026.0,,HUMAN_OBSERVATION,GBIF occurrence,https://www.gbif.org/occurrence/6133150731
6133153046,Black-tailed prairie dog,occurrence,Black-tailed prairie dog,39.758775,-104.85476,,2026.0,,HUMAN_OBSERVATION,GBIF occurrence,https://www.gbif.org/occurrence/6133153046
6133185256,Black-tailed prairie dog,occurrence,Black-tailed prairie dog,40.363916,-105.109043,,2026.0,,HUMAN_OBSERVATION,GBIF occurrence,https://www.gbif.org/occurrence/6133185256
6133220077,Black-tailed prairie dog,occurrence,Black-tailed prairie dog,39.936082,-105.02981,,2026.0,,HUMAN_OBSERVATION,GBIF occurrence,https://www.gbif.org/occurrence/6133220077
6133281112,Black-tailed prairie dog,occurrence,Black-tailed prairie dog,40.167177,-105.101928,,2026.0,,HUMAN_OBSERVATION,GBIF occurrence,https://www.gbif.org/occurrence/6133281112
6133302408,Black-tailed prairie dog,occurrence,Black-tailed prairie dog,40.14533,-105.29895,,2026.0,,HUMAN_OBSERVATION,GBIF occurrence,https://www.gbif.org/occurrence/6133302408
6133343281,Black-tailed prairie dog,occurrence,Black-tailed prairie dog,39.925144,-105.237289,,2026.0,,HUMAN_OBSERVATION,GBIF occurrence,https://www.gbif.org/occurrence/6133343281
6133435475,Black-tailed prairie dog,occurrence,Black-tailed prairie dog,39.760848,-104.860955,,2026.0,,HUMAN_OBSERVATION,GBIF occurrence,https://www.gbif.org/occurrence/6133435475
6147512609,Black-tailed prairie dog,occurrence,Black-tailed prairie dog,39.815058,-104.879558,,2026.0,,HUMAN_OBSERVATION,GBIF occurrence,https://www.gbif.org/occurrence/6147512609
6147611652,Black-tailed prairie dog,occurrence,Black-tailed prairie dog,39.710604,-104.808098,,2026.0,,HUMAN_OBSERVATION,GBIF occurrence,https://www.gbif.org/occurrence/6147611652
6163024075,Black-tailed prairie dog,occurrence,Black-tailed prairie dog,39.757884,-104.855752,,2026.0,,HUMAN_OBSERVATION,GBIF occurrence,https://www.gbif.org/occurrence/6163024075
6178301007,Black-tailed prairie dog,occurrence,Black-tailed prairie dog,40.195906,-105.160953,,2026.0,,HUMAN_OBSERVATION,GBIF occurrence,https://www.gbif.org/occurrence/6178301007
6399052865,Black-tailed prairie dog,occurrence,Black-tailed prairie dog,40.141226,-105.257581,,2026.0,,HUMAN_OBSERVATION,GBIF occurrence,https://www.gbif.org/occurrence/6399052865
6133044226,Black-tailed prairie dog,occurrence,Black-tailed prairie dog,39.567537,-105.059061,,2026.0,,HUMAN_OBSERVATION,GBIF occurrence,https://www.gbif.org/occurrence/6133044226
6133258810,Black-tailed prairie dog,occurrence,Black-tailed prairie dog,40.057408,-105.14073,,2026.0,,HUMAN_OBSERVATION,GBIF occurrence,https://www.gbif.org/occurrence/6133258810
6133508563,Black-tailed prairie dog,occurrence,Black-tailed prairie dog,40.082458,-105.248214,,2026.0,,HUMAN_OBSERVATION,GBIF occurrence,https://www.gbif.org/occurrence/6133508563
6147166533,Black-tailed prairie dog,occurrence,Black-tailed prairie dog,40.480112,-105.123847,,2026.0,,HUMAN_OBSERVATION,GBIF occurrence,https://www.gbif.org/occurrence/6147166533
6147210998,Black-tailed prairie dog,occurrence,Black-tailed prairie dog,39.886405,-105.067075,,2026.0,,HUMAN_OBSERVATION,GBIF occurrence,https://www.gbif.org/occurrence/6147210998
6147280104,Black-tailed prairie dog,occurrence,Black-tailed prairie dog,40.053704,-105.143584,,2026.0,,HUMAN_OBSERVATION,GBIF occurrence,https://www.gbif.org/occurrence/6147280104
6147281660,Black-tailed prairie dog,occurrence,Black-tailed prairie dog,40.053457,-105.142762,,2026.0,,HUMAN_OBSERVATION,GBIF occurrence,https://www.gbif.org/occurrence/6147281660
6147399349,Black-tailed prairie dog,occurrence,Black-tailed prairie dog,40.083031,-105.259637,,2026.0,,HUMAN_OBSERVATION,GBIF occurrence,https://www.gbif.org/occurrence/6147399349
6147433257,Black-tailed prairie dog,occurrence,Black-tailed prairie dog,39.759311,-104.86263,,2026.0,,HUMAN_OBSERVATION,GBIF occurrence,https://www.gbif.org/occurrence/6147433257
6159196859,Black-tailed prairie dog,occurrence,Black-tailed prairie dog,39.85511,-104.864347,,2026.0,,HUMAN_OBSERVATION,GBIF occurrence,https://www.gbif.org/occurrence/6159196859
6159203254,Black-tailed prairie dog,occurrence,Black-tailed prairie dog,40.048869,-105.119046,,2026.0,,HUMAN_OBSERVATION,GBIF occurrence,https://www.gbif.org/occurrence/6159203254
6159220549,Black-tailed prairie dog,occurrence,Black-tailed prairie dog,39.66605,-104.74578,,2026.0,,HUMAN_OBSERVATION,GBIF occurrence,https://www.gbif.org/occurrence/6159220549
6159226407,Black-tailed prairie dog,occurrence,Black-tailed prairie dog,39.971775,-104.748047,,2026.0,,HUMAN_OBSERVATION,GBIF occurrence,https://www.gbif.org/occurrence/6159226407
6159271057,Black-tailed prairie dog,occurrence,Black-tailed prairie dog,40.457883,-105.116635,,2026.0,,HUMAN_OBSERVATION,GBIF occurrence,https://www.gbif.org/occurrence/6159271057
6159273452,Black-tailed prairie dog,occurrence,Black-tailed prairie dog,40.484143,-105.004521,,2026.0,,HUMAN_OBSERVATION,GBIF occurrence,https://www.gbif.org/occurrence/6159273452
6159294428,Black-tailed prairie dog,occurrence,Black-tailed prairie dog,39.681839,-104.799647,,2026.0,,HUMAN_OBSERVATION,GBIF occurrence,https://www.gbif.org/occurrence/6159294428
6159400604,Black-tailed prairie dog,occurrence,Black-tailed prairie dog,39.971847,-104.747658,,2026.0,,HUMAN_OBSERVATION,GBIF occurrence,https://www.gbif.org/occurrence/6159400604
6159401967,Black-tailed prairie dog,occurrence,Black-tailed prairie dog,39.696053,-104.921784,,2026.0,,HUMAN_OBSERVATION,GBIF occurrence,https://www.gbif.org/occurrence/6159401967
6159418230,Black-tailed prairie dog,occurrence,Black-tailed prairie dog,39.88377,-105.0719,,2026.0,,HUMAN_OBSERVATION,GBIF occurrence,https://www.gbif.org/occurrence/6159418230
6159425756,Black-tailed prairie dog,occurrence,Black-tailed prairie dog,39.88377,-105.071908,,2026.0,,HUMAN_OBSERVATION,GBIF occurrence,https://www.gbif.org/occurrence/6159425756
6159425860,Black-tailed prairie dog,occurrence,Black-tailed prairie dog,39.517349,-104.998222,,2026.0,,HUMAN_OBSERVATION,GBIF occurrence,https://www.gbif.org/occurrence/6159425860
6159479496,Black-tailed prairie dog,occurrence,Black-tailed prairie dog,40.024094,-105.2291,,2026.0,,HUMAN_OBSERVATION,GBIF occurrence,https://www.gbif.org/occurrence/6159479496
6159704391,Black-tailed prairie dog,occurrence,Black-tailed prairie dog,39.681789,-104.802258,,2026.0,,HUMAN_OBSERVATION,GBIF occurrence,https://www.gbif.org/occurrence/6159704391
6162792011,Black-tailed prairie dog,occurrence,Black-tailed prairie dog,39.837022,-104.837586,,2026.0,,HUMAN_OBSERVATION,GBIF occurrence,https://www.gbif.org/occurrence/6162792011
6162805250,Black-tailed prairie dog,occurrence,Black-tailed prairie dog,39.587647,-104.566024,,2026.0,,HUMAN_OBSERVATION,GBIF occurrence,https://www.gbif.org/occurrence/6162805250
6162967663,Black-tailed prairie dog,occurrence,Black-tailed prairie dog,40.059781,-105.064131,,2026.0,,HUMAN_OBSERVATION,GBIF occurrence,https://www.gbif.org/occurrence/6162967663
6163052494,Black-tailed prairie dog,occurrence,Black-tailed prairie dog,40.539283,-105.134919,,2026.0,,HUMAN_OBSERVATION,GBIF occurrence,https://www.gbif.org/occurrence/6163052494
6163208130,Black-tailed prairie dog,occurrence,Black-tailed prairie dog,40.250068,-105.200971,,2026.0,,HUMAN_OBSERVATION,GBIF occurrence,https://www.gbif.org/occurrence/6163208130
6163241682,Black-tailed prairie dog,occurrence,Black-tailed prairie dog,39.853617,-105.141971,,2026.0,,HUMAN_OBSERVATION,GBIF occurrence,https://www.gbif.org/occurrence/6163241682
6163348406,Black-tailed prairie dog,occurrence,Black-tailed prairie dog,39.878757,-105.011936,,2026.0,,HUMAN_OBSERVATION,GBIF occurrence,https://www.gbif.org/occurrence/6163348406
6163349567,Black-tailed prairie dog,occurrence,Black-tailed prairie dog,39.622658,-104.849945,,2026.0,,HUMAN_OBSERVATION,GBIF occurrence,https://www.gbif.org/occurrence/6163349567
6163379678,Black-tailed prairie dog,occurrence,Black-tailed prairie dog,40.137003,-105.186861,,2026.0,,HUMAN_OBSERVATION,GBIF occurrence,https://www.gbif.org/occurrence/6163379678
6170868442,Black-tailed prairie dog,occurrence,Black-tailed prairie dog,39.805164,-104.821014,,2026.0,,HUMAN_OBSERVATION,GBIF occurrence,https://www.gbif.org/occurrence/6170868442
6170908547,Black-tailed prairie dog,occurrence,Black-tailed prairie dog,39.907517,-105.074653,,2026.0,,HUMAN_OBSERVATION,GBIF occurrence,https://www.gbif.org/occurrence/6170908547
6170928157,Black-tailed prairie dog,occurrence,Black-tailed prairie dog,39.620838,-104.850878,,2026.0,,HUMAN_OBSERVATION,GBIF occurrence,https://www.gbif.org/occurrence/6170928157
6171113018,Black-tailed prairie dog,occurrence,Black-tailed prairie dog,40.547717,-105.142647,,2026.0,,HUMAN_OBSERVATION,GBIF occurrence,https://www.gbif.org/occurrence/6171113018
6171315158,Black-tailed prairie dog,occurrence,Black-tailed prairie dog,39.899434,-105.052759,,2026.0,,HUMAN_OBSERVATION,GBIF occurrence,https://www.gbif.org/occurrence/6171315158
6171367380,Black-tailed prairie dog,occurrence,Black-tailed prairie dog,39.856653,-104.844584,,2026.0,,HUMAN_OBSERVATION,GBIF occurrence,https://www.gbif.org/occurrence/6171367380
6187893578,Black-tailed prairie dog,occurrence,Black-tailed prairie dog,39.572611,-104.821102,,2026.0,,HUMAN_OBSERVATION,GBIF occurrence,https://www.gbif.org/occurrence/6187893578
6235318301,Black-tailed prairie dog,occurrence,Black-tailed prairie dog,40.539277,-105.134906,,2026.0,,HUMAN_OBSERVATION,GBIF occurrence,https://www.gbif.org/occurrence/6235318301
6273853420,Black-tailed prairie dog,occurrence,Black-tailed prairie dog,38.712555,-104.716503,,2026.0,,HUMAN_OBSERVATION,GBIF occurrence,https://www.gbif.org/occurrence/6273853420
6321176960,Black-tailed prairie dog,occurrence,Black-tailed prairie dog,39.821593,-104.828965,,2026.0,,HUMAN_OBSERVATION,GBIF occurrence,https://www.gbif.org/occurrence/6321176960
6413826460,Black-tailed prairie dog,occurrence,Black-tailed prairie dog,39.812837,-104.828033,,2026.0,,HUMAN_OBSERVATION,GBIF occurrence,https://www.gbif.org/occurrence/6413826460
6178311928,Black-tailed prairie dog,occurrence,Black-tailed prairie dog,39.886539,-104.932563,,2026.0,,HUMAN_OBSERVATION,GBIF occurrence,https://www.gbif.org/occurrence/6178311928
6178313877,Black-tailed prairie dog,occurrence,Black-tailed prairie dog,39.812695,-104.827688,,2026.0,,HUMAN_OBSERVATION,GBIF occurrence,https://www.gbif.org/occurrence/6178313877
6178391169,Black-tailed prairie dog,occurrence,Black-tailed prairie dog,40.562065,-105.146089,,2026.0,,HUMAN_OBSERVATION,GBIF occurrence,https://www.gbif.org/occurrence/6178391169
6178400918,Black-tailed prairie dog,occurrence,Black-tailed prairie dog,39.664676,-105.088658,,2026.0,,HUMAN_OBSERVATION,GBIF occurrence,https://www.gbif.org/occurrence/6178400918
6178438112,Black-tailed prairie dog,occurrence,Black-tailed prairie dog,39.658739,-104.730667,,2026.0,,HUMAN_OBSERVATION,GBIF occurrence,https://www.gbif.org/occurrence/6178438112
6178446451,Black-tailed prairie dog,occurrence,Black-tailed prairie dog,39.858231,-104.992638,,2026.0,,HUMAN_OBSERVATION,GBIF occurrence,https://www.gbif.org/occurrence/6178446451
6178751614,Black-tailed prairie dog,occurrence,Black-tailed prairie dog,39.549624,-105.119358,,2026.0,,HUMAN_OBSERVATION,GBIF occurrence,https://www.gbif.org/occurrence/6178751614
6178946242,Black-tailed prairie dog,occurrence,Black-tailed prairie dog,39.848637,-104.821337,,2026.0,,HUMAN_OBSERVATION,GBIF occurrence,https://www.gbif.org/occurrence/6178946242
6179042111,Black-tailed prairie dog,occurrence,Black-tailed prairie dog,39.715683,-104.800658,,2026.0,,HUMAN_OBSERVATION,GBIF occurrence,https://www.gbif.org/occurrence/6179042111
6179102687,Black-tailed prairie dog,occurrence,Black-tailed prairie dog,40.047489,-105.20713,,2026.0,,HUMAN_OBSERVATION,GBIF occurrence,https://www.gbif.org/occurrence/6179102687
6179143629,Black-tailed prairie dog,occurrence,Black-tailed prairie dog,39.848055,-104.865538,,2026.0,,HUMAN_OBSERVATION,GBIF occurrence,https://www.gbif.org/occurrence/6179143629
6179233607,Black-tailed prairie dog,occurrence,Black-tailed prairie dog,39.713383,-104.801047,,2026.0,,HUMAN_OBSERVATION,GBIF occurrence,https://www.gbif.org/occurrence/6179233607
6179300964,Black-tailed prairie dog,occurrence,Black-tailed prairie dog,39.846325,-104.865555,,2026.0,,HUMAN_OBSERVATION,GBIF occurrence,https://www.gbif.org/occurrence/6179300964
6184756593,Black-tailed prairie dog,occurrence,Black-tailed prairie dog,40.562063,-105.144439,,2026.0,,HUMAN_OBSERVATION,GBIF occurrence,https://www.gbif.org/occurrence/6184756593
6184790298,Black-tailed prairie dog,occurrence,Black-tailed prairie dog,39.759823,-104.862901,,2026.0,,HUMAN_OBSERVATION,GBIF occurrence,https://www.gbif.org/occurrence/6184790298
6184811378,Black-tailed prairie dog,occurrence,Black-tailed prairie dog,39.886289,-105.066306,,2026.0,,HUMAN_OBSERVATION,GBIF occurrence,https://www.gbif.org/occurrence/6184811378
6184892472,Black-tailed prairie dog,occurrence,Black-tailed prairie dog,39.603663,-105.081603,,2026.0,,HUMAN_OBSERVATION,GBIF occurrence,https://www.gbif.org/occurrence/6184892472
6184920363,Black-tailed prairie dog,occurrence,Black-tailed prairie dog,39.582753,-104.713112,,2026.0,,HUMAN_OBSERVATION,GBIF occurrence,https://www.gbif.org/occurrence/6184920363
6184975028,Black-tailed prairie dog,occurrence,Black-tailed prairie dog,39.811642,-104.824783,,2026.0,,HUMAN_OBSERVATION,GBIF occurrence,https://www.gbif.org/occurrence/6184975028
6185258167,Black-tailed prairie dog,occurrence,Black-tailed prairie dog,39.886101,-105.066752,,2026.0,,HUMAN_OBSERVATION,GBIF occurrence,https://www.gbif.org/occurrence/6185258167
6185300098,Black-tailed prairie dog,occurrence,Black-tailed prairie dog,39.760634,-104.861303,,2026.0,,HUMAN_OBSERVATION,GBIF occurrence,https://www.gbif.org/occurrence/6185300098
6185307123,Black-tailed prairie dog,occurrence,Black-tailed prairie dog,39.7985,-104.893837,,2026.0,,HUMAN_OBSERVATION,GBIF occurrence,https://www.gbif.org/occurrence/6185307123
6185312721,Black-tailed prairie dog,occurrence,Black-tailed prairie dog,39.814125,-104.876183,,2026.0,,HUMAN_OBSERVATION,GBIF occurrence,https://www.gbif.org/occurrence/6185312721
6185444783,Black-tailed prairie dog,occurrence,Black-tailed prairie dog,40.146641,-105.039804,,2026.0,,HUMAN_OBSERVATION,GBIF occurrence,https://www.gbif.org/occurrence/6185444783
6185481689,Black-tailed prairie dog,occurrence,Black-tailed prairie dog,39.972098,-105.118695,,2026.0,,HUMAN_OBSERVATION,GBIF occurrence,https://www.gbif.org/occurrence/6185481689
6185578515,Black-tailed prairie dog,occurrence,Black-tailed prairie dog,40.020681,-105.243942,,2026.0,,HUMAN_OBSERVATION,GBIF occurrence,https://www.gbif.org/occurrence/6185578515
6185586456,Black-tailed prairie dog,occurrence,Black-tailed prairie dog,40.541333,-105.134657,,2026.0,,HUMAN_OBSERVATION,GBIF occurrence,https://www.gbif.org/occurrence/6185586456
6185615201,Black-tailed prairie dog,occurrence,Black-tailed prairie dog,40.479962,-105.119659,,2026.0,,HUMAN_OBSERVATION,GBIF occurrence,https://www.gbif.org/occurrence/6185615201
6185736940,Black-tailed prairie dog,occurrence,Black-tailed prairie dog,40.569258,-105.145539,,2026.0,,HUMAN_OBSERVATION,GBIF occurrence,https://www.gbif.org/occurrence/6185736940
6185760688,Black-tailed prairie dog,occurrence,Black-tailed prairie dog,39.738262,-104.826484,,2026.0,,HUMAN_OBSERVATION,GBIF occurrence,https://www.gbif.org/occurrence/6185760688
6185810808,Black-tailed prairie dog,occurrence,Black-tailed prairie dog,38.576512,-104.46058,,2026.0,,HUMAN_OBSERVATION,GBIF occurrence,https://www.gbif.org/occurrence/6185810808
6185838157,Black-tailed prairie dog,occurrence,Black-tailed prairie dog,40.480045,-105.117308,,2026.0,,HUMAN_OBSERVATION,GBIF occurrence,https://www.gbif.org/occurrence/6185838157
6185851523,Black-tailed prairie dog,occurrence,Black-tailed prairie dog,40.199902,-105.156108,,2026.0,,HUMAN_OBSERVATION,GBIF occurrence,https://www.gbif.org/occurrence/6185851523
6185872397,Black-tailed prairie dog,occurrence,Black-tailed prairie dog,39.764245,-104.854752,,2026.0,,HUMAN_OBSERVATION,GBIF occurrence,https://www.gbif.org/occurrence/6185872397
6185878179,Black-tailed prairie dog,occurrence,Black-tailed prairie dog,39.961791,-104.760419,,2026.0,,HUMAN_OBSERVATION,GBIF occurrence,https://www.gbif.org/occurrence/6185878179
6185913876,Black-tailed prairie dog,occurrence,Black-tailed prairie dog,40.078489,-105.272914,,2026.0,,HUMAN_OBSERVATION,GBIF occurrence,https://www.gbif.org/occurrence/6185913876
6185970176,Black-tailed prairie dog,occurrence,Black-tailed prairie dog,39.961718,-104.760285,,2026.0,,HUMAN_OBSERVATION,GBIF occurrence,https://www.gbif.org/occurrence/6185970176
6185976209,Black-tailed prairie dog,occurrence,Black-tailed prairie dog,40.078706,-105.274617,,2026.0,,HUMAN_OBSERVATION,GBIF occurrence,https://www.gbif.org/occurrence/6185976209
6186090636,Black-tailed prairie dog,occurrence,Black-tailed prairie dog,40.562038,-105.144317,,2026.0,,HUMAN_OBSERVATION,GBIF occurrence,https://www.gbif.org/occurrence/6186090636
6187892939,Black-tailed prairie dog,occurrence,Black-tailed prairie dog,39.90191,-104.854729,,2026.0,,HUMAN_OBSERVATION,GBIF occurrence,https://www.gbif.org/occurrence/6187892939
6187955231,Black-tailed prairie dog,occurrence,Black-tailed prairie dog,39.847472,-104.82035,,2026.0,,HUMAN_OBSERVATION,GBIF occurrence,https://www.gbif.org/occurrence/6187955231
6188128045,Black-tailed prairie dog,occurrence,Black-tailed prairie dog,39.851538,-104.82298,,2026.0,,HUMAN_OBSERVATION,GBIF occurrence,https://www.gbif.org/occurrence/6188128045
6188128063,Black-tailed prairie dog,occurrence,Black-tailed prairie dog,39.838228,-104.814947,,2026.0,,HUMAN_OBSERVATION,GBIF occurrence,https://www.gbif.org/occurrence/6188128063
6188155441,Black-tailed prairie dog,occurrence,Black-tailed prairie dog,39.664725,-104.7452,,2026.0,,HUMAN_OBSERVATION,GBIF occurrence,https://www.gbif.org/occurrence/6188155441
6188169344,Black-tailed prairie dog,occurrence,Black-tailed prairie dog,40.460496,-105.132743,,2026.0,,HUMAN_OBSERVATION,GBIF occurrence,https://www.gbif.org/occurrence/6188169344
6188228941,Black-tailed prairie dog,occurrence,Black-tailed prairie dog,39.655128,-104.829117,,2026.0,,HUMAN_OBSERVATION,GBIF occurrence,https://www.gbif.org/occurrence/6188228941
6188329715,Black-tailed prairie dog,occurrence,Black-tailed prairie dog,40.459463,-105.133138,,2026.0,,HUMAN_OBSERVATION,GBIF occurrence,https://www.gbif.org/occurrence/6188329715
6188460315,Black-tailed prairie dog,occurrence,Black-tailed prairie dog,39.809104,-104.819145,,2026.0,,HUMAN_OBSERVATION,GBIF occurrence,https://www.gbif.org/occurrence/6188460315
6188466286,Black-tailed prairie dog,occurrence,Black-tailed prairie dog,39.846058,-104.816597,,2026.0,,HUMAN_OBSERVATION,GBIF occurrence,https://www.gbif.org/occurrence/6188466286
6188469933,Black-tailed prairie dog,occurrence,Black-tailed prairie dog,39.856228,-104.863197,,2026.0,,HUMAN_OBSERVATION,GBIF occurrence,https://www.gbif.org/occurrence/6188469933
6195282681,Black-tailed prairie dog,occurrence,Black-tailed prairie dog,40.477975,-104.888616,,2026.0,,HUMAN_OBSERVATION,GBIF occurrence,https://www.gbif.org/occurrence/6195282681
6195404382,Black-tailed prairie dog,occurrence,Black-tailed prairie dog,39.889167,-105.066375,,2026.0,,HUMAN_OBSERVATION,GBIF occurrence,https://www.gbif.org/occurrence/6195404382
6234660893,Black-tailed prairie dog,occurrence,Black-tailed prairie dog,39.663442,-105.1018,,2026.0,,HUMAN_OBSERVATION,GBIF occurrence,https://www.gbif.org/occurrence/6234660893
6234944990,Black-tailed prairie dog,occurrence,Black-tailed prairie dog,40.480138,-105.121314,,2026.0,,HUMAN_OBSERVATION,GBIF occurrence,https://www.gbif.org/occurrence/6234944990
6235454761,Black-tailed prairie dog,occurrence,Black-tailed prairie dog,39.665778,-105.085328,,2026.0,,HUMAN_OBSERVATION,GBIF occurrence,https://www.gbif.org/occurrence/6235454761
6273831592,Black-tailed prairie dog,occurrence,Black-tailed prairie dog,38.72201,-104.819651,,2026.0,,HUMAN_OBSERVATION,GBIF occurrence,https://www.gbif.org/occurrence/6273831592
6320061819,Black-tailed prairie dog,occurrence,Black-tailed prairie dog,39.886226,-105.06716,,2026.0,,HUMAN_OBSERVATION,GBIF occurrence,https://www.gbif.org/occurrence/6320061819
6320166088,Black-tailed prairie dog,occurrence,Black-tailed prairie dog,39.567087,-105.056549,,2026.0,,HUMAN_OBSERVATION,GBIF occurrence,https://www.gbif.org/occurrence/6320166088
6320185066,Black-tailed prairie dog,occurrence,Black-tailed prairie dog,39.962363,-104.759873,,2026.0,,HUMAN_OBSERVATION,GBIF occurrence,https://www.gbif.org/occurrence/6320185066
6320239693,Black-tailed prairie dog,occurrence,Black-tailed prairie dog,39.816098,-104.877659,,2026.0,,HUMAN_OBSERVATION,GBIF occurrence,https://www.gbif.org/occurrence/6320239693
6320288698,Black-tailed prairie dog,occurrence,Black-tailed prairie dog,39.893825,-104.78363,,2026.0,,HUMAN_OBSERVATION,GBIF occurrence,https://www.gbif.org/occurrence/6320288698
6320386865,Black-tailed prairie dog,occurrence,Black-tailed prairie dog,39.961858,-104.760356,,2026.0,,HUMAN_OBSERVATION,GBIF occurrence,https://www.gbif.org/occurrence/6320386865
6320396070,Black-tailed prairie dog,occurrence,Black-tailed prairie dog,39.961981,-104.759798,,2026.0,,HUMAN_OBSERVATION,GBIF occurrence,https://www.gbif.org/occurrence/6320396070
6320399916,Black-tailed prairie dog,occurrence,Black-tailed prairie dog,39.961951,-104.759798,,2026.0,,HUMAN_OBSERVATION,GBIF occurrence,https://www.gbif.org/occurrence/6320399916
6320941476,Black-tailed prairie dog,occurrence,Black-tailed prairie dog,39.815425,-104.879647,,2026.0,,HUMAN_OBSERVATION,GBIF occurrence,https://www.gbif.org/occurrence/6320941476
6320944517,Black-tailed prairie dog,occurrence,Black-tailed prairie dog,39.517037,-104.998062,,2026.0,,HUMAN_OBSERVATION,GBIF occurrence,https://www.gbif.org/occurrence/6320944517
6321015035,Black-tailed prairie dog,occurrence,Black-tailed prairie dog,39.404285,-104.81409,,2026.0,,HUMAN_OBSERVATION,GBIF occurrence,https://www.gbif.org/occurrence/6321015035
6321208876,Black-tailed prairie dog,occurrence,Black-tailed prairie dog,39.849493,-104.865499,,2026.0,,HUMAN_OBSERVATION,GBIF occurrence,https://www.gbif.org/occurrence/6321208876
6398653317,Black-tailed prairie dog,occurrence,Black-tailed prairie dog,39.584053,-104.716508,,2026.0,,HUMAN_OBSERVATION,GBIF occurrence,https://www.gbif.org/occurrence/6398653317
6188059823,Black-tailed prairie dog,occurrence,Black-tailed prairie dog,40.24357,-104.053033,,2026.0,,HUMAN_OBSERVATION,GBIF occurrence,https://www.gbif.org/occurrence/6188059823
6188152684,Black-tailed prairie dog,occurrence,Black-tailed prairie dog,39.85552,-104.825613,,2026.0,,HUMAN_OBSERVATION,GBIF occurrence,https://www.gbif.org/occurrence/6188152684
6188377465,Black-tailed prairie dog,occurrence,Black-tailed prairie dog,40.544237,-105.137571,,2026.0,,HUMAN_OBSERVATION,GBIF occurrence,https://www.gbif.org/occurrence/6188377465
6188382830,Black-tailed prairie dog,occurrence,Black-tailed prairie dog,39.90765,-105.075958,,2026.0,,HUMAN_OBSERVATION,GBIF occurrence,https://www.gbif.org/occurrence/6188382830
6188411945,Black-tailed prairie dog,occurrence,Black-tailed prairie dog,38.742937,-104.691061,,2026.0,,HUMAN_OBSERVATION,GBIF occurrence,https://www.gbif.org/occurrence/6188411945
6188412403,Black-tailed prairie dog,occurrence,Black-tailed prairie dog,39.74395,-104.79522,,2026.0,,HUMAN_OBSERVATION,GBIF occurrence,https://www.gbif.org/occurrence/6188412403
6188465038,Black-tailed prairie dog,occurrence,Black-tailed prairie dog,39.657001,-104.731006,,2026.0,,HUMAN_OBSERVATION,GBIF occurrence,https://www.gbif.org/occurrence/6188465038
6188489677,Black-tailed prairie dog,occurrence,Black-tailed prairie dog,39.807172,-104.889265,,2026.0,,HUMAN_OBSERVATION,GBIF occurrence,https://www.gbif.org/occurrence/6188489677
6188507391,Black-tailed prairie dog,occurrence,Black-tailed prairie dog,39.68138,-104.799553,,2026.0,,HUMAN_OBSERVATION,GBIF occurrence,https://www.gbif.org/occurrence/6188507391
6188527183,Black-tailed prairie dog,occurrence,Black-tailed prairie dog,40.545672,-105.138406,,2026.0,,HUMAN_OBSERVATION,GBIF occurrence,https://www.gbif.org/occurrence/6188527183
6188541533,Black-tailed prairie dog,occurrence,Black-tailed prairie dog,39.718066,-104.808153,,2026.0,,HUMAN_OBSERVATION,GBIF occurrence,https://www.gbif.org/occurrence/6188541533
6188544384,Black-tailed prairie dog,occurrence,Black-tailed prairie dog,39.6304,-104.860011,,2026.0,,HUMAN_OBSERVATION,GBIF occurrence,https://www.gbif.org/occurrence/6188544384
6188616426,Black-tailed prairie dog,occurrence,Black-tailed prairie dog,38.742692,-104.690581,,2026.0,,HUMAN_OBSERVATION,GBIF occurrence,https://www.gbif.org/occurrence/6188616426
6195235966,Black-tailed prairie dog,occurrence,Black-tailed prairie dog,39.851803,-104.86553,,2026.0,,HUMAN_OBSERVATION,GBIF occurrence,https://www.gbif.org/occurrence/6195235966
6195365390,Black-tailed prairie dog,occurrence,Black-tailed prairie dog,39.759652,-104.862791,,2026.0,,HUMAN_OBSERVATION,GBIF occurrence,https://www.gbif.org/occurrence/6195365390
6195378431,Black-tailed prairie dog,occurrence,Black-tailed prairie dog,39.88632,-104.932523,,2026.0,,HUMAN_OBSERVATION,GBIF occurrence,https://www.gbif.org/occurrence/6195378431
6195402386,Black-tailed prairie dog,occurrence,Black-tailed prairie dog,38.273616,-104.760146,,2026.0,,HUMAN_OBSERVATION,GBIF occurrence,https://www.gbif.org/occurrence/6195402386
6195466535,Black-tailed prairie dog,occurrence,Black-tailed prairie dog,40.0609,-105.263385,,2026.0,,HUMAN_OBSERVATION,GBIF occurrence,https://www.gbif.org/occurrence/6195466535
6195480510,Black-tailed prairie dog,occurrence,Black-tailed prairie dog,39.886257,-104.932107,,2026.0,,HUMAN_OBSERVATION,GBIF occurrence,https://www.gbif.org/occurrence/6195480510
6195535954,Black-tailed prairie dog,occurrence,Black-tailed prairie dog,39.886463,-104.93193,,2026.0,,HUMAN_OBSERVATION,GBIF occurrence,https://www.gbif.org/occurrence/6195535954
6195707480,Black-tailed prairie dog,occurrence,Black-tailed prairie dog,39.93472,-105.042717,,2026.0,,HUMAN_OBSERVATION,GBIF occurrence,https://www.gbif.org/occurrence/6195707480
6195728622,Black-tailed prairie dog,occurrence,Black-tailed prairie dog,39.886336,-104.932237,,2026.0,,HUMAN_OBSERVATION,GBIF occurrence,https://www.gbif.org/occurrence/6195728622
6195859540,Black-tailed prairie dog,occurrence,Black-tailed prairie dog,39.551617,-104.978845,,2026.0,,HUMAN_OBSERVATION,GBIF occurrence,https://www.gbif.org/occurrence/6195859540
6234196885,Black-tailed prairie dog,occurrence,Black-tailed prairie dog,39.838417,-104.848569,,2026.0,,HUMAN_OBSERVATION,GBIF occurrence,https://www.gbif.org/occurrence/6234196885
6234361814,Black-tailed prairie dog,occurrence,Black-tailed prairie dog,39.886332,-105.066479,,2026.0,,HUMAN_OBSERVATION,GBIF occurrence,https://www.gbif.org/occurrence/6234361814
6234393144,Black-tailed prairie dog,occurrence,Black-tailed prairie dog,39.837897,-104.864827,,2026.0,,HUMAN_OBSERVATION,GBIF occurrence,https://www.gbif.org/occurrence/6234393144
6234489419,Black-tailed prairie dog,occurrence,Black-tailed prairie dog,40.040034,-105.145352,,2026.0,,HUMAN_OBSERVATION,GBIF occurrence,https://www.gbif.org/occurrence/6234489419
6234651659,Black-tailed prairie dog,occurrence,Black-tailed prairie dog,39.387703,-104.795355,,2026.0,,HUMAN_OBSERVATION,GBIF occurrence,https://www.gbif.org/occurrence/6234651659
6234813940,Black-tailed prairie dog,occurrence,Black-tailed prairie dog,40.543522,-105.138091,,2026.0,,HUMAN_OBSERVATION,GBIF occurrence,https://www.gbif.org/occurrence/6234813940
6235025432,Black-tailed prairie dog,occurrence,Black-tailed prairie dog,38.584963,-104.47888,,2026.0,,HUMAN_OBSERVATION,GBIF occurrence,https://www.gbif.org/occurrence/6235025432
6235030324,Black-tailed prairie dog,occurrence,Black-tailed prairie dog,40.458537,-105.132585,,2026.0,,HUMAN_OBSERVATION,GBIF occurrence,https://www.gbif.org/occurrence/6235030324
6235073712,Black-tailed prairie dog,occurrence,Black-tailed prairie dog,39.760774,-104.860723,,2026.0,,HUMAN_OBSERVATION,GBIF occurrence,https://www.gbif.org/occurrence/6235073712
6235151105,Black-tailed prairie dog,occurrence,Black-tailed prairie dog,40.236702,-105.222549,,2026.0,,HUMAN_OBSERVATION,GBIF occurrence,https://www.gbif.org/occurrence/6235151105
6235163401,Black-tailed prairie dog,occurrence,Black-tailed prairie dog,40.052325,-105.144494,,2026.0,,HUMAN_OBSERVATION,GBIF occurrence,https://www.gbif.org/occurrence/6235163401
6235171314,Black-tailed prairie dog,occurrence,Black-tailed prairie dog,39.822779,-104.850982,,2026.0,,HUMAN_OBSERVATION,GBIF occurrence,https://www.gbif.org/occurrence/6235171314
6235194003,Black-tailed prairie dog,occurrence,Black-tailed prairie dog,39.656892,-104.730658,,2026.0,,HUMAN_OBSERVATION,GBIF occurrence,https://www.gbif.org/occurrence/6235194003
6235228903,Black-tailed prairie dog,occurrence,Black-tailed prairie dog,39.387725,-104.795303,,2026.0,,HUMAN_OBSERVATION,GBIF occurrence,https://www.gbif.org/occurrence/6235228903
6235255996,Black-tailed prairie dog,occurrence,Black-tailed prairie dog,39.713261,-104.801226,,2026.0,,HUMAN_OBSERVATION,GBIF occurrence,https://www.gbif.org/occurrence/6235255996
6235278574,Black-tailed prairie dog,occurrence,Black-tailed prairie dog,40.481899,-105.06531,,2026.0,,HUMAN_OBSERVATION,GBIF occurrence,https://www.gbif.org/occurrence/6235278574
6235330918,Black-tailed prairie dog,occurrence,Black-tailed prairie dog,39.387763,-104.800112,,2026.0,,HUMAN_OBSERVATION,GBIF occurrence,https://www.gbif.org/occurrence/6235330918
6235332748,Black-tailed prairie dog,occurrence,Black-tailed prairie dog,40.068566,-105.289245,,2026.0,,HUMAN_OBSERVATION,GBIF occurrence,https://www.gbif.org/occurrence/6235332748
6235340433,Black-tailed prairie dog,occurrence,Black-tailed prairie dog,39.875021,-105.132199,,2026.0,,HUMAN_OBSERVATION,GBIF occurrence,https://www.gbif.org/occurrence/6235340433
6235450752,Black-tailed prairie dog,occurrence,Black-tailed prairie dog,39.387725,-104.795595,,2026.0,,HUMAN_OBSERVATION,GBIF occurrence,https://www.gbif.org/occurrence/6235450752
6235461922,Black-tailed prairie dog,occurrence,Black-tailed prairie dog,39.602937,-105.082794,,2026.0,,HUMAN_OBSERVATION,GBIF occurrence,https://www.gbif.org/occurrence/6235461922
6235517698,Black-tailed prairie dog,occurrence,Black-tailed prairie dog,38.685667,-104.593453,,2026.0,,HUMAN_OBSERVATION,GBIF occurrence,https://www.gbif.org/occurrence/6235517698
6235657395,Black-tailed prairie dog,occurrence,Black-tailed prairie dog,40.543797,-105.13748,,2026.0,,HUMAN_OBSERVATION,GBIF occurrence,https://www.gbif.org/occurrence/6235657395
6235820540,Black-tailed prairie dog,occurrence,Black-tailed prairie dog,40.546147,-105.138503,,2026.0,,HUMAN_OBSERVATION,GBIF occurrence,https://www.gbif.org/occurrence/6235820540
6235853051,Black-tailed prairie dog,occurrence,Black-tailed prairie dog,39.91075,-105.034047,,2026.0,,HUMAN_OBSERVATION,GBIF occurrence,https://www.gbif.org/occurrence/6235853051
6235963013,Black-tailed prairie dog,occurrence,Black-tailed prairie dog,40.026414,-105.23883,,2026.0,,HUMAN_OBSERVATION,GBIF occurrence,https://www.gbif.org/occurrence/6235963013
6236006997,Black-tailed prairie dog,occurrence,Black-tailed prairie dog,38.910833,-104.47233,,2026.0,,HUMAN_OBSERVATION,GBIF occurrence,https://www.gbif.org/occurrence/6236006997
6236075313,Black-tailed prairie dog,occurrence,Black-tailed prairie dog,39.682722,-104.800188,,2026.0,,HUMAN_OBSERVATION,GBIF occurrence,https://www.gbif.org/occurrence/6236075313
6236103366,Black-tailed prairie dog,occurrence,Black-tailed prairie dog,39.584197,-104.716675,,2026.0,,HUMAN_OBSERVATION,GBIF occurrence,https://www.gbif.org/occurrence/6236103366
6236107701,Black-tailed prairie dog,occurrence,Black-tailed prairie dog,39.846353,-104.865555,,2026.0,,HUMAN_OBSERVATION,GBIF occurrence,https://www.gbif.org/occurrence/6236107701
6236214100,Black-tailed prairie dog,occurrence,Black-tailed prairie dog,39.387763,-104.798033,,2026.0,,HUMAN_OBSERVATION,GBIF occurrence,https://www.gbif.org/occurrence/6236214100
6236307535,Black-tailed prairie dog,occurrence,Black-tailed prairie dog,40.336548,-104.981997,,2026.0,,HUMAN_OBSERVATION,GBIF occurrence,https://www.gbif.org/occurrence/6236307535
6236327401,Black-tailed prairie dog,occurrence,Black-tailed prairie dog,40.402257,-105.031141,,2026.0,,HUMAN_OBSERVATION,GBIF occurrence,https://www.gbif.org/occurrence/6236327401
6236353804,Black-tailed prairie dog,occurrence,Black-tailed prairie dog,39.812774,-104.841628,,2026.0,,HUMAN_OBSERVATION,GBIF occurrence,https://www.gbif.org/occurrence/6236353804
6236379362,Black-tailed prairie dog,occurrence,Black-tailed prairie dog,39.886239,-105.066475,,2026.0,,HUMAN_OBSERVATION,GBIF occurrence,https://www.gbif.org/occurrence/6236379362
6251641153,Black-tailed prairie dog,occurrence,Black-tailed prairie dog,39.861618,-105.105895,,2026.0,,HUMAN_OBSERVATION,GBIF occurrence,https://www.gbif.org/occurrence/6251641153
6251652816,Black-tailed prairie dog,occurrence,Black-tailed prairie dog,39.547226,-105.089472,,2026.0,,HUMAN_OBSERVATION,GBIF occurrence,https://www.gbif.org/occurrence/6251652816
6251660772,Black-tailed prairie dog,occurrence,Black-tailed prairie dog,39.658435,-104.731385,,2026.0,,HUMAN_OBSERVATION,GBIF occurrence,https://www.gbif.org/occurrence/6251660772
6251874784,Black-tailed prairie dog,occurrence,Black-tailed prairie dog,40.059672,-105.263206,,2026.0,,HUMAN_OBSERVATION,GBIF occurrence,https://www.gbif.org/occurrence/6251874784
6251998380,Black-tailed prairie dog,occurrence,Black-tailed prairie dog,39.861558,-105.105911,,2026.0,,HUMAN_OBSERVATION,GBIF occurrence,https://www.gbif.org/occurrence/6251998380
6252066035,Black-tailed prairie dog,occurrence,Black-tailed prairie dog,38.592845,-104.472549,,2026.0,,HUMAN_OBSERVATION,GBIF occurrence,https://www.gbif.org/occurrence/6252066035
6252152613,Black-tailed prairie dog,occurrence,Black-tailed prairie dog,40.513223,-105.098376,,2026.0,,HUMAN_OBSERVATION,GBIF occurrence,https://www.gbif.org/occurrence/6252152613
6252202789,Black-tailed prairie dog,occurrence,Black-tailed prairie dog,40.392819,-105.134117,,2026.0,,HUMAN_OBSERVATION,GBIF occurrence,https://www.gbif.org/occurrence/6252202789
6252221303,Black-tailed prairie dog,occurrence,Black-tailed prairie dog,40.012087,-105.133436,,2026.0,,HUMAN_OBSERVATION,GBIF occurrence,https://www.gbif.org/occurrence/6252221303
6252445900,Black-tailed prairie dog,occurrence,Black-tailed prairie dog,40.250681,-105.216809,,2026.0,,HUMAN_OBSERVATION,GBIF occurrence,https://www.gbif.org/occurrence/6252445900
6252504946,Black-tailed prairie dog,occurrence,Black-tailed prairie dog,39.93457,-105.043642,,2026.0,,HUMAN_OBSERVATION,GBIF occurrence,https://www.gbif.org/occurrence/6252504946
6252549216,Black-tailed prairie dog,occurrence,Black-tailed prairie dog,39.868745,-104.77211,,2026.0,,HUMAN_OBSERVATION,GBIF occurrence,https://www.gbif.org/occurrence/6252549216
6252843820,Black-tailed prairie dog,occurrence,Black-tailed prairie dog,39.600712,-104.672203,,2026.0,,HUMAN_OBSERVATION,GBIF occurrence,https://www.gbif.org/occurrence/6252843820
6252850737,Black-tailed prairie dog,occurrence,Black-tailed prairie dog,40.457645,-105.133678,,2026.0,,HUMAN_OBSERVATION,GBIF occurrence,https://www.gbif.org/occurrence/6252850737
6252866866,Black-tailed prairie dog,occurrence,Black-tailed prairie dog,39.810548,-105.205529,,2026.0,,HUMAN_OBSERVATION,GBIF occurrence,https://www.gbif.org/occurrence/6252866866
6252883643,Black-tailed prairie dog,occurrence,Black-tailed prairie dog,39.867058,-105.194537,,2026.0,,HUMAN_OBSERVATION,GBIF occurrence,https://www.gbif.org/occurrence/6252883643
6252942570,Black-tailed prairie dog,occurrence,Black-tailed prairie dog,38.57695,-104.46048,,2026.0,,HUMAN_OBSERVATION,GBIF occurrence,https://www.gbif.org/occurrence/6252942570
6252943732,Black-tailed prairie dog,occurrence,Black-tailed prairie dog,40.189168,-105.231175,,2026.0,,HUMAN_OBSERVATION,GBIF occurrence,https://www.gbif.org/occurrence/6252943732
6253040353,Black-tailed prairie dog,occurrence,Black-tailed prairie dog,39.606536,-104.680832,,2026.0,,HUMAN_OBSERVATION,GBIF occurrence,https://www.gbif.org/occurrence/6253040353
6253119234,Black-tailed prairie dog,occurrence,Black-tailed prairie dog,39.873158,-105.129234,,2026.0,,HUMAN_OBSERVATION,GBIF occurrence,https://www.gbif.org/occurrence/6253119234
6253136494,Black-tailed prairie dog,occurrence,Black-tailed prairie dog,40.05208,-105.145171,,2026.0,,HUMAN_OBSERVATION,GBIF occurrence,https://www.gbif.org/occurrence/6253136494
6253196197,Black-tailed prairie dog,occurrence,Black-tailed prairie dog,40.385661,-105.100992,,2026.0,,HUMAN_OBSERVATION,GBIF occurrence,https://www.gbif.org/occurrence/6253196197
6253204515,Black-tailed prairie dog,occurrence,Black-tailed prairie dog,40.453755,-105.093656,,2026.0,,HUMAN_OBSERVATION,GBIF occurrence,https://www.gbif.org/occurrence/6253204515
6253351431,Black-tailed prairie dog,occurrence,Black-tailed prairie dog,39.682736,-104.800198,,2026.0,,HUMAN_OBSERVATION,GBIF occurrence,https://www.gbif.org/occurrence/6253351431
6273732657,Black-tailed prairie dog,occurrence,Black-tailed prairie dog,39.926967,-105.001104,,2026.0,,HUMAN_OBSERVATION,GBIF occurrence,https://www.gbif.org/occurrence/6273732657
6273987033,Black-tailed prairie dog,occurrence,Black-tailed prairie dog,38.270256,-102.618225,,2026.0,,HUMAN_OBSERVATION,GBIF occurrence,https://www.gbif.org/occurrence/6273987033
6320115032,Black-tailed prairie dog,occurrence,Black-tailed prairie dog,39.612305,-104.832558,,2026.0,,HUMAN_OBSERVATION,GBIF occurrence,https://www.gbif.org/occurrence/6320115032
6320129617,Black-tailed prairie dog,occurrence,Black-tailed prairie dog,40.390049,-105.134774,,2026.0,,HUMAN_OBSERVATION,GBIF occurrence,https://www.gbif.org/occurrence/6320129617
estes_climate,climate_station,climate_station,Estes Park climate normals,40.3772,-105.522,2295.0,,Larimer,1991-2020 normals; montane reference for pika region,U.S. Climate Data — Estes Park,https://usclimatedata.com/climate/boulder/colorado/united-states/usco0130
boulder_climate,climate_station,climate_station,Boulder NOAA PSL climate,40.015,-105.2705,1655.0,,Boulder,1991-2020 mean annual temp 51.71 F,NOAA PSL Boulder,https://psl.noaa.gov/boulder/
nunn_climate,climate_station,climate_station,Nunn climate normals (Pawnee),40.7036,-104.781,1582.0,,Weld,1991-2020 normals; plains reference for prairie dog region,U.S. Climate Data — Nunn,https://usclimatedata.com/climate/nunn/colorado/united-states/usco0657
cper_neon,climate_station,climate_station,CPER NEON (prairie dog landscape),40.815536,-104.745591,1654.0,,Weld,Central Plains Experimental Range — shortgrass steppe with prairie dogs,NEON CPER field site,https://www.neonscience.org/field-sites/cper
niwo_neon,climate_station,climate_station,Niwot Ridge NEON,40.05425,-105.58237,3489.0,,Boulder,Alpine / subalpine NEON site collocated with Niwot pika research,NEON NIWO field site,https://www.neonscience.org/field-sites/niwo
