"lter_site","date","plot","easting_plot","northing_plot","plot_photo_code","observer1","observer2","survey_time_begin","survey_time_end","search_time_begin","search_time_end","cover_rock","cover_bare","cover_grass","cover_forb","cover_shrub","cover_tree","marmot_seen","marmot_heard","marmot_scat","marmot_dens","woodrat_nests","woodrat_urine","woodrat_scat","weasel_near","sp_other_1","sp_other_2","sp_other_3","subsurf_flow","downslope_pooling","downslope_riparian","upslope_snow","skies","wind","temp_C","sensor_ID_retrieved","sensor_ID_placed","easting_sensor","northing_sensor","sensor_photo_code","rock_shade","largest_rock_1st","largest_rock_10th","deepest_crevice_class","cover_lichen_class","forage_dist","notes","survey_ID","moved_plot","moved_dist","rabbit_scat","global_ID"
"NWT","2016-08-04","PIKA-027",447900,4433519,"plot027.center","Christian Prince","Gordon Bowman","11:43","12:36","11:56","12:16",20,1,40,15,25,0,"N","N","Y","N","N","N","N","N","N","N","N","N","Y","Y","N",3,1,12.8,NaN,NaN,447898,4433597,"plot027.sensor",2,3,1.25,4,2,0,NaN,"PIKA-027 2016-08-04 11:56",NaN,NaN,NaN,NaN
"NWT","2016-08-04","PIKA-031",448176,4433573,"plot031.center","Cara Lauria","Annie Rumbles","10:00","11:20","10:19","10:49",27,10,30,25,8,0,"N","N","N","N","N","N","N","N","Bird of Prey","N","N","N","Y","Y","N",3,1,12.8,NaN,NaN,448174,4433574,"plot031.sensor",1,2.5,1,2,1,0,"Sensor has no tail","PIKA-031 2016-08-04 10:19",NaN,NaN,NaN,NaN
"NWT","2016-08-08","PIKA-016",450196,4433309,"plot016.center","Annie Rumbles ","Cara Lauria","08:31","09:09","08:42","09:02",39,10,20,30,1,NaN,"N","N","N","N","N","N","N","N","Chipmunk","N","N","N","N","N","N",2,1,15.6,NaN,NaN,NaN,NaN,"plot016.sensor",1,2,1,2,1,0,NaN,"PIKA-016 2016-08-08 8:42",NaN,NaN,NaN,NaN
"NWT","2016-08-08","PIKA-019",448673,4433692,"plot019.center","Christian Prince","Gordon Bowman","08:46","09:31","09:00","09:20",30,35,30,5,8,0,"Y","Y","Y","Y","N","N","N","N","Chipmunk","N","N","N","Y","Y","N",2,2,12.8,NaN,NaN,NaN,NaN,NaN,1,2.5,1,2,2,0,NaN,"PIKA-019 2016-08-08 9:00",NaN,NaN,NaN,NaN
"NWT","2016-08-08","PIKA-023",448616,4433400,"plot023.center","Christian Prince","Gordon Bowman","09:52","10:32","10:06","10:26",60,1,3,3,33,0,"Y","Y","N","N","N","N","N","N","Chipmunk","N","N","Y","Y","Y","Y",2,2,12.8,NaN,NaN,NaN,NaN,NaN,1,3.25,1.5,4,1,0,NaN,"PIKA-023 2016-08-08 10:06",NaN,NaN,NaN,NaN
"NWT","2016-08-08","PIKA-035",449123,4433474,"plot035.center","Annie Rumbles","Christian Prince","12:00","12:28","12:06","12:26",20,20,20,20,5,15,"N","N","N","N","N","N","N","N","N","N","N","Y","Y","Y","N",2,2,15.6,NaN,NaN,449123,4433478,"plot035.sensor",1,1.5,1,4,1,0,"Actual point had no talus in sight, moved 50m to southwest","PIKA-035 2016-08-08 12:06",NaN,NaN,NaN,NaN
"NWT","2016-08-08","PIKA-007",449563,4432977,"plot007.center","Annie Rumbles","Cara Lauria","09:41","10:13","09:46","10:07",85,0,2,3,5,10,"N","N","N","N","N","N","N","N","N","N","N","N","N","N","N",2,2,15.6,NaN,NaN,NaN,NaN,"plot007.sensor",2,2.5,1.75,3,3,0,NaN,"PIKA-007 2016-08-08 9:46",NaN,NaN,NaN,NaN
"NWT","2016-08-09","PIKA-012",449568,4434535,"plot012.center","Annie Rumbles","Gordon Bowman","12:25","12:54","12:32","12:52",75,8,12,12,2,0,"N","N","Y","Y","N","N","N","N","N","N","N","N","N","N","N",2,2,21.1,NaN,NaN,NaN,NaN,NaN,1,1,0.75,1,2,0,"Marmot den within plot near center","PIKA-012 2016-08-09 12:32",NaN,NaN,NaN,NaN
"NWT","2016-08-09","PIKA-014",447735,4434240,"plot014.center","Christian Prince","Cara Lauria","11:03","12:15","11:11","11:31",37,1,37,20,5,0,"N","N","N","N","N","N","N","N","N","N","N","N","N","Y","N",2,2,15.6,NaN,NaN,NaN,NaN,NaN,2,4.5,1.75,2,2,0,"During hay/scat search a species was heard to the NW, but could not identify. Old pika pee is present on rocks with orange lichen around it","PIKA-014 2016-08-09 11:11",NaN,NaN,NaN,NaN
"NWT","2016-08-09","PIKA-015",448131,4434006,"plot015.center","Christian Prince","Cara Lauria","12:30","13:20","12:46","13:06",30,0,40,30,0,0,"N","N","N","N","N","N","N","N","N","N","N","N","N","N","N",1,2,15.6,NaN,NaN,NaN,NaN,NaN,2,3,1,1,2,NaN,NaN,"PIKA-015 2016-08-09 12:46",NaN,NaN,NaN,NaN
"NWT","2016-08-09","PIKA-024",448702,4434069,"plot024.center","Annie Rumbles","Gordon Bowman","11:17","11:50","11:25","11:45",45,3,25,25,10,0,"N","N","Y","Y","N","N","N","N","N","N","N","N","N","N","N",1,2,21.1,NaN,NaN,NaN,NaN,NaN,3,4.5,1.25,4,2,0,"White pee stains with orange lichen nearby","PIKA-024 2016-08-09 11:25",NaN,NaN,NaN,NaN
"NWT","2016-08-09","PIKA-003",448102,4434562,"plot003.center","Annie Rumbles","Gordon Bowman","10:33","11:03","10:40","11:00",25,0,30,55,0,0,"N","N","N","N","N","N","N","N","N","N","N","N","N","N","N",1,1,18.3,NaN,NaN,NaN,NaN,"plot003.sensor",2,2,1,1,2,0,NaN,"PIKA-003 2016-08-09 10:40",NaN,NaN,NaN,NaN
"NWT","2016-08-09","PIKA-030",447684,4434719,"plot030.center","Christian Prince","Cara Lauria","09:59","10:50","10:13","10:33",80,0,13,7,0,0,"N","Y","N","Y","N","N","N","N","N","N","N","N","N","N","N",1,2,12.8,NaN,NaN,447686,4434718,"plot030.sensor",2,2,1.5,2,2,0,"Given UTM was VERY unsafe, this was as close as we could make it while maintaning solid ground","PIKA-030 2016-08-09 10:13",NaN,NaN,NaN,NaN
"NWT","2016-08-09","PIKA-042",448117,4434842,"plot042.center","Annie Rumbles","Gordon Bowman","09:41","10:15","09:49","10:09",15,0,40,45,3,0,"N","N","N","N","N","N","N","Y","N","N","N","N","Y","Y","N",1,1,18.3,NaN,NaN,448117,4434837,"plot042.sensor",2,2.5,0.75,1,2,0,NaN,"PIKA-042 2016-08-09 9:49",NaN,NaN,NaN,NaN
"NWT","2016-08-10","PIKA-022",445877,4433218,"plot022.center","Christian Prince","Gordon Bowman","11:50","12:27","11:55","12:25",100,0,0,0,0,0,"N","N","N","N","N","N","N","N","Bird","N","N","Y","Y","Y","Y",3,2,10,NaN,NaN,NaN,NaN,NaN,1,4,2.25,4,1,70,NaN,"PIKA-022 2016-08-10 11:55",NaN,NaN,NaN,NaN
"NWT","2016-08-10","PIKA-033",446197,4433498,"plot033.center","Christian Prince","Gordon Bowman","12:32","01:05","12:40","01:01",90,4,2,4,0,0,"N","N","N","N","N","N","N","N","N","N","N","Y","Y","Y","N",4,2,10,NaN,NaN,446198,4433497,"plot033.sensor",2,2.75,1.5,4,3,0,NaN,"PIKA-033 2016-08-10 12:40",NaN,NaN,NaN,NaN
"NWT","2016-08-10","PIKA-038",445511,4433443,"plot038.center","Christian Prince","Gordon Bowman","10:46","11:28","10:55","11:25",100,0,0,0,0,0,"N","N","N","N","N","N","N","N","Bird","N","N","N","Y","N","Y",2,2,12.8,NaN,NaN,445511,4433442,"plot038.sensor",1,2.5,4.5,4,3,110,"Glacial pond at bottom of slope ~200m","PIKA-038 2016-08-10 10:55",NaN,NaN,NaN,NaN
"NWT","2016-08-10","PIKA-043",447618,4433781,"plot043.center","Annie Rumbles","Cara Lauria","11:32","12:04","11:40","12:00",30,5,25,15,25,0,"Y","N","Y","Y","N","N","N","N","N","N","N","N","Y","N","N",2,3,12.8,NaN,NaN,447616,4433783,"plot043.sensor",2,2.5,0.5,1,3,0,NaN,"PIKA-043 2016-08-10 11:40",NaN,NaN,NaN,NaN
"NWT","2016-08-10","PIKA-073",447171,4433811,"plot073.center","Annie Rumbles","Cara Lauria","10:40","11:08","10:46","11:06",40,0,35,30,2,0,"N","N","Y","N","N","N","N","N","N","N","N","N","N","N","N",2,3,10,NaN,NaN,447174,4433810,"plot073.sensor",2,3,1,1,2,0,"Point 73 is replacing point 45","PIKA-073 2016-08-10 10:46",NaN,NaN,NaN,NaN
"NWT","2016-08-10","PIKA-009",447123,4433862,"plot009.center","Annie Rumbles","Cara Lauria","10:00","10:38","10:13","10:33",35,1,40,35,3,0,"N","N","Y","N","N","N","N","N","N","N","N","N","N","N","N",1,3,10,NaN,NaN,NaN,NaN,NaN,2,5,3,1,3,0,NaN,"PIKA-009 2016-08-10 10:13",NaN,NaN,NaN,NaN
"NWT","2016-08-11","PIKA-032",449593,4435381,"plot032.center","Christian Prince","Gordon Bowman","11:49","12:19","11:56","12:16",50,10,2,1,5,35,"N","N","Y","N","N","N","N","N","Birds","N","N","N","N","N","N",2,1,18.3,NaN,NaN,449587,4435382,"plot032.sensor",2,3.25,1.75,2,2,0,NaN,"PIKA-032 2016-08-11 11:56",NaN,NaN,NaN,NaN
"NWT","2016-08-11","PIKA-036",449059,4435125,"plot036.center","Christian Prince","Gordon Bowman","09:59","10:32","10:05","10:25",60,15,15,5,0,5,"Y","Y","Y","N","N","N","N","N","N","N","N","N","Y","Y","N",2,2,15.6,NaN,NaN,449053,4435133,"plot036.sensor",1,1.25,0.75,2,2,0,NaN,"PIKA-036 2016-08-11 10:05",NaN,NaN,NaN,NaN
"NWT","2016-08-11","PIKA-004",449398,4435215,"plot004.center","Christian Prince","Gordon Bowman","10:51","11:23","10:58","11:18",100,0,0,0,0,0,"N","N","N","N","N","N","N","N","N","N","N","N","Y","N","N",2,2,15.6,NaN,NaN,NaN,NaN,NaN,1,3,2,4,2,60,NaN,"PIKA-004 2016-08-11 10:58",NaN,NaN,NaN,NaN
"NWT","2016-08-11","PIKA-084",449608,4434825,"plot084.center","Gordon Bowman","Christian Prince","09:10","09:36","09:15","09:35",45,10,30,15,0,0,"N","N","N","N","N","N","N","N","Small Bird","N","N","N","Y","Y","N",2,1,15.6,NaN,NaN,449602,4434832,"plot084.sensor",1,0.75,0.25,1,1,0,"Point 84 is replacing point 39","PIKA-084 2016-08-11 9:15",NaN,NaN,NaN,NaN
"NWT","2016-08-15","PIKA-001",446829,4435348,"plot001.center","Annie Rumbles","Max Wasser","12:27","12:52","12:31","12:51",38,10,5,46,1,0,"N","Y","N","N","N","N","N","N","N","N","N","N","Y","Y","N",2,1,21.1,NaN,NaN,NaN,NaN,NaN,2,1.5,1,1,1,0,NaN,"PIKA-001 2016-08-15 12:31",NaN,NaN,NaN,NaN
"NWT","2016-08-15","PIKA-017",446421,4435555,"plot017.center","Annie Rumbles","Max Wasser","11:14","11:47","11:24","11:44",50,8,10,28,4,0,"N","N","Y","Y","N","N","N","N","N","N","N","N","Y","Y","N",1,1,21.1,NaN,NaN,NaN,NaN,NaN,2,2.5,1.5,4,1,0,NaN,"PIKA-017 2016-08-15 11:24",NaN,NaN,NaN,NaN
"NWT","2016-08-15","PIKA-029",445935,4434628,"plot029.center","Christian Prince","Gordon Bowman","10:48","11:17","10:54","11:14",50,2,40,17,1,0,"N","N","N","N","N","N","N","N","N","N","N","N","Y","N","N",2,1,15.6,NaN,NaN,445942,4434626,"plot029.sensor",2,4.5,2.25,4,1,0,NaN,"PIKA-029 2016-08-15 10:54",NaN,NaN,NaN,NaN
"NWT","2016-08-15","PIKA-034",446140,4434954,"plot034.center","Christian Prince","Gordon Bowman","11:44","12:14","11:50","12:10",40,0,25,30,5,0,"Y","N","N","N","N","N","N","N","N","N","N","N","Y","Y","Y",2,1,15.6,NaN,NaN,446139,4434944,"plot034.sensor",1,4,2.5,3,2,0,NaN,"PIKA-034 2016-08-15 11:50",NaN,NaN,NaN,NaN
"NWT","2016-08-15","PIKA-006",446369,4434947,"plot006.center","Annie Rumbles","Max Wasser","09:58","10:34","10:06","10:26",65,5,5,25,0,0,"N","N","N","N","N","N","N","N","N","N","N","N","Y","Y","N",2,1,18.3,NaN,NaN,NaN,NaN,NaN,2,2.5,2.5,4,3,0,NaN,"PIKA-006 2016-08-15 10:06",NaN,NaN,NaN,NaN
"NWT","2016-08-15","PIKA-082",446588,4434077,"plot082.center","Cara Lauria","Max Wasser","10:58","11:35","11:04","11:24",70,10,15,5,0,0,"N","N","N","N","N","N","N","N","N","N","N","N","N","N","N",1,1,15.6,NaN,NaN,446588,4434077,"plot082.sensor",1,3,1.5,4,2,0,NaN,"PIKA-082 2016-08-15 11:04",NaN,NaN,NaN,NaN
"NWT","2016-08-15","PIKA-097",446362,4433671,"plot097.center","Cara Lauria","Max Wasser","12:52","13:30","12:57","13:17",100,0,0,0,0,0,"N","N","N","N","N","N","N","N","N","N","N","N","Y","N","N",1,1,18.3,NaN,NaN,NaN,NaN,NaN,2,3.75,2,4,2,20,NaN,"PIKA-097 2016-08-15 12:57",NaN,NaN,NaN,NaN
"NWT","2016-08-16","PIKA-010",448015,4435263,"plot010.center","Christian Prince",NaN,"11:47","12:17","11:52","12:12",50,1,7,35,5,2,"N","N","N","Y","N","N","N","N","N","N","N","N","Y","Y","N",1,1,21.1,NaN,NaN,NaN,NaN,NaN,1,4.5,1.75,3,1,0,NaN,"PIKA-010 2016-08-16 11:52",NaN,NaN,NaN,NaN
"NWT","2016-08-16","PIKA-109",446894,4435211,"plot109.center","Christian Prince",NaN,"09:45","10:15","09:50","10:10",15,5,20,25,35,0,"N","N","Y","N","N","N","N","N","Small Birds","N","N","N","Y","Y","N",1,1,15.6,NaN,NaN,446883,4435223,"plot109.sensor",1,2,0.75,3,1,0,"Sensor has external temp sensor/Point 109 is replacing point 44","PIKA-109 2016-08-16 9:50",NaN,NaN,NaN,NaN
"NWT","2016-08-16","PIKA-117",446789,4433970,"plot117.center","Max Wasser","Cara Lauria","10:08","10:37","10:15","10:35",40,5,15,30,5,0,"N","N","N","N","N","N","N","N","N","N","N","N","N","Y","N",1,1,15.6,NaN,NaN,446790,4433971,"plot117.sensor",1,2,0.75,1,2,0,NaN,"PIKA-117 2016-08-16 10:15",NaN,NaN,NaN,NaN
"NWT","2016-08-16","PIKA-026",448620,4434963,"plot026.center","Gordon Bowman",NaN,"09:35","10:09","09:40","10:00",35,10,25,25,3,0,"N","Y","N","Y","N","N","N","N","N","N","N","N","Y","Y","N",1,1,15.6,NaN,NaN,448632,4434953,"plot026.sensor",1,3.25,1.5,3,1,0,NaN,"PIKA-026 2016-08-16 9:40",NaN,NaN,NaN,NaN
"NWT","2016-08-16","PIKA-040",448782,4434650,"plot040.center","Annie Rumbles","Gordon Bowman","10:39","11:05","10:44","11:04",35,1,10,30,30,0,"N","N","Y","Y","N","N","N","N","N","N","N","N","Y","Y","N",2,1,15.6,NaN,NaN,448781,4434657,"plot040.sensor",2,2.5,1,3,2,0,NaN,"PIKA-040 2016-08-16 10:44",NaN,NaN,NaN,NaN
"NWT","2016-08-16","PIKA-005",446483,4434036,"plot005.center","Cara Lauria","Max Wasser","11:50","12:17","11:55","12:15",75,10,10,5,0,0,"N","N","Y","N","N","N","N","N","N","N","N","Y","N","N","Y",1,1,16.7,NaN,NaN,NaN,NaN,NaN,2,10,5,4,2,0,NaN,"PIKA-005 2016-08-16 11:55",NaN,NaN,NaN,NaN
"NWT","2016-08-16","PIKA-008",448790,4434780,"plot008.center","Annie Rumbles",NaN,"09:20","09:50","09:26","09:46",30,2,13,10,15,30,"N","N","Y","N","N","N","N","N","N","N","N","N","N","N","N",1,1,18.3,NaN,NaN,NaN,NaN,NaN,2,1.5,1,4,2,0,NaN,"PIKA-008 2016-08-16 9:26",NaN,NaN,NaN,NaN
"NWT","2016-08-16","PIKA-088",448992,4434768,"plot088.center","Annie Rumbles","Gordon Bowman","11:11","11:38","11:16","11:36",20,10,10,20,20,20,"N","N","N","N","N","N","N","N","N","N","N","N","Y","Y","N",1,1,18.3,NaN,NaN,448991,4434776,"plot088.sensor",2,2.5,1.25,2,2,0,"Point 88 is replacing point 37","PIKA-088 2016-08-16 11:16",NaN,NaN,NaN,NaN
"NWT","2016-08-17","PIKA-011",448341,4432953,NaN,"Christian Prince","Gordon Bowman","08:44","09:11","08:49","09:09",33,1,36,25,5,0,"N","N","Y","N","N","N","N","N","Small Bird","N","N","Y","Y","Y","Y",1,1,15.6,NaN,NaN,NaN,NaN,NaN,2,3.75,1.5,1,1,0,NaN,"PIKA-011 2016-08-17 8:49",NaN,NaN,NaN,NaN
"NWT","2016-08-17","PIKA-002",446904,4434090,"plot002.center","Cara Lauria","Max Wasser","09:56","10:25","10:01","10:09",25,0,20,5,50,0,"N","Y","N","N","N","N","N","N","N","N","N","Y","Y","Y","N",1,1,12.8,NaN,NaN,NaN,NaN,NaN,2,2.5,1.5,3,2,0,NaN,"PIKA-002 2016-08-17 10:01",NaN,NaN,NaN,NaN
"NWT","2016-08-17","PIKA-083",448833,4433502,NaN,"Christian Prince","Gordon Bowman","10:34","11:11","10:39","11:09",60,2,15,15,10,0,"Y","N","N","N","N","N","N","N","Small birds","N","N","N","Y","Y","N",1,1,21.1,NaN,NaN,448829,4433501,NaN,1,3.5,1.25,3,1,NaN,NaN,"PIKA-083 2016-08-17 10:39",NaN,NaN,NaN,NaN
"NWT","2016-08-17","PIKA-087",448726,4433226,NaN,"Christian Prince","Gordon Bowman","09:47","10:25","10:05","10:25",55,0,2,3,25,15,"N","N","Y","N","N","N","N","N","N","N","N","N","Y","Y","N",1,1,15.6,NaN,NaN,448727,4433221,NaN,2,4,2.75,4,3,0,NaN,"PIKA-087 2016-08-17 10:05",NaN,NaN,NaN,NaN
"NWT","2016-08-17","PIKA-095",448247,4433450,"plot095.center","Cara Lauria","Max Wasser","11:15","11:45","11:20","11:40",30,30,5,10,15,15,"N","Y","N","N","N","N","N","N","N","N","N","N","N","Y","N",1,1,12.8,NaN,NaN,448238,4433455,"plot095.sensor",1,2,1,1,2,0,NaN,"PIKA-095 2016-08-17 11:20",NaN,NaN,NaN,NaN
"NWT","2016-08-18","PIKA-116",449178,4434968,NaN,"Max Wasser",NaN,"10:38","11:08","10:43","11:03",25,10,20,45,0,0,"N","N","N","N","N","N","N","N","N","N","N","N","N","N","N",2,1,18.3,NaN,"S",449173,4434968,NaN,1,1.5,0.75,2,3,0,"Replaced plot #28","PIKA-116 2016-08-18 10:43",NaN,NaN,NaN,NaN
"NWT","2016-08-18","PIKA-140",449585,4434542,NaN,"Max Wasser",NaN,"09:00","09:34","09:10","09:30",25,5,40,30,0,0,"N","N","N","N","N","N","N","N","N","N","N","N","N","N","N",1,1,15.6,NaN,NaN,NaN,NaN,NaN,1,1,0.5,1,1,0,NaN,"PIKA-140 2016-08-18 9:10",NaN,NaN,NaN,NaN
"NWT","2016-08-18","PIKA-186",447935,4434096,"plot186.center","Annie Rumbles","Cara Lauria","09:09","09:37","09:15","09:35",35,2,30,30,3,0,"N","Y","Y","Y","N","N","N","N","N","N","N","N","N","N","N",1,1,15.6,NaN,NaN,NaN,NaN,NaN,2,1.5,1,1,3,0,NaN,"PIKA-186 2016-08-18 9:15",NaN,NaN,NaN,NaN
"NWT","2016-08-18","PIKA-195",448834,4433807,"plot195.center","Annie Rumbles","Cara Lauria","09:54","10:22","09:59","10:19",15,7,60,20,0,0,"N","N","Y","Y","N","N","N","N","N","N","N","N","Y","N","N",2,1,15.6,NaN,NaN,NaN,NaN,NaN,2,1,0.25,1,3,0,"Elk poop nearby","PIKA-195 2016-08-18 9:59",NaN,NaN,NaN,NaN
"NWT","2017-08-02","PIKA-003",448109,4434561,"plot003.center","Chris Ray",NaN,"10:55","11:35","11:00","11:20",30,1,30,39,0,0,"N","N","N","N","N","N","N","N","N","N","N","N","N","N","N",2,1,18.3,NaN,NaN,NaN,NaN,NaN,1,2,1,2,2,0,NaN,"PIKA-003 2017-08-02 11:00",NaN,NaN,NaN,NaN
"NWT","2017-08-03","PIKA-016",450193,4433310,NaN,"Max Wasser",NaN,"08:38","09:17","08:44","09:05",35,15,24,24,2,0,"N","N","N","N","N","N","N","N","N","N","N",NaN,NaN,NaN,NaN,1,1,NaN,NaN,NaN,NaN,NaN,NaN,1,1,0.5,2,1,0,"Although 2016 notes indicated that maybe a sensor was placed (in error) in this plot no sensor was found here in 2017","PIKA-016 2017-08-03 8:44",NaN,NaN,NaN,NaN
"NWT","2017-08-07","PIKA-010",448014,4435264,NaN,"Max Wasser",NaN,"10:43","11:14","10:49","11:10",60,0,5,35,0,5,"N","N","Y","N","N","N","N","N","N","N","N",NaN,NaN,NaN,NaN,4,1,10,NaN,NaN,NaN,NaN,NaN,2,3,2,3,1,0,"Urine stains abound","PIKA-010 2017-08-07 10:49",NaN,NaN,NaN,NaN
"NWT","2017-08-07","PIKA-050",446226,4435090,"plot050.center","Aidan Manning",NaN,"12:55","13:25","13:04","13:12",60,30,5,3,2,0,"Y","N","N","N","N","N","N","N","N","N","N","N","Y","N","N",4,1,10,NaN,NaN,446226,4435086,"plot050.sensor",1,3,2.5,4,NaN,0,NaN,"PIKA-050 2017-08-07 13:04",NaN,NaN,NaN,NaN
"NWT","2017-08-07","PIKA-057",445864,4434774,NaN,"Max Wasser",NaN,"13:57","14:22","14:02","14:22",NaN,NaN,NaN,NaN,NaN,NaN,"N","N","Y","N","N","N","N","N","N","N","N","N","N","Y","N",4,1,10,NaN,NaN,445860,4434773,NaN,2,NaN,NaN,3,3,0,NaN,"PIKA-057 2017-08-07 14:02",NaN,NaN,NaN,NaN
"NWT","2017-08-07","PIKA-006",446372,4434945,"plot006.center","Ashley Whipple"," Cara Lauria","13:52",NaN,"13:57","14:10",60,0,30,10,0,0,"N","N","Y","N","N","N","N","N","N","N","N","N","N","N","N",4,2,8.9,NaN,NaN,NaN,NaN,NaN,NaN,4.5,2,3,NaN,0,"Cairn from last year gone","PIKA-006 2017-08-07 13:57",NaN,NaN,NaN,NaN
"NWT","2017-08-08","PIKA-012",449571,4434533,NaN,"Curtis Beutler"," Ashley Whipple","11:04","11:30","11:09","11:21",60,1,17,17,5,0,"Y","Y","Y","Y","N","N","N","N","N","N","N","N","N","N","N",2,NaN,10,NaN,NaN,NaN,NaN,NaN,1,0.25,0.5,1,2,0,"Very close to plot #140","PIKA-012 2017-08-08 11:09",NaN,NaN,NaN,NaN
"NWT","2017-08-08","PIKA-014",447733,4434240,"plot014.center","Aidan Manning"," Cara Lauria","10:39","11:08","10:46","11:06",40,0,30,28,2,0,"N","N","Y","N","N","N","N","N","N","N","N","Y","Y","Y","N",2,2,7.8,NaN,NaN,NaN,NaN,NaN,2,5,1,3,3,0,NaN,"PIKA-014 2017-08-08 10:46",NaN,NaN,NaN,NaN
"NWT","2017-08-08","PIKA-140",449581,4434540,"plot140.center","Ashley Whipple"," Curtis Beutler","10:02","11:00","10:23","10:43",40,5,40,15,0,0,"Y","N","Y","N","N","N","N","N","N","N","N","N","N","N","N",2,1,10,NaN,NaN,NaN,NaN,NaN,1,0.4,0.2,1,1,0,"Plot center at toe of talus field; Saw 2 mice/bird nests in talus","PIKA-140 2017-08-08 10:23",NaN,NaN,NaN,NaN
"NWT","2017-08-08","PIKA-015",448131,4434007,"plot015.center","Aidan Manning"," Cara Lauria","13:08","13:40","13:18","13:38",40,0,40,15,5,0,"N","N","N","N","N","N","N","N","N","N","N","N","N","Y","N",2,2,12.8,NaN,NaN,NaN,NaN,NaN,2,3,1.5,2,3,0,NaN,"PIKA-015 2017-08-08 13:18",NaN,NaN,NaN,NaN
"NWT","2017-08-08","PIKA-024",448703,4434069,NaN,"Ashley Whipple"," Curtis Beutler","13:04","13:30","13:10","13:25",30,5,40,5,20,0,"N","N","Y","N","N","N","N","N","N","N","N","N","N","N","N",3,1,11.7,NaN,NaN,NaN,NaN,NaN,2,3.5,2,3,NaN,0,NaN,"PIKA-024 2017-08-08 13:10",NaN,NaN,NaN,NaN
"NWT","2017-08-08","PIKA-003",448107,4434559,"plot003.center","Aidan Manning"," Cara Lauria","11:15","11:42","11:21","11:41",15,0,50,35,0,0,"N","N","N","N","N","N","N","N","N","N","N","N","N","N","N",2,NaN,12.8,NaN,NaN,NaN,NaN,NaN,2,2,1,3,1,0,NaN,"PIKA-003 2017-08-08 11:21",NaN,NaN,NaN,NaN
"NWT","2017-08-08","PIKA-056",449312,4434287,"plot056.center","Ashley Whipple"," Curtis Beutler","11:52","12:28","12:00","12:15",90,0,6,4,0,0,"Y","N","Y","Y","N","N","N","N","N","N","N","N","N","N","N",3,3,10,NaN,NaN,449311,4434284,"plot056.sensor",1,0.7,0.4,2,2,0,NaN,"PIKA-056 2017-08-08 12:00",NaN,NaN,NaN,NaN
"NWT","2017-08-08","PIKA-058",447373,4434423,"plot058.center","Aidan Manning"," Cara Lauria","09:54","10:25","10:01","10:21",50,0,40,10,0,0,"N","N","Y","N","N","N","N","N","N","N","N","N","N","N","N",2,1,12.8,NaN,NaN,447376,4434426,"plot058.sensor",2,1.5,1,2,2,0,NaN,"PIKA-058 2017-08-08 10:01",NaN,NaN,NaN,NaN
"NWT","2017-08-08","PIKA-060",450090,4434040,"plot060.center","Ashley Whipple"," Curtis Beutler","09:08","09:40","09:13","09:33",20,20,30,10,20,2,"N","Y","N","N","N","N","N","N","N","N","N","N","N","N","N",2,1,10,NaN,NaN,450091,4434040,"plot060.sensor",1,0.5,0.3,1,2,0,NaN,"PIKA-060 2017-08-08 9:13",NaN,NaN,NaN,NaN
"NWT","2017-08-08","PIKA-062",448048,4434112,"plot062.center","Aidan Manning"," Cara Lauria","11:57","12:23","11:59","12:19",70,0,20,8,2,0,"N","N","N","N","N","N","N","N","N","N","N","N","Y","N","N",2,2,11.1,NaN,NaN,448046,4434112,"plot062.sensor",2,2.5,1,3,2,0,NaN,"PIKA-062 2017-08-08 11:59",NaN,NaN,NaN,NaN
"NWT","2017-08-08","PIKA-068",449450,4435260,"plot068.center","Cara Lauria"," Curtis Beutler","09:53","10:40","09:59","10:22",100,0,0,0,0,0,"N","N","N","N","Y","N","N","N","N","N","N","Y","N","N","N",3,2,10,NaN,NaN,449451,4435255,"plot068.sensor",1,3,1.75,4,2,50,NaN,"PIKA-068 2017-08-08 9:59",NaN,NaN,NaN,NaN
"NWT","2017-08-09","PIKA-004",449398,4435215,"plot004.center","Cara Lauria"," Curtis Beutler","11:02",NaN,"11:09","11:29",96,2,1,1,0,0,"N","N","Y","N","N","N","N","N","N","N","N","N","N","N","N",3,2,11.1,NaN,NaN,NaN,NaN,NaN,1,5,1,1,1,0,NaN,"PIKA-004 2017-08-09 11:09",NaN,NaN,NaN,NaN
"NWT","2017-08-09","PIKA-072",448670,4434819,"plot072.center","Ashley Whipple"," Aidan Manning","11:34","12:00","11:39","11:49",65,5,20,10,0,0,"N","N","Y","N","N","N","N","N","Coyote or fox scat?","N","N","Y","N","N","N",2,2,12.8,NaN,NaN,448669,4434819,"plot072.sensor",2,3.5,2,4,2,0,NaN,"PIKA-072 2017-08-09 11:39",NaN,NaN,NaN,NaN
"NWT","2017-08-09","PIKA-074",448250,4435017,"plot074.center","Ashley Whipple",NaN,"10:23","10:48","10:33","10:44",55,5,15,5,20,0,"N","N","Y","N","N","N","N","N","N","N","N","N","N","Y","N",3,1,12.8,NaN,NaN,448252,4435015,"plot074.sensor",2,2,1.5,2,2,0,"Approach plot from Lake Isabelle trail","PIKA-074 2017-08-09 10:33",NaN,NaN,NaN,NaN
"NWT","2017-08-09","PIKA-008",448790,4434779,NaN,"Ashley Whipple"," Aidan Manning","12:14","12:35","12:20","12:28",15,5,40,5,15,20,"N","N","N","N","N","N","N","N","N","N","N","N","N","Y","N",3,1,12.8,NaN,NaN,NaN,NaN,NaN,2,3,1,3,1,0,NaN,"PIKA-008 2017-08-09 12:20",NaN,NaN,NaN,NaN
"NWT","2017-08-10","PIKA-011",448342,4432953,NaN,"Ashley Whipple",NaN,"11:46","12:30","11:55","12:19",35,15,30,20,0,0,"N","N","Y","N","N","N","N","N","Mouse scat","N","N","Y","N","Y","Y",1,2,12.8,NaN,NaN,NaN,NaN,NaN,2,3,1.5,2,1,0,NaN,"PIKA-011 2017-08-10 11:55",NaN,NaN,NaN,NaN
"NWT","2017-08-10","PIKA-011",448344,4432954,NaN,"Curtis Beutler"," Aidan Manning","12:40","13:10","12:48","13:08",40,10,40,10,0,0,"N","N","N","N","N","N","N","N","N","N","N","Y","N","N","N",2,1,15.6,NaN,NaN,NaN,NaN,NaN,2,2.5,1,2,1,0,NaN,"PIKA-011 2017-08-10 12:48",NaN,NaN,NaN,NaN
"NWT","2017-08-10","PIKA-019",448673,4433692,NaN,"Curtis Beutler",NaN,"09:00","09:55","09:08","09:28",15,15,40,10,20,0,"Y","N","Y","Y","N","N","N","N","N","N","N",NaN,NaN,NaN,NaN,1,2,8.9,NaN,NaN,NaN,NaN,NaN,1,1.5,1,2,2,0,NaN,"PIKA-019 2017-08-10 9:08",NaN,NaN,NaN,NaN
"NWT","2017-08-10","PIKA-019",448673,4433692,NaN,"Aidan Manning",NaN,"09:00","09:55","09:32","09:52",15,10,50,20,5,0,"N","N","Y","N","N","N","N","N","N","N","N","N","N","N","N",2,2,NaN,NaN,NaN,NaN,NaN,NaN,1,2,1,3,2,0,"Very small/limited pika habitat in plot","PIKA-019 2017-08-10 9:32",NaN,NaN,NaN,NaN
"NWT","2017-08-10","PIKA-023",448616,4433400,NaN,"Curtis Beutler"," Aidan Manning","11:20","12:06","11:32","11:42",90,0,2,2,15,0,"N","N","N","N","N","N","N","N","N","N","N","Y","N","N","N",1,2,14.4,NaN,NaN,NaN,NaN,NaN,1,3,2,3,1,5,NaN,"PIKA-023 2017-08-10 11:32",NaN,NaN,NaN,NaN
"NWT","2017-08-10","PIKA-023",448617,4433397,NaN,"Ashley Whipple",NaN,"09:10","10:00","09:20","09:40",80,0,5,5,10,0,"N","N","N","N","N","N","N","N","N","N","N","N","N","Y","Y",1,1,12.8,NaN,NaN,NaN,NaN,NaN,1,3,1.5,3,1,0,NaN,"PIKA-023 2017-08-10 9:20",NaN,NaN,NaN,NaN
"NWT","2017-08-10","PIKA-055",448115,4433395,NaN,"Curtis Beutler"," Aidan Manning","10:26",NaN,"10:32","10:42",10,5,50,5,30,0,"N","N","N","N","N","N","N","N","N","N","N",NaN,NaN,NaN,NaN,1,3,10,NaN,NaN,448114,4433396,NaN,NaN,1,0.75,1,2,0,"Creviced rock barely covers 10%; saw no sign of past/present occupancy","PIKA-055 2017-08-10 10:32",NaN,NaN,NaN,NaN
"NWT","2017-08-10","PIKA-071",449267,4432927,"plot071.center","Curtis Beutler"," Ashley Whipple","13:30","14:00","13:38","13:58",50,10,25,10,5,5,"N","N","N","N","N","N","N","N","N","N","N","N","N","Y","N",2,1,NaN,NaN,NaN,449267,4432927,"plot071.sensor",2,2.5,1.5,3,1,0,"Old urine stains","PIKA-071 2017-08-10 13:38",NaN,NaN,NaN,NaN
"NWT","2017-08-10","PIKA-075",448312,4433007,"plot075.center","Ashley Whipple",NaN,"10:40","11:30","10:51","11:15",50,5,5,20,0,20,"N","N","Y","N","N","N","N","N","N","N","N","N","N","N","N",1,1,12.8,NaN,NaN,NaN,NaN,"plot075.sensor",2,4,1.5,2,1,0,"Sensor placed about 2 m NE of plot center","PIKA-075 2017-08-10 10:51",NaN,NaN,NaN,NaN
"NWT","2017-08-11","PIKA-007",449563,4432981,"plot007.center","Curtis Beutler",NaN,"09:40",NaN,"10:05","10:25",80,1,5,5,10,10,"N","N","Y","N","N","N","N","N","N","N","N",NaN,NaN,NaN,NaN,1,2,8.9,NaN,NaN,NaN,NaN,NaN,NaN,2.5,2,3,NaN,0,NaN,"PIKA-007 2017-08-11 10:05",NaN,NaN,NaN,NaN
"NWT","2017-08-11","PIKA-007",449563,4432981,"plot007.center","Cara Lauria",NaN,"09:40",NaN,"09:45","10:00",83,0,2,6,5,5,"N","N","Y","N","N","N","N","N","N","N","N","N","Y","N","N",2,2,NaN,NaN,NaN,NaN,NaN,NaN,2,3,2,3,2,0,NaN,"PIKA-007 2017-08-11 9:45",NaN,NaN,NaN,NaN
"NWT","2017-08-14","PIKA-117",446791,4433969,NaN,"Aidan Manning",NaN,"10:24","10:55","10:32","10:52",40,20,5,30,5,0,"N","N","N","N","N","N","N","N","N","N","N","N","N","Y","N",1,2,12.8,NaN,NaN,NaN,NaN,NaN,1,2,1,2,2,0,"Found sensor","PIKA-117 2017-08-14 10:32",NaN,NaN,NaN,NaN
"NWT","2017-08-14","PIKA-117",446788,4433963,NaN,"Ashley Whipple",NaN,"13:30",NaN,"13:36","13:56",40,15,20,20,5,0,"N","N","Y","N","N","N","N","N","N","N","N","N","N","Y","N",2,1,12.8,NaN,NaN,NaN,NaN,NaN,2,1.5,0.5,1,2,0,"Found data logger in black box. Supposed to be there?","PIKA-117 2017-08-14 13:36",NaN,NaN,NaN,NaN
"NWT","2017-08-14","PIKA-022",445876,4433220,NaN,"Curtis Beutler",NaN,"10:40","11:50","11:20","11:40",100,0,0,0,0,0,"N","N","N","N","N","N","N","N","N","N","N","Y","N","N","N",1,2,8.9,NaN,NaN,NaN,NaN,NaN,1,4,3,1,2,200,NaN,"PIKA-022 2017-08-14 11:20",NaN,NaN,NaN,NaN
"NWT","2017-08-14","PIKA-022",445876,4433220,NaN,"Ashley Whipple",NaN,"10:40",NaN,"10:49","11:09",70,30,0,0,0,0,"N","N","N","N","N","N","N","N","N","N","N","N","Y","N","N",1,2,10,NaN,NaN,NaN,NaN,NaN,2,2.5,1,2,1,60,"Plot is in the middle of loose talus and big rocks move when stepped on; found scat but couldn't reach it to collect","PIKA-022 2017-08-14 10:49",NaN,NaN,NaN,NaN
"NWT","2017-08-14","PIKA-049",446579,4433640,NaN,"Curtis Beutler"," Aidan Manning","12:34","12:58","12:40","12:50",100,0,0,0,0,0,"N","N","N","N","N","N","N","N","N","N","N",NaN,NaN,NaN,NaN,1,1,11.1,NaN,NaN,446584,4433650,NaN,3,2.5,2,3,2,30,"Heard many PC outside plot; found no signs of past/present pika within plot","PIKA-049 2017-08-14 12:40",NaN,NaN,NaN,NaN
"NWT","2017-08-14","PIKA-053",446676,4433893,NaN,"Curtis Beutler"," Aidan Manning","13:30","13:53","13:35","13:45",40,5,50,20,20,0,"N","N","N","N","N","N","N","N","N","N","N",NaN,NaN,NaN,NaN,1,1,15.6,NaN,NaN,446680,4433890,NaN,2,NaN,NaN,3,3,0,"Moved plot 35m to West for better rock coverage","PIKA-053 2017-08-14 13:35",NaN,NaN,NaN,NaN
"NWT","2017-08-14","PIKA-009",447122,4433867,NaN,"Aidan Manning",NaN,"09:43","10:12","09:50","10:10",20,20,30,20,10,0,"N","N","Y","N","N","N","N","N","N","N","N","N","N","Y","N",1,3,12.8,NaN,NaN,NaN,NaN,NaN,2,5,3,2,3,0,"Very large rocks cover a large area but have very few crevices","PIKA-009 2017-08-14 9:50",NaN,NaN,NaN,NaN
"NWT","2017-08-14","PIKA-097",446363,4433672,NaN,"Aidan Manning",NaN,"11:17","12:00","11:29","11:49",100,0,0,0,0,0,"N","N","Y","N","N","N","N","N","N","N","N","Y","N","Y","N",2,2,15.6,NaN,NaN,NaN,NaN,NaN,3,5,3,4,3,8,"Talus is very loose and unstable","PIKA-097 2017-08-14 11:29",NaN,NaN,NaN,NaN
"NWT","2017-08-14","PIKA-097",446363,4433669,NaN,"Ashley Whipple",NaN,"12:25","13:05","12:32","12:53",80,20,0,0,0,0,"N","N","N","N","N","N","N","N","N","N","N","Y","Y","N","Y",1,2,12.8,NaN,NaN,NaN,NaN,NaN,3,4,3,4,2,20,NaN,"PIKA-097 2017-08-14 12:32",NaN,NaN,NaN,NaN
"NWT","2017-08-15","PIKA-001",446829,4435348,"plot001.center","Curtis Beutler",NaN,"10:00","11:00","10:05","10:25",30,10,40,15,5,0,"N","N","Y","Y","N","N","N","N","N","N","N","N","Y","N","Y",2,1,8.9,NaN,NaN,NaN,NaN,NaN,2,1.5,1,1,1,0,"10% of plot covered in snow 8/15/17. Only sign of past pika was possible urine stains.","PIKA-001 2017-08-15 10:05",NaN,NaN,NaN,NaN
"NWT","2017-08-15","PIKA-001",446829,4435348,"plot001.center","Cara Lauria",NaN,"10:00","11:00","10:32","10:52",40,30,20,15,5,0,"N","N","Y","N","N","N","Y","N","N","N","N","Y","Y","N","Y",2,1,10,NaN,NaN,NaN,NaN,NaN,2,3,2,2,1,0,"Lots of marmot scat. Large snow bed covering possibly talus. Weird poop (see picture).","PIKA-001 2017-08-15 10:32",NaN,NaN,NaN,NaN
"NWT","2017-08-15","PIKA-100",449071,4435061,"plot100.center","Ashley Whipple"," Aidan Manning","13:57","14:30","14:04","14:24",60,10,15,15,0,10,"N","N","N","N","N","N","N","N","N","N","N","N","N","N","N",3,1,12.8,NaN,NaN,449072,4435055,"plot100.sensor",1,1,0.5,1,1,0,NaN,"PIKA-100 2017-08-15 14:04",NaN,NaN,NaN,NaN
"NWT","2017-08-15","PIKA-017",446424,4435549,NaN,"Aidan Manning",NaN,"10:00","10:38",NaN,"10:20",50,20,20,10,0,0,"N","N","Y","Y","N","N","N","N","N","N","N","Y","Y","N","N",2,1,12.8,NaN,NaN,NaN,NaN,NaN,1,2,1,NaN,1,0,NaN,"PIKA-017 2017-08-15 NA",NaN,NaN,NaN,NaN
"NWT","2017-08-15","PIKA-017",446424,4435549,NaN,"Ashley Whipple",NaN,"09:58","10:48","10:07","10:20",35,15,15,30,5,0,"N","N","Y","N","N","N","Y","N","N","N","N","Y","Y","N","N",2,1,10,NaN,NaN,NaN,NaN,NaN,2,3,1,2,1,0,NaN,"PIKA-017 2017-08-15 10:07",NaN,NaN,NaN,NaN
"NWT","2017-08-15","PIKA-065",447198,4435451,"plot065.center","Cara Lauria"," Curtis Beutler","11:35","12:00","11:42","11:52",95,0,2,3,0,0,"Y","Y","Y","Y","N","N","N","N","N","N","N","N","Y","N","N",NaN,1,NaN,NaN,NaN,447203,4435444,"plot065.sensor",2,4,3,4,3,NaN,NaN,"PIKA-065 2017-08-15 11:42",NaN,NaN,NaN,NaN
"NWT","2017-08-16","PIKA-151",448808,4433180,"plot151.center","Ashley Whipple"," Curtis Beutler","12:50","13:45","13:03","13:23",60,0,0,5,30,5,"N","N","Y","N","N","N","Y","N","N","N","N","N","N","Y","N",3,2,10,NaN,NaN,448803,4433174,"plot151.sensor",1,2.5,2,3,2,0,"Seemed to be an old occupied site. Not occupied for some time.","PIKA-151 2017-08-16 13:03",NaN,NaN,NaN,NaN
"NWT","2017-08-16","PIKA-002",446901,4434092,"plot002.center","Aidan Manning",NaN,"09:40","10:12","09:46","09:57",50,0,25,5,20,0,"N","N","N","N","N","N","N","N","N","N","N","Y","N","Y","N",2,2,10,NaN,NaN,NaN,NaN,NaN,2,2.5,1.5,3,2,0,NaN,"PIKA-002 2017-08-16 9:46",NaN,NaN,NaN,NaN
"NWT","2017-08-16","PIKA-002",446901,4434092,"plot002.center","Cara Lauria",NaN,"09:46","10:12","10:00","10:07",50,0,20,15,15,0,"N","N","N","N","N","N","N","N","N","N","N","Y","Y","Y","N",2,3,7.8,NaN,NaN,NaN,NaN,NaN,2,4,3,3,2,0,NaN,"PIKA-002 2017-08-16 10:00",NaN,NaN,NaN,NaN
"NWT","2017-08-16","PIKA-005",446482,4434033,"plot005.center","Cara Lauria",NaN,"11:44","12:05","11:47","12:00",65,5,20,10,0,0,"N","Y","Y","N","N","N","N","N","N","N","N","Y","Y","N","Y",2,3,8.3,NaN,NaN,NaN,NaN,NaN,2,10,5,NaN,1,0,NaN,"PIKA-005 2017-08-16 11:47",NaN,NaN,NaN,NaN
"NWT","2017-08-16","PIKA-005",446482,4434033,"plot005.center","Aidan Manning",NaN,"11:44",NaN,"11:52",NaN,70,10,20,0,0,0,"N","Y","N","N","N","N","N","N","N","N","N","Y","N","N","Y",2,2,10,NaN,NaN,NaN,NaN,NaN,2,8,5,4,1,0,NaN,"PIKA-005 2017-08-16 11:52",NaN,NaN,NaN,NaN
"NWT","2017-08-16","PIKA-059",447784,4433804,"plot059.center","Ashley Whipple"," Curtis Beutler","09:18","09:50","09:26","09:35",50,0,20,10,20,0,"N","N","Y","N","N","N","N","N","N","N","N","N","N","Y","N",2,3,7.2,NaN,NaN,447786,4433806,"plot059.sensor",2,1,0.75,2,2,0,"Lots of pika calls","PIKA-059 2017-08-16 9:26",NaN,NaN,NaN,NaN
"NWT","2017-08-16","PIKA-069",446631,4434045,NaN,"Aidan Manning"," Cara Lauria","10:28","10:55","10:30","10:50",40,10,20,20,10,0,"N","N","Y","N","N","N","N","N","N","N","N","N","N","Y","N",2,3,7.8,NaN,NaN,446626,4434042,NaN,1,1,0.5,2,3,0,NaN,"PIKA-069 2017-08-16 10:30",NaN,NaN,NaN,NaN
"NWT","2017-08-16","PIKA-082",446591,4434092,NaN,"Aidan Manning",NaN,"11:10","11:38","11:16","11:36",60,10,40,0,0,0,"N","N","Y","N","N","N","N","N","N","N","N","N","N","N","N",2,2,10,NaN,NaN,NaN,NaN,NaN,1,3,1,3,1,0,"In 2016 this plot was mistaken for an even-year plot and was given a sensor; this plot was also moved in 2016 but new coords were not recorded; in 2017 this plot was mistaken for an odd-year plot and was moved again; the sensor was found within the 2017 plot location and new plot coords were recorded; the 2017 plot coords should be retained ","PIKA-082 2017-08-16 11:16",NaN,NaN,NaN,NaN
"NWT","2017-08-16","PIKA-085",447292,4433396,NaN,"Ashley Whipple"," Curtis Beutler","10:25","10:55","10:34","10:44",50,48,1,1,0,0,"N","N","N","N","N","N","Y","N","N","N","N","N","N","N","Y",2,2,7.2,NaN,NaN,447292,4433391,NaN,2,1,0.5,1,1,150,NaN,"PIKA-085 2017-08-16 10:34",NaN,NaN,NaN,NaN
"NWT","2017-08-17","PIKA-102",445574,4433772,"plot102.center","Ashley Whipple"," Aidan Manning","10:10","10:40","10:15","10:25",80,5,10,5,0,0,"N","N","N","N","N","N","N","N","N","N","N","Y","N","Y","N",1,1,10,NaN,NaN,445571,4433770,"plot102.sensor",3,1.5,1.5,3,1,0,"Pika calling from all directions around site","PIKA-102 2017-08-17 10:15",NaN,NaN,NaN,NaN
"NWT","2017-08-17","PIKA-144",450019,4432850,"plot144.center","Ashley Whipple"," Aidan Manning","12:59","13:29","13:06","13:26",50,20,5,15,10,5,"N","N","N","N","N","N","N","N","N","N","N","N","N","N","N",2,1,18.3,NaN,NaN,450022,4432849,"plot144.sensor",2,1.5,1,1,1,0,NaN,"PIKA-144 2017-08-17 13:06",NaN,NaN,NaN,NaN
"NWT","2017-08-17","PIKA-079",448055,4433994,"plot079.center","Cara Lauria"," Curtis Beutler","09:50","10:15","10:00","10:13",40,0,20,20,0,0,"N","N","N","N","N","N","N","N","N","N","N","N","N","N","N",1,3,7.8,NaN,NaN,448058,4433993,"plot079.sensor",1,2,1.5,2,3,0,NaN,"PIKA-079 2017-08-17 10:00",NaN,NaN,NaN,NaN
"NWT","2017-08-17","PIKA-091",447665,4434016,"plot091.center","Curtis Beutler"," Cara Lauria","10:42","11:00","10:48","10:55",60,10,40,10,0,0,"N","N","Y","N","Y","N","N","N","N","N","N","N","N","N","N",1,3,8.3,NaN,NaN,447664,4434015,"plot091.sensor",2,3,2,3,3,0,"Saw weasel or woodrat after survey ended","PIKA-091 2017-08-17 10:48",NaN,NaN,NaN,NaN
"NWT","2020-08-10","PIKA-038",445520,4433440,"38-center-contex4.jpeg","Sammy Yevak","Sander Aplet","10:05","11:00","10:18","10:38",100,0,0,0,0,0,"N","N","N","N","N","N","N","N","small birds","N","N","N","N","N","Y",1,1,20,"NWT-12","NWT-12",445520,4433440,"38-sensor-context2.jpeg",1,3,1,1,1,150,"on 08/10/2020 they forgot to change batteries, thus i send them on 08/13/2020 to fix it; here is the comment: battery out at 10:27, new battery in at 10:28, at 10:32 redownloaded on shuttle to get the light to flash, back in talus at 10:33","PIKA-38 2020-08-10 10:18","N",NaN,NaN,NaN
"NWT","2020-08-10","PIKA-022",445878,4433217,"plot022.center.context.2020.jpeg","Sammy Yevak","Sander Aplet","11:56","12:28","12:05","12:25",100,0,0,0,0,0,"N","N","N","N","N","N","N","N","N","N","N","Y","N","N","N",1,1,20.6,"NWT-68","NWT-68",445881,4433217,"plot022.sensor.context.2020.jpeg",1,2,1,3,1,150,NaN,"PIKA-22 2020-08-10 12:05","N",NaN,NaN,NaN
"NWT","2020-08-10","PIKA-033",446198,4433497,"plot033.center.context.2020.jpeg","Sammy Yevak","Sander Aplet","12:49","13:20","12:55","13:16",100,0,0,0,0,0,"N","N","N","N","N","N","N","N","N","N","N","N","Y","Y","N",1,1,20.6,"NWT-17","NWT-17",446198,4433497,"plot033.sensor.context.2020.jpeg",2,2,1,1,2,30,"on 08/10/2020 they forgot to change batteries, thus i send them on 08/13/2020 to fix it; here is the comment: battery out at 11:32, new battery in at 11:33, at 11:37 redownloaded on shuttle to get the light to flash, back in talus at 11:37. on 08/13/2020 when sammy was walking toward plot 33 he collected an opportunistic sampling at a fresh haypile located at utm e:0446026/utm n:4433412","PIKA-33 2020-08-10 12:55","N",NaN,NaN,NaN
"NWT","2020-08-10","PIKA-097",446363,4433674,"plot097.center.context.2020.jpeg","Sammy Yevak","Sander Aplet","13:40","14:15","13:45","14:13",100,0,0,0,0,0,"N","N","N","N","N","N","N","N","N","N","N","Y","Y","Y","N",1,1,21.1,"NWT-54","NWT-54",446359,4433683,"plot097.sensor.context.2020.jpeg",2,4,2,3,3,15,"on 08/10/2020 they forgot to change batteries, thus i send them on 08/13/2020 to fix it; here is the comment: battery out at 11:51, new battery in at 11:51, at 11:54 redownloaded on shuttle to get the light to flash, back in talus 11:55.","PIKA-97 2020-08-10 13:45","N",NaN,NaN,NaN
"NWT","2020-08-10","PIKA-005",446481,4434037,"plot005.center.context.2020.jpeg","Sammy Yevak","Sander Aplet","14:27","15:00","14:32","14:52",80,0,20,0,0,0,"N","N","N","N","N","N","N","N","N","N","N","N","N","N","N",2,1,21.1,NaN,"NWT-76",NaN,NaN,"plot005.sensor.context.2020.jpeg",1,6,3,4,2,0,"placed new sensor #76. old sensor from extra task not found. sensor has been pulled out on 08/13/2020 to makesure the light of the sensor was blinking as they were walking by to check on other previously placed sensors for which they forgot to change the battery on 08/10/2020.","PIKA-5 2020-08-10 14:32","N",NaN,NaN,NaN
"NWT","2020-08-11","PIKA-082",446589,4434096,"Plot082.center.context.2020.jpeg","Sammy Yevak","Sander Aplet","09:20","09:55","09:30","09:50",70,0,30,0,0,0,"N","N","Y","N","N","N","N","N","N","N","N","N","Y","Y","N",1,1,22.2,NaN,"NWT-75",NaN,NaN,"Plot082.sensor.context.2020.jpeg",1,3,1,3,1,0,"sensor's cable found but, hobbo logger chewed of end of cable; we couldn't find the sensor, thus we placed new sensor #75. sensor has been pulled out on 08/13/2020 to makesure the light of the sensor was blinking as they were walking by to check on other previously placed sensors for which they forgot to change the battery on 08/10/2020.","PIKA-82 2020-08-11 9:30","N",NaN,NaN,NaN
"NWT","2020-08-11","PIKA-117",446790,4433968,"Plot117.center.context.2020.jpeg","Sander Aplet",NaN,"10:18","10:51","10:25","10:49",50,0,35,15,5,2,"N","N","N","N","N","N","N","N","N","N","N","N","Y","Y","N",1,1,18.3,"NWT-4","NWT-4",446786,4433971,"Plot117.sensor.context.2020.jpeg",1,2.5,1,2,2,0,"on 08/10/2020 they forgot to change batteries for all the sensors, thus on 08/13/2020 airy send them to fix this for all the plots; here is the update: battery out at 10:26, battery in at 10:29. downloaded at 10:38 and couldn't get the light to flash, so pulled the sensor and then replaced it at the same location and downloaded at 12:32 with sammys shuttle, and it worked.","PIKA-117 2020-08-11 10:25","N",NaN,NaN,NaN
"NWT","2020-08-11","PIKA-002",446900,4434091,"Plot2.center.context.2020.HEIC","Sammy Yevak",NaN,"10:20","10:55","10:25","10:45",35,0,20,0,45,0,"N","N","Y","Y","N","N","N","N","N","N","N","Y","Y","Y","N",1,1,22.8,"NWT-65","NWT-23",446900,4434091,"Plot2.Sensor.context.2020.HEIC",1,2,0.5,1,1,0,"sensor 65 found with no cable and would not download; replaced with sensor 23; later on 08/13/2020 (while enroute to other plots) sensor 23 was inspected to make sure it was working","PIKA-2 2020-08-11 10:25","N",NaN,NaN,NaN
"NWT","2020-08-11","PIKA-009",447122,4433867,"Plot009.center.context.2020.jpeg","Sander Aplet",NaN,"11:18","11:51","11:26","11:49",35,2,45,10,8,0,"Y","Y","N","N","N","N","N","N","N","N","N","N","Y","Y","N",2,1,20,"NWT-53","NWT-53",447125,4433863,"Plot009.sensor.context.2020.jpeg",2,4,2,1,3,0,"on 08/10/2020 they did not changed the batteries, thus on 08/13/2020 they went to relaunch all wrongly deployed sensors; here is the comment: battery out at 9:38, battery in at 9:40. tried downloading at 10:06 to see if i could get it to activate, my shuttle didn't work to reset the sensor, so we had to use sammy's and it worked, we downloaded and got the sensor running at 12:47.","PIKA-9 2020-08-11 11:26","N",NaN,NaN,NaN
"NWT","2020-08-11","PIKA-073",447173,4433809,"Plot73.center.context.2020.HEIC","Sammy Yevak",NaN,"11:18","11:50","11:23","11:43",20,0,70,10,0,0,"N","N","Y","Y","N","N","N","N","N","N","N","N","N","N","N",1,1,22.8,"NWT-18","NWT-18",447172,4433807,"Plot73.sensor.context.2020.HEIC",1,2,0.5,1,3,0,"on 08/10/2020 they forgot to change the battery of all the sensors, thus i send them to fix all of this on 08/13/2020; here is the update: battery out at 9:09, battery in and functioning at 9:33. data was downloaded to get sensor running.","PIKA-73 2020-08-11 11:23","N",NaN,NaN,NaN
"NWT","2020-08-11","PIKA-043",447618,4433777,"Plot043.center.context.2020.jpeg","Sammy Yevak","Sander Aplet","12:15","12:45","12:20","12:40",30,0,40,10,20,0,"N","N","Y","Y","N","N","N","N","N","N","N","N","Y","Y","N",1,1,22.2,"NWT-14","NWT-14",447616,4433783,"Plot043.sensor.context.2020.jpeg",1,1.5,0.5,1,3,0,"on 08/10/2020 they forgot to change the battery for all the sensors, thus on 08/13/2020 i send them to fix it; here is the update: battery out at 13:08, battery in at 13:10, downloaded at 13:10 to reset logger and it worked.","PIKA-43 2020-08-11 12:20","N",NaN,NaN,NaN
"NWT","2020-08-12","PIKA-015",448132,4434005,"Plot15.center.context.2020.HEIC","Sammy Yevak",NaN,"11:50","12:20","11:55","12:15",40,0,50,10,0,0,"N","N","N","N","N","N","N","N","N","N","N","N","N","N","N",1,1,21.1,"NWT-62","NWT-62",448134,4434009,"Plot15.sensor.context.2020.HEIC",2,2,0.5,1,3,0,NaN,"PIKA-15 2020-08-12 11:55","N",NaN,NaN,NaN
"NWT","2020-08-12","PIKA-014",447733,4434239,"Plot14.center.context.2020.HEIC","Sammy Yevak",NaN,"09:30","10:00","09:35","09:55",20,0,50,20,10,0,"N","N","Y","Y","N","N","N","N","N","N","N","N","N","N","N",1,2,18.3,"NWT-49","NWT-49",447735,4434240,"Plot14.sensor.context.2020.HEIC",1,3,0.5,1,2,0,"number of this sensor faded and it is not visible; sensor was serviced put back. airy determined number by revising 2019 data.","PIKA-14 2020-08-12 9:35","N",NaN,NaN,NaN
"NWT","2020-08-12","PIKA-030",447686,4434722,"Plot30.center.context.2020.HEIC","Sammy Yevak",NaN,"08:30","09:05","08:40","09:00",45,0,45,10,0,0,"N","N","Y","N","N","N","N","N","ptarmigan","N","N","N","N","N","N",1,1,18.3,"NWT-15","NWT-15",447686,4434714,"Plot30.sensor.context.2020.HEIC",1,1,0.5,1,2,0,"rebuilt cairn","PIKA-30 2020-08-12 8:40","N",NaN,NaN,NaN
"NWT","2020-08-12","PIKA-003",448108,4434557,"Plot3.center.context.2020.HEIC","Sammy Yevak",NaN,"11:25","11:55","11:30","11:50",20,0,60,20,0,0,"N","N","Y","Y","N","N","N","N","N","N","N","N","N","N","N",1,1,21.1,"NWT-58","NWT-58",448109,4434555,"Plot3.sensor.context.2020.HEIC",1,1,0.5,1,1,0,NaN,"PIKA-3 2020-08-12 11:30","N",NaN,NaN,NaN
"NWT","2020-08-12","PIKA-042",448118,4434841,"Plot42.center.context.2020.HEIC","Sammy Yevak",NaN,"10:40","11:10","10:45","11:05",10,0,45,45,10,0,"N","N","N","Y","N","N","N","N","N","N","N","N","N","N","N",1,1,20.6,"NWT-16","NWT-16",448118,4434835,"Plot42.sensor.context.2020.HEIC",1,1.5,0.5,1,1,0,NaN,"PIKA-42 2020-08-12 10:45","N",NaN,NaN,NaN
"NWT","2020-08-12","PIKA-040",448786,4434653,"Plot40_center_context.2020.HEIC","Emily Monk",NaN,"10:45","11:55","10:50","11:20",40,0,20,20,20,5,"Y","N","Y","Y","N","N","N","N","small bird","red-tailed hawk","N","Y","Y","Y","N",1,1,17.2,"NWT-69","NWT-59",448783,4434655,"Plot40_sensor_context.2020.HEIC",2,1.75,1.5,3,2,0,"old sensor nwt-69 was not blinking, and could not get it to blink after battery replaced with a new one; thus, it was replaced with nwt-59. cairn was rebuilt in the center of the plot in grass. there is a cairn near the sensor on top of a large flat rock. when getting data from sensor with shuttle, it said it failed twice before i got a okay light.","PIKA-40 2020-08-12 10:50","N",NaN,NaN,NaN
"NWT","2020-08-12","PIKA-008",448790,4434778,"Plot008.center.context.2020.HEIC","Sander Aplet",NaN,"10:45","11:35","10:52","11:13",30,5,20,10,20,25,"Y","N",NaN,"Y","N","N","N","N","chipmunk","N","N","N","N","Y","N",1,1,20,"NWT-72","NWT-72",448794,4434774,"Plot008.sensor.context.2020.HEIC",2,2,1,2,1,0,"replaced batteries but the light weren't flashing afterwards, assuming it is okay? i run out of extra sensors, thus could not replace. sharpie name is fadding; i believe says 72, thus, i refresh it. cairn was not found, thus i build one in the center. update: sensor was relauch on 08/20/2020; sander also said that in his second visti he found the old cairn for the center, thus he took down the one he built, and took coordinates (0448795,4434778) and pictures from the old cairn (see pictures section), which was 4-5 m from the new one.","PIKA-8 2020-08-12 10:52","N",NaN,NaN,NaN
"NWT","2020-08-12","PIKA-088",448994,4434767,"Plot088.center.context.2020.HEIC","Sander Aplet",NaN,"09:25","10:30","09:30","09:57",30,5,30,15,20,30,"N","N","N","N","N","N","N","N","N","N","N","N","N","Y","N",1,1,20,"NWT-6","NWT-79",448990,4434765,"Plot088.sensor.context.2020.HEIC",2,2,1,2,2,0,"battery relaced but did not get light to flash 'ok'; so, pulled sensor 6 and replaced with sensor #79 at 10:30 am. coordinates for this plot were re-confirmed as 448994, 4434767","PIKA-88 2020-08-12 9:30","N",NaN,NaN,NaN
"NWT","2020-08-12","PIKA-140",449579,4434542,"Plot140.center.context.2020.jpeg","Sander Aplet","Emily Monk","08:27","09:06","08:38","09:03",40,4,40,20,2,0,"N","N","Y","Y","N","N","N","N","N","N","N","N","N","N","N",1,1,20,"NWT-66","NWT-66",449579,4434542,"Plot140.sensor.context.2020.jpeg",1,0.5,0.25,1,2,0,"battery replaced, ungulate scat found in plot","PIKA-140 2020-08-12 8:38","N",NaN,NaN,NaN
"NWT","2020-08-12","PIKA-084",449610,4434829,"Plot84_center_Context.2020.HEIC","Emily Monk",NaN,"09:17","10:10","09:25","09:50",40,15,40,5,0,0,"N","N","Y","N","N","N","N","N","N","N","N","N","N","Y","Y",1,1,15.6,"NWT-11","NWT-9",449605,4434833,"Plot84_sensor_context.2020.HEIC",1,0.4,0.25,1,1,0,"could not get nwt-11 to blink after battery replacement.removed nwt-11 and placed nwt-9 (which has blinking). also, i saw ungulate scat; probably elk.","PIKA-84 2020-08-12 9:25","N",NaN,NaN,NaN
"NWT","2020-08-17","PIKA-121",445681,4434822,"Plot121-center-context.2020.HEIC","Sammy Yevak",NaN,"09:20","09:50","09:25","09:45",85,0,15,0,0,0,"Y","N","Y","N","N","N","N","N","N","N","N","N","Y","Y","Y",1,1,17.2,"NWT-74","NWT-74",445678,4434827,"Plot121-sensor-context.2020.HEIC",1,4,2,3,1,0,"fs very fresh","PIKA-121 2020-08-17 9:25","N",NaN,NaN,NaN
"NWT","2020-08-17","PIKA-029",445938,4434629,"Plot29_Center_Context.2020.HEIC","Emily Monk",NaN,"09:30","10:30","09:33","09:50",60,2,30,15,2,0,"N","Y","N","N","N","N","N","N","N","N","N","N","N","N","N",1,1,15.6,NaN,"NWT-77",NaN,NaN,"Plot29_Sensor_context.2020.HEIC",2,4,2,4,1,0,"could not find sensor, even with photos and exhaustive search; thus, replaced with nwt-77, which i put in ground at 10:27. so many pikas everywhereand tons of poop. e-mail from emily: the crevice depth for second observation was 1 meter; for the actual deepest talus, i forgot to circle it because i wanted to ask you about it. there were some really really giant rocks that created really large deep crevasses, so if the giant boulders count i would circle >1.5m. on average it was >1m. i am so so sorry, i thought i had taken coordinates but i must have forgotten. the sensor is located east (very very slightly south) of the plot center. if you have access to the poop i collected from that site the sensor is about 1.5 meters east of the poop. note from airy: the picture for the sensor closeup might also give us the coordinates.","PIKA-29 2020-08-17 9:33","N",NaN,NaN,NaN
"NWT","2020-08-17","PIKA-034",446138,4434955,"Plot034.Center.context.2020.HEIC","Emily Monk","Sammy Yevak","10:52","11:22","10:57","11:20",40,0,30,30,5,2,"N","N","N","N","N","N","N","N","N","N","N","N","Y","Y","N",1,1,20,"NWT-47","NWT-47",446137,4434942,"Plot034.sensor.context.HEIC",1,3,2.5,3,1,0,"definitely 2 individuals in plot; maybe even 3. two poop samples from two areas of plot occupied by two different pikas (at time of search). center cairn exist; rebuilt; not super obvious since it is so close to trail","PIKA-34 2020-08-17 10:57","N",NaN,NaN,NaN
"NWT","2020-08-17","PIKA-017",446417,4435551,"Plot17.center.context.2020.HEIC","Emily Monk",NaN,"12:04","12:43","12:09","12:39",40,5,30,35,7,2,"Y","N","N","N","N","N","N","N","N","N","N","Y","Y","Y","N",1,1,22.8,"NWT-56","NWT-56",446414,4435547,"Plot17.sensor.context.2020.HEIC",2,2,0.75,2,1,0,"could not found any fresh poop. fair amount of very old poop deep in rocks, but nothing from this season. emily observed 5% of ferns in the are and she did not know how to classified; i have added the 5% to her forbs %. from emily e-mail: for the deepest talus, i would circle >0.5m.","PIKA-17 2020-08-17 12:09","N",NaN,NaN,NaN
"NWT","2020-08-17","PIKA-006",446371,4434942,"Plot6-center-context.2020.HEIC","Sammy Yevak",NaN,"11:10","11:40","11:15","11:35",80,0,20,0,0,0,"N","N","N","N","N","N","N","N","N","N","N","N","N","N","N",1,1,19.4,"NWT-61","NWT-61",446375,4434948,"Plot6-sensor-context .2020.HEIC",1,2,0.5,1,3,0,NaN,"PIKA-6 2020-08-17 11:15","N",NaN,NaN,NaN
"NWT","2020-08-17","PIKA-001",446832,4435348,"Plot1.center.context.2020.HEIC","Emily Monk",NaN,"13:09","13:38","13:13","13:35",30,10,30,30,5,5,"N","N","N","N","N","N","N","N","moose","N","N","N","N","N","N",2,1,23.9,"NWT-50","NWT-50",446832,4435355,"Plot1.sensor.context1.2020.HEIC",2,1.25,0.75,1,1,0,"sensor is downslope of plot center; this note might be helpful for future. i don't see any pika sign. this plot does not seem like the best pika habitat. not really any large crevices or places to go under the rock. many small ""cliffs""","PIKA-1 2020-08-17 13:13","N",NaN,NaN,NaN
"NWT","2020-08-17","PIKA-109",446889,4435219,"Plot109-center-context.2020.HEIC","Sammy Yevak",NaN,"13:05","13:35","13:10","13:30",25,0,35,15,0,25,"Y","N","N","N","N","N","N","N","N","N","N","N","Y","Y","N",1,1,21.1,"NWT-8","NWT-8",446886,4435217,"Plot109-sensor-context.2020.HEIC",1,1,0.25,1,1,0,"rebuilt cairn","PIKA-109 2020-08-17 13:10","N",NaN,NaN,NaN
"NWT","2020-08-17","PIKA-010",448012,4435265,"Plot010.center.context.2020.HEIC","Sander Aplet",NaN,"08:09","08:50","08:14","08:40",50,2,10,40,0,5,"N","N","N","N","N","N","N","N","chipmunk","N","N","N","N","Y","N",1,1,12.2,"NWT-55","NWT-55",448014,4435264,"Plot010.sensor.context.2020.HEIC",1,4,1.5,2,1,0,"ungulate scat","PIKA-10 2020-08-17 8:14","N",NaN,NaN,NaN
"NWT","2020-08-17","PIKA-026",448620,4434963,"Plot026.center.context.2020.HEIC","Sander Aplet",NaN,"09:35","10:40","09:40","10:05",40,3,60,3,3,3,"N","N","Y","N","Y","N","Y","N","N","N","N","N","N","N","N",1,1,20.6,"NWT-43","NWT-43",448624,4434962,"Plot026.sensor.context.2020.HEIC",2,2,1,2,1,0,NaN,"PIKA-26 2020-08-17 9:40","N",NaN,NaN,NaN
"NWT","2020-08-17","PIKA-036",449057,4435128,"Plot036.Center.context.2020.HEIC","Sander Aplet",NaN,"11:10","11:40","11:15","11:35",60,3,10,20,3,10,"N","N","N","N","Y","N","N","N","N","N","N","N","Y","N","N",1,1,26.1,"NWT-3","NWT-3",449056,4435128,"Plot036.sensor.context.2020.HEIC",2,0.75,0.25,1,2,0,NaN,"PIKA-36 2020-08-17 11:15","N",NaN,NaN,NaN
"NWT","2020-08-17","PIKA-004",449397,4435214,"Plot004.center.context.2020.HEIC","Sander Aplet",NaN,"12:00","12:30","12:05","12:25",100,0,2,1,0,0,"N","N","N","N","N","N","N","N","N","N","N","N","N","N","N",1,1,24.4,"NWT-51","NWT-51",449397,4435214,"Plot004.sensor.context.2020.HEIC",1,2,1,3,1,90,NaN,"PIKA-4 2020-08-17 12:05","N",NaN,NaN,NaN
"NWT","2020-08-17","PIKA-032",449588,4435384,"Plot032.center.context.2020.HEIC","Sander Aplet",NaN,"12:51","13:25","12:56","13:19",70,10,5,3,15,35,"N","N","N","N","N","N","N","N","N","N","N","N","N","N","N",1,1,26.7,"NWT-2","NWT-2",449588,4435384,"Plot032.sensor.context.2020.HEIC",1,1.5,1,2,2,0,"not many signs of anything","PIKA-32 2020-08-17 12:56","N",NaN,NaN,NaN
"NWT","2020-08-18","PIKA-011",448342,4432955,"Plot11-center-context.2020.HEIC","Sammy Yevak",NaN,"12:35","13:05","12:40","13:00",35,0,35,20,10,0,"N","N","N","Y","N","N","N","N","N","N","N","Y","N","Y","N",2,1,25,"NWT-48","NWT-48",448333,4432957,"Plot11-sensor-context.2020.HEIC",1,2,0.5,1,1,0,NaN,"PIKA-11 2020-08-18 12:40","N",NaN,NaN,NaN
"NWT","2020-08-18","PIKA-087",448728,4433222,"Plot087.center.context.2020.HEIC","Sammy Yevak","Sander Aplet","11:15","11:45","11:20","11:40",50,0,3,0,25,25,"N","N","N","N","N","N","N","N","N","N","N","N","N","Y","N",2,1,25.6,"NWT-46","NWT-46",448727,4433224,"Plot087.sensor.context.2020.HEIC",2,3,2,4,3,0,NaN,"PIKA-87 2020-08-18 11:20","N",NaN,NaN,NaN
"NWT","2020-08-18","PIKA-023",448615,4433399,"Plot023.center.context.2020.HEIC","Sammy Yevak","Sander Aplet","11:50","12:20","11:55","12:15",80,0,2,3,15,0,"N","N","N","N","Y","N","N","N","N","N","N","N","N","Y","N",1,1,26.1,"NWT-45","NWT-45",448615,4433399,"Plot023.sensor.context.2020.HEIC",1,3,1,3,1,18,NaN,"PIKA-23 2020-08-18 11:55","N",NaN,NaN,NaN
"NWT","2020-08-18","PIKA-095",448249,4433449,"Plot095.center.context.2020.HEIC","Sander Aplet",NaN,"09:32","10:07","09:37","10:03",60,10,10,2,10,30,"Y","N","N","N","N","N","N","N","N","N","N","N","N","Y","N",1,1,23.3,"NWT-64","NWT-64",448234,4433455,"Plot095.sensor.context.2020.HEIC",1,1,0.5,1,1,0,NaN,"PIKA-95 2020-08-18 9:37","N",NaN,NaN,NaN
"NWT","2020-08-18","PIKA-031",448184,4433573,"Plot31-center-context.2020.HEIC","Sammy Yevak",NaN,"09:30","10:00","09:35","09:55",30,0,25,35,10,0,"Y","N","Y","Y","N","N","N","N","bald eagle","N","N","N","N","Y","N",1,1,23.3,"NWT-52","NWT-52",448173,4433569,"Plot31-sensor-context.2020.HEIC",1,1,0.5,1,1,0,"carin rebuilt","PIKA-31 2020-08-18 9:35","N",NaN,NaN,NaN
"NWT","2020-08-18","PIKA-027",447908,4433592,"Plot27-center-context.2020.HEIC","Sammy Yevak","Sander Aplet","08:50","09:20","08:55","09:15",30,0,60,0,30,0,"N","N","Y","Y","Y","N","N","N","N","N","N","N","N","Y","N",1,1,21.1,"NWT-67","NWT-67",447897,4433599,"Plot27-sensor-context.2020.HEIC",2,3,1,1,2,0,"shrub is coverin rocks/grass. we rebuilt cairn. plot center was wrong on gps; i used sensor coordinates from last year to find plot. update: although this plot was supposedly moved in 2018, it was not; all surveys have been done at the original 2016 coordinates.","PIKA-27 2020-08-18 8:55","N",NaN,NaN,NaN
"NWT","2020-08-19","PIKA-016",450194,4433309,"Plot016.center.context.2020.HEIC","Sammy Yevak","Sander Aplet","08:15","08:45","08:20","08:40",25,10,40,10,10,5,"N","N","N","N","N","N","N","N","chipmunk","N","N","N","N","N","N",1,1,18.9,NaN,"NWT-80",NaN,NaN,"Plot016.sensor.context.2020.HEIC",1,1,0.5,1,1,0,"we could not find the sensor from 2019, thus we placed new sensor #80.","PIKA-16 2020-08-19 8:20","N",NaN,NaN,NaN
"NWT","2020-08-19","PIKA-007",449563,4432976,"Plot007.center.context.2020.HEIC","Sammy Yevak","Sander Aplet","12:30","13:00","12:35","12:55",60,5,15,0,0,20,"N","N","N","N","N","N","N","N","N","N","N","N","N","N","N",2,1,21.1,"NWT-60","NWT-60",449562,4432978,"Plot007.sensor.context.2020.HEIC",2,2,1,3,3,2,"carn was rebuilt. we only found one sensor.","PIKA-7 2020-08-19 12:35","N",NaN,NaN,NaN
"NWT","2020-08-19","PIKA-035",449119,4433475,"Plot035.center.context.2020.HEIC","Sammy Yevak","Sander Aplet","09:05","09:35","09:10","09:30",20,10,40,10,10,10,"N","N","N","N","N","N","N","N","chipmunk","N","N","Y","N","N","N",1,1,19.4,"NWT-7","NWT-7",449117,4433478,"Plot035.sensor.context.2020.HEIC",1,1.5,1,1,1,0,"cairn was rebuilt. sensor found","PIKA-35 2020-08-19 9:10","N",NaN,NaN,NaN
"NWT","2020-08-19","PIKA-083",448830,4433500,"Plot083.center.context.2020.HEIC","Sammy Yevak","Sander Aplet","09:35","10:05","09:40","10:00",60,0,25,0,10,5,"N","N","N","N","N","N","N","N","N","N","N","N","N","N","N",1,1,21.7,"NWT-10","NWT-10",448828,4433502,"Plot083.sensor.context.2020.HEIC",1,2,1,1,1,0,NaN,"PIKA-83 2020-08-19 9:40","N",NaN,NaN,NaN
"NWT","2020-08-19","PIKA-019",448672,4433690,"Plot019.center.context.2020.HEIC","Sammy Yevak","Sander Aplet","10:35","11:05","10:40","11:00",20,10,40,10,20,0,"N","N","Y","Y","Y","N","N","N","N","N","N","N","N","N","N",1,1,22.2,NaN,"NWT-69",NaN,NaN,"Plot019.sensor.context.2020.HEIC",1,2,0.75,1,2,0,"downloaded and placed sensor #61 [*probably nwt-69 rather than 61], which was a serviced sensor from other plot. the cairn was rebuilt. we could not find the other sensor, we found a cord but did not have the sensor attached.","PIKA-19 2020-08-19 10:40","N",NaN,NaN,NaN
"NWT","2020-08-19","PIKA-024",448704,4434071,"Plot024.center.context.2020.HEIC","Sammy Yevak","Sander Aplet","11:20","11:50","11:25","11:45",25,5,20,5,45,0,"Y","N","N","Y","N","N","N","N","N","N","N","N","N","N","N",1,1,22.2,"NWT-70","NWT-70",448703,4434070,"Plot024.sensor.context.2020.HEIC",3,2.5,0.75,1,3,0,NaN,"PIKA-24 2020-08-19 11:25","N",NaN,NaN,NaN
"NWT","2020-08-20","PIKA-195",448835,4433805,"Plot195.center.context.2020.HEIC","Sammy Yevak","Sander Aplet","11:20","11:50","11:25","11:45",25,0,50,25,0,0,"N","N","Y","Y","N","N","N","N","N","N","N","N","N","N","N",1,1,21.1,"NWT-1","NWT-1",448831,4433806,"Plot195.sensor.context.2020.HEIC",1,0.75,0.5,1,2,0,NaN,"PIKA-195 2020-08-20 11:25","N",NaN,NaN,NaN
"NWT","2020-08-20","PIKA-186",447931,4434096,"Plot186.center.context.2020.HEIC","Sammy Yevak","Sander Aplet","10:25","11:00","10:30","10:50",40,0,45,10,5,0,"N","N","Y","Y","N","N","N","N","N","N","N","N","N","Y","N",1,1,20,"NWT-5","NWT-5",447933,4434096,"Plot186.sensor.context.2020.HEIC",2,1.5,0.75,1,2,0,NaN,"PIKA-186 2020-08-20 10:30","N",NaN,NaN,NaN
"NWT","2020-08-20","PIKA-116",449176,4434967,"Plot116.center.context.2020.HEIC","Sammy Yevak","Sander Aplet","08:50","09:20","08:55","09:15",60,0,40,0,0,0,"N","N","N","N","N","N","N","N","N","N","N","N","N","N","N",1,2,17.8,"NWT-13","NWT-13",449173,4434966,"Plot116.sensor.context.2020.HEIC",2,0.75,0.25,1,3,0,NaN,"PIKA-116 2020-08-20 8:55","N",NaN,NaN,NaN
"NWT","2021-08-16","PIKA-001",446830,4435350,"Plot1.center.context.2021.HEIC","S. DE SOUZA","S. APLET","11:05","11:45","11:17","11:37",30,30,40,20,2,0,"N","N","Y","N","N","N","N","N","GROUND SQUIRREL",NaN,NaN,"N","Y","Y","N",1,1,21,"NWT-50","NWT-50",446832,4435355,"Plot1.sensor.context.2021.HEIC",1,3,1,1,1,0,NaN,"PIKA-001 2021-08-16 11:17",NaN,NaN,NaN,NaN
"NWT","2021-08-18","PIKA-010",448011,4435264,"Plot10.center.2021.HEIC","A. PERALTA",NaN,"08:40","09:31","08:48","09:08",55,20,15,30,5,2,"N","N","N","N","N","N","N","N","ELK SCAT",NaN,NaN,"N","N","N","N",2,3,15,NaN,"NWT-66",NaN,NaN,"Plot10.sensorContext.2021.HEIC",1,4,2,2,1,0,"former sensor could not be found; when I removed the rocks, only the coord was haging in there. given the terrain and the way/shape in which the coord was found, my thinking is that the former sensor was not attached properly to the coord and slide throught a visible very small crevice where my hand coul not reach. I took pictures. I placed sensor with serial ID 20428740, which was one of the sensors previously recovered at other plot due to a missing ID number; this sensor's data was downloaded at Airy's computer and re-deployed. another insteresting fact is the lack of lichen, I could probably say that 0.001% of the plot had lichen cover, which was located over a big boulder and had the size of two 1 dollar coins. Several photos (named Plot10...) document these observations.","PIKA-010 2021-08-18 8:48",NaN,NaN,NaN,NaN
"NWT","2021-08-16","PIKA-100",449070,4435057,"Plot100.center.context.2021.HEIC","M. MOORE","A. PERALTA","11:49","12:23","11:54","12:14",45,5,40,30,0,15,"N","N","N","N","N","N","N","N",NaN,NaN,NaN,"N","N","N","N",2,1,22,"NWT-40","NWT-40",449071,4435058,"Plot100.sensor.context.2021.HEIC",1,1,0.5,2,1,0,"this plot may be easier to access from nwt ridge. found gray/hAiry scat (2""long, 3/4"" diameter) with small bones (maybe pika bones)","PIKA-100 2021-08-16 11:54",NaN,NaN,NaN,NaN
"NWT","2021-08-09","PIKA-102",445573,4433771,"Plot102.center.context.2021.JPG","S. APLET","S. DE SOUZA","11:33","12:34","11:38","11:58",60,30,10,3,0,0,"N","N","N","N","N","N","N","N",NaN,NaN,NaN,"N","Y","Y","N",2,1,30,"NWT-30","NWT-30",445577,4433768,"Plot102.sensor.context.2021.JPG",2,3,1,3,1,0,"first time they tried to download the sensor's data it said fail, but then they tried again and sensor  transferred and said okay. they placed the same sensor.","PIKA-102 2021-08-09 11:38",NaN,NaN,NaN,NaN
"NWT","2021-08-17","PIKA-011",448341,4432955,"Plot11.center.context.2021.HEIC","M. MOORE","S. APLET","11:15","11:55","11:25","11:46",30,10,25,20,15,0,"N","N","Y","N","N","N","N","N",NaN,NaN,NaN,"Y","Y","Y","N",2,2,22,"NWT-48","NWT-44",448336,4432955,"Plot11.sensor.context.2021.HEIC",2,2,1.5,2,1,0,"some elk poop; sensor would not download","PIKA-011 2021-08-17 11:25",NaN,NaN,NaN,NaN
"NWT","2021-08-09","PIKA-117",446793,4433967,"Plot117.center.context.2021.HEIC","A. PERALTA",NaN,"09:42","10:49","09:53","10:13",30,40,35,20,15,0,"N","N","N","N","N","N","N","N","AMERICAN PIPIT",NaN,NaN,"N","N","N","N",1,1,21,"NWT-4","NWT-4",446788,4433969,"Plot117.sensor.context.2021.HEIC",1,2,1,2,2,0,"see pictures for unidentified scat; ptarmigan poo in plot.","PIKA-117 2021-08-09 9:53",NaN,NaN,NaN,NaN
"NWT","2021-08-15","PIKA-121",445676,4434823,"Plot121.center.context.2021.JPG","A. PERALTA",NaN,"10:22","11:01","10:28","10:48",90,5,10,5,0,0,"N","Y","Y","N","N","N","N","N",NaN,NaN,NaN,"N","Y","Y","Y",2,1,22,"NWT-74","NWT-74",445677,4434825,"Plot121.sensor.context.2021.JPG",1,5,2,3,1,0,"ptarmigan poo","PIKA-121 2021-08-15 10:28",NaN,NaN,NaN,NaN
"NWT","2021-08-12","PIKA-014",447734,4434241,"Plot14.center.context.2021.JPG","S. DE SOUZA","S. APLET","10:34","11:07","10:45","11:05",20,15,40,25,3,0,"N","N","N","N","Y","Y","N","N",NaN,NaN,NaN,"N","Y","N","N",1,1,24,"NWT-49","JL3",447736,4434240,"Plot14.sensor.context.2021.JPG",2,2,1,1,2,0,"the retrieved sensor label was fading and it could have been sensor 74 or 77 [Chris Ray: actually it was 49 based on the serial number (20428757) in the download file labeled ""74?-20428757""], but we refreshed it as nwt74; after placing a new battery, it failed to download so we brought it and placed sensor jl3. [Airy: this sensor was not lauched correctly a year a go, so no data was recorded over a year; I have save the files and relaunch it at home]","PIKA-014 2021-08-12 10:45",NaN,NaN,NaN,NaN
"NWT","2021-08-11","PIKA-140",449583,4434541,"Plot140.center.context.2021.HEIC","A. PERALTA","A. PATTON","09:55","10:32","10:03","10:23",20,30,50,17.5,0,0,"N","N","Y","Y","N","N","N","N",NaN,NaN,NaN,"N","N","N","N",1,3,18,"NWT-66","NWT-11",449580,4434540,"Plot140.sensor.context.2021.HEIC",2,1,0.25,1,1,0,"sensor 20428740 was not blinking and dID not have an ID written on it [Chris Ray: it was nwt-66; both nwt-66 and nwt-67 came from the factory w/the same serial# 20428740 but nwt-66 was placed at plot 140 in 2020 accdg to the archive]; I brought it home. I downloaded and exported the data to csv and lauched the sensor to have an extra one. when reading the sensor I got an initial message saying that the sensor logged out  and could have happen do to different reasons. Airy took a screen shot of this. this sensor logged out last year when they were changing the batteries becuase it dID not record anything since 8/12/2020.","PIKA-140 2021-08-11 10:03",NaN,NaN,NaN,NaN
"NWT","2021-08-11","PIKA-140",449581,4434539,"Plot140.center.context.2021.HEIC","A. PATTON","A. PERALTA","10:33","11:00","10:38","10:58",40,20,50,50,0,0,"N","N","N","N","N","N","N","N","AMERICAN PIPIT",NaN,NaN,"N","N","N","N",1,3,21,NaN,NaN,NaN,NaN,"Plot140.sensor.context.2021.HEIC",1,1,0.5,2,2,0,"ptarmigan scat. double survey","PIKA-140 2021-08-11 10:38",NaN,NaN,NaN,NaN
"NWT","2021-08-17","PIKA-144",450020,4432850,"Plot144.center.context.2021.JPG","S. DE SOUZA","A. PERALTA","11:08","11:36","11:14","11:34",70,30,15,20,10,10,"N","N","N","N","N","N","N","N","HUMMINGBIRD","CHIPMUNK","DEER POO","N","N","N","N",1,1,23,"NWT-37","NWT-37",450024,4432852,"Plot144.sensor.context.2021.JPG",2,1.5,0.5,1,1,0,NaN,"PIKA-144 2021-08-17 11:14",NaN,NaN,NaN,NaN
"NWT","2021-08-12","PIKA-015",448131,4434006,"Plot15.center.context.2021.HEIC","A. PERALTA","D. JACKSON","10:09","10:40","10:15","10:35",25,15,80,60,5,0,"N","N","N","N","N","N","N","Y",NaN,NaN,NaN,"N","N","N","N",1,1,11,"NWT-62","NWT-62",448133,4434008,"Plot15.sensor.context.2021.HEIC",2,4,2,3,1,0,"[Chris Ray: sensor NWT-62 did not contain any data upon download or download failed and so the sensor might not have been properly reprogrammed for 2021-2022] retrieved sensor might have been exposed (not well covered by rocks; see the picture. there are many old urine stains in the area around creviced >0.5 in depth, but no sign of xantoria lichen growing on top of the old urine stains. also, the lichen cover could be >66% if we count the big amount of dead lichen in this area.","PIKA-015 2021-08-12 10:15",NaN,NaN,NaN,NaN
"NWT","2021-08-17","PIKA-151",448806,4433178,"Plot151.center.context.2021.HEIC","M. MOORE","S. APLET","09:45","10:26","10:03","10:23",40,10,10,10,50,10,"N","N","N","N","N","N","N","N",NaN,NaN,NaN,"N","N","N","N",2,2,15,"NWT-38","NWT-38",448803,4433174,"Plot151.sensor.context.2021.HEIC",1,4,2,3,1,0,NaN,"PIKA-151 2021-08-17 10:03",NaN,NaN,NaN,NaN
"NWT","2021-08-04","PIKA-016",450193,4433307,NaN,"C. RAY","S. DE SOUZA","09:40","11:05","10:03","10:23",35,15,15,30,5,0,"N","N","N","N","N","N","N","N","GROUND SQUIRREL","CHIPMUNK",NaN,"N","N","N","N",2,1,19,"NWT-80","NWT-80",450201,4433301,NaN,1,2,1,2,1,0,NaN,"PIKA-016 2021-08-04 10:03",NaN,NaN,NaN,NaN
"NWT","2021-08-18","PIKA-164",448988,4434762,"Plot164.center.context.2021.JPG","S. DE SOUZA",NaN,"09:55","10:54","10:18","10:38",20,30,10,30,10,10,"N","N","N","N","N","N","N","N",NaN,NaN,NaN,"N","N","Y","N",1,1,26,NaN,"NWT-48",NaN,NaN,"Plot164.sensor.context.2021.JPG",2,2,0.5,1,2,0,"[Chris Ray: the on-site and on-file coords were identical here so I changed the on-file coords to the original grts coords for plot 164 in the plot-tracking record] this was a new/first-time placement; this plot is replacing plot 68; Airy: corroborating the coordinates, it is evindently that this plot was moved and the on file coordinates given are the final coordinates.","PIKA-164 2021-08-18 10:18","Y",50,NaN,NaN
"NWT","2021-08-19","PIKA-164",448988,4434762,"Plot164.center.context.2021.JPG","S. DE SOUZA",NaN,"09:58","10:25","10:01","10:16",20,30,10,30,10,10,"N","N","N","N","Y","N","N","N","PTARMIGAN SCAT",NaN,NaN,"N","N","Y","N",4,1,7,NaN,NaN,NaN,NaN,"Plot164.sensor.context.2021.JPG",2,NaN,NaN,1,1,0,"double survey","PIKA-164 2021-08-19 10:01",NaN,NaN,NaN,NaN
"NWT","2021-08-16","PIKA-017",446417,4435551,"Plot17.center.context.2021.HEIC","S. DE SOUZA","S. APLET","09:05","09:40","09:17","09:37",30,30,15,20,5,0,"N","N","N","Y","N","N","N","N",NaN,NaN,NaN,"N","Y","Y","N",1,1,20,"NWT-56","NWT-56",446418,4435549,"Plot17.sensor.context.2021.HEIC",1,3,1,2,1,0,NaN,"PIKA-017 2021-08-16 9:17",NaN,NaN,NaN,NaN
"NWT","2021-08-17","PIKA-019",448673,4433690,"Plot19.center.context.2021.JPG","S. DE SOUZA","A. PERALTA","10:20","10:43","10:21","10:41",35,30,70,15,10,0,"N","Y","Y","N","N","N","N","Y",NaN,NaN,NaN,"N","N","N","N",1,2,18,NaN,NaN,NaN,NaN,"Plot19.sensor.context.2021.JPG",1,2,1,1,1,0,"double survey","PIKA-019 2021-08-17 10:21",NaN,NaN,NaN,NaN
"NWT","2021-08-17","PIKA-019",448672,4433690,"Plot19.center.context.2021.JPG","A. PERALTA","S. DE SOUZA","09:42","10:19","09:48","10:08",30,20,40,10,10,0,"N","N","Y","Y","N","N","N","N","ELK SCAT",NaN,NaN,"N","N","N","N",1,2,19,"NWT-69","NWT-69",448659,4433698,"Plot19.sensor.context.2021.JPG",1,2,1,2,1,0,"sensor note: sn 20428737","PIKA-019 2021-08-17 9:48",NaN,NaN,NaN,NaN
"NWT","2021-08-10","PIKA-002",446903,4434092,"Plot2.center.context.2021.HEIC","S. DE SOUZA","S. APLET","09:41","10:15","09:46","10:06",40,20,15,10,40,0,"N","N","Y","N","N","N","N","N",NaN,NaN,NaN,"Y","Y","Y","N",1,2,15,"NWT-23","NWT-23",446901,4434092,"Plot2.sensor.context.2021.HEIC",1,3,1,3,2,0,NaN,"PIKA-002 2021-08-10 9:46",NaN,NaN,NaN,NaN
"NWT","2021-08-09","PIKA-022",445879,4433217,"Plot22.center.context.2021.JPG","S. DE SOUZA","S. APLET","13:07","14:05","13:13","13:33",100,0,0,0,0,0,"N","N","N","N","N","N","N","N",NaN,NaN,NaN,"N","N","N","N",2,2,15,"NWT-68","NWT-68",445882,4433215,"Plot22.sensor.context.2021.JPG",1,3,1,2,2,150,NaN,"PIKA-022 2021-08-09 13:13",NaN,NaN,NaN,NaN
"NWT","2021-08-17","PIKA-023",448614,4433400,"Plot23.center.context.2021.HEIC","M. MOORE","S. APLET","08:50","09:27","09:02","09:23",60,5,15,10,30,0,"N","N","Y","N","N","N","N","N",NaN,NaN,NaN,"Y","Y","Y","N",1,1,18,"NWT-45","NWT-21",448614,4433399,"Plot23.sensor.context.2021.HEIC",1,3,2,3,1,0,"nwt-45 failed to download","PIKA-023 2021-08-17 9:02",NaN,NaN,NaN,NaN
"NWT","2021-08-12","PIKA-024",448703,4434070,"Plot24.center.context.2021.HEIC","A. PERALTA","D. JACKSON","09:06","09:51","09:14","09:34",50,30,60,40,20,0,"N","N","Y","Y","N","N","N","N",NaN,NaN,NaN,"N","N","N","N",1,1,17,"NWT-70","NWT-70",448704,4434071,"Plot24.sensor.context.2021.HEIC",2,4,1,2,2,0,"the sensor ID was fadding and the handwrite was not the best; it could be sensor nwt10, but we refreshed over what looked like a number seven. [Chris Ray: it was nwt-70]","PIKA-024 2021-08-12 9:14",NaN,NaN,NaN,NaN
"NWT","2021-08-11","PIKA-003",448107,4434559,"Plot3.center.context.2021.HEIC","S. DE SOUZA","S. APLET","09:08","09:45","09:15","09:35",20,30,40,40,0,0,"N","N","N","N","N","N","N","N",NaN,NaN,NaN,"N","N","N","N",1,3,14,"NWT-58","NWT-58",448107,4434558,"Plot3.sensor.context.2021.HEIC",2,3,1,1,1,0,NaN,"PIKA-003 2021-08-11 9:15",NaN,NaN,NaN,NaN
"NWT","2021-10-11","PIKA-004",449397,4435213,NaN,"C. RAY",NaN,"13:50","14:25","13:55","14:15",100,0,0,0,0,0,"N","N","N","N","N","N","N","N",NaN,NaN,NaN,"N","N","N","Y",2,1,12,"NWT-51","NWT-45",449397,4435213,NaN,1,2.5,1,4,2,25,"Airy's crew felt this slope was too steep and unstable to access, but I found it safe; they noted dense lichen cover and that indicates stability; they estimated veg at >100 m but there was veg within 25 m which also indicates stability; I surveyed the site after significant snowfall, so I dId not take photos; although I surveyed the slope late in the year, I believe the site was occupied on 8/16/2021, because Airy and her crew heard and saw pikas at "">50 m"" of the plot center on that date; I have adjusted the location downslope a few meters to honor the crew's concerns; previous and future data from this plot should remain comparable","PIKA-004 2021-10-11 13:55",NaN,NaN,NaN,NaN
"NWT","2021-08-09","PIKA-049",446580,4433643,"Plot49.center.context.2021.HEIC","A. PERALTA",NaN,"12:49","13:42","12:57","13:17",100,10,0,0,0,0,"N","N","N","N","N","N","N","N",NaN,NaN,NaN,"N","Y","Y","N",2,2,19,"NWT-26","NWT-26",446581,4433642,"Plot49.sensor.context.2021.HEIC",2,2.5,1,4,1,50,NaN,"PIKA-049 2021-08-09 12:57",NaN,NaN,NaN,NaN
"NWT","2021-08-10","PIKA-005",446480,4434034,"Plot5.center.context.2021.HEIC","A. PERALTA",NaN,"09:46","10:48","09:54","10:14",70,30,50,10,0,0,"N","Y","Y","Y","N","N","N","N",NaN,NaN,NaN,"N","N","N","N",1,3,17,NaN,"PY",NaN,NaN,"Plot5.sensor.context.2021.HEIC",2,6,3,4,1,0,"old sensor was not found; and 2020 sensor were not found. I compared the site to the reference photos and expanded the search, but no sensor was found. I dID notice that the former place were the sensor was set have a very deep crevice (>1 meter) with no support and could have easily felt through it. also, I found marmot scat as well as hear the marmot near by where the sensors used to be placed. the 2021 was set on an active haypile with ground support.","PIKA-005 2021-08-10 9:54",NaN,NaN,NaN,NaN
"NWT","2021-08-15","PIKA-050",446226,4435089,"Plot50.center.context.2021.HEIC","A. PERALTA",NaN,"12:26","12:55","12:31","12:51",90,0,5,5,10,0,"N","N","Y","N","N","N","N","N",NaN,NaN,NaN,"N","Y","Y","N",3,1,22,"NWT-24","NWT-24",446230,4435085,"Plot50.sensor.close3.2021.HEIC",1,3,1,3,1,2,"sensor is located 5 meters from center; there are no good sensor-context photos yet; more small rocks were added atop the sensor during the 2015 photo-shoot, which is why the site looks different between sensor-closeup photos; plot center-context photos from 2017 and 2021 are taken from different angles and look very different","PIKA-050 2021-08-15 12:31",NaN,NaN,NaN,NaN
"NWT","2021-08-09","PIKA-053",446675,4433894,"Plot53.center.context.2021.HEIC","A. PERALTA",NaN,"11:09","11:55","11:20","11:40",10,45,70,40,10,0,"N","N","N","N","N","N","N","N",NaN,NaN,NaN,"Y","Y","Y","Y",2,2,21,"NWT-31","NWT-31",446676,4433893,"Plot53.sensor.context.2021.HEIC",2,4,1,4,1,0,NaN,"PIKA-053 2021-08-09 11:20",NaN,NaN,NaN,NaN
"NWT","2021-08-09","PIKA-053",446675,4433893,"Plot53.center.context.2021.HEIC","A. PERALTA",NaN,"14:23","14:50","14:28","14:48",10,40,70,50,5,0,"Y","Y","N","N","N","N","N","N",NaN,NaN,NaN,"Y","Y","Y","Y",2,2,19,NaN,NaN,NaN,NaN,"Plot53.sensor.context.2021.HEIC",2,4,1,4,1,0,"double survey","PIKA-053 2021-08-09 14:28",NaN,NaN,NaN,NaN
"NWT","2021-08-17","PIKA-055",448114,4433397,"Plot55.center.context.2021.JPG","S. DE SOUZA","A. PERALTA","08:57","09:23","09:02","09:22",10,15,65,10,60,0,"N","N","Y","N","N","N","N","N","PTARMIGAN SCAT",NaN,NaN,"N","N","Y","N",1,2,19,"NWT-19","NWT-29",448115,4433397,"Plot55.sensor.context.2021.JPG",2,1.5,0.5,2,2,0,"orange lichen found, possible urine station [Chris Ray: there were no notes on why nwt-19 was replaced with nwt-29 and the download of nwt-19 contained good data from all of 2019-2021] ","PIKA-055 2021-08-17 9:02",NaN,NaN,NaN,NaN
"NWT","2021-08-11","PIKA-056",449313,4434283,"Plot56.center.context.2021.HEIC","A. PERALTA","A. PATTON","11:23","12:02","11:30","11:50",90,1,10,5,0,0,"Y","N","Y","N","N","N","N","N",NaN,NaN,NaN,"N","N","N","N",1,3,18,"NWT-29","NWT-6",449312,4434283,"Plot56.sensor_center.context.2021.HEIC",1,1,0.5,2,3,0,"baby marmot was observed here. nwt-29 fail to download five times; I brought it home. it dID not wanted to be readed by the pendant coupler. I figured out that when the transparent case has a scratch by the sensor's communication area, it won't sync with the coupler/the shuttle reader. I temporarily changed the case with another sensor's case to download and export the data; temperature sensor is working right, so I lauched it from my computer, but next year we will need to replace that case in the field to be able to service it. the case is sold by onset.","PIKA-056 2021-08-11 11:30",NaN,NaN,NaN,NaN
"NWT","2021-08-11","PIKA-056",449313,4434283,"Plot56.center.context.2021.HEIC","A. PATTON","A. PERALTA","12:17","12:42","12:18","12:38",85,2,10,5,0,0,"Y","Y","Y","Y","N","N","N","N",NaN,NaN,NaN,"N","N","N","N",1,2,20,NaN,NaN,NaN,NaN,"Plot56.sensor_center.context.2021.HEIC",1,1.5,0.5,2,3,0,"double survey. adult and juvenile marmot observed. den is about 20 m from the center.","PIKA-056 2021-08-11 12:18",NaN,NaN,NaN,NaN
"NWT","2021-08-15","PIKA-057",445866,4434774,"Plot57.center.context.2021.HEIC","A. PERALTA",NaN,"11:23","11:55","11:28","11:48",50,25,30,20,10,0,"N","N","Y","N","N","N","N","N",NaN,NaN,NaN,"N","N","N","Y",2,1,25,"NWT-25","NWT-25",445859,4434774,"Plot57.sensor.context.2021.HEIC",1,5,4,2,2,0,"there was another cairn near the sensor (445859,4434774); do not confuse with the plot center","PIKA-057 2021-08-15 11:28",NaN,NaN,NaN,NaN
"NWT","2021-08-12","PIKA-058",447370,4434423,"Plot58.center.context.2021.JPG","S. DE SOUZA","S. APLET","09:17","09:55","09:30","09:52",30,25,30,20,0,0,"N","N","Y","Y","N","N","N","N",NaN,NaN,NaN,"N","N","Y","N",1,1,20,"NWT-44","NWT-65",447374,4434423,"Plot58.sensor.context.2021.JPG",2,1,0.5,1,2,0,"nwt-44  possibly exposed to sun; buried deeper after changing battery. nwt-44 failed at downloading so we placed nwt-65; found unidentifiable scat and took a picture; Airy: I downloaded the data and relaunch at home, but my best guess is that this sensor will need a new transparent case.","PIKA-058 2021-08-12 9:30",NaN,NaN,NaN,NaN
"NWT","2021-08-12","PIKA-058",447370,4434423,"Plot58.center.context.2021.JPG","S. APLET","S. DE SOUZA","09:55","10:20","09:58","10:18",30,25,30,20,0,0,"N","N","N","N","N","N","N","N",NaN,NaN,NaN,"N","N","Y","N",1,1,22,NaN,NaN,NaN,NaN,"Plot58.sensor.context.2021.JPG",2,1,0.5,1,2,0,"double survey","PIKA-058 2021-08-12 9:58",NaN,NaN,NaN,NaN
"NWT","2021-08-10","PIKA-059",447784,4433804,"Plot59.center.context.2021.HEIC","S. DE SOUZA","S. APLET","12:06","12:40","12:12","12:36",30,15,20,15,30,0,"N","N","N","Y","Y","N","N","N",NaN,NaN,NaN,"N","N","Y","N",1,2,16,"NWT-33","NWT-33",447786,4433805,"Plot59.sensor.context.2021.HEIC",1,4,1,2,3,0,"rebuilt a cair; it was knocked down","PIKA-059 2021-08-10 12:12",NaN,NaN,NaN,NaN
"NWT","2021-08-16","PIKA-006",446370,4434945,"Plot6.center.context.2021.HEIC","S. DE SOUZA","S. APLET","10:00","10:45","10:19","10:27",50,30,30,20,0,0,"N","N","N","N","N","N","N","N",NaN,NaN,NaN,"N","N","N","N",1,1,13,"NWT-61","NWT-61",446371,4434948,"Plot6.sensor.context.2021.HEIC",2,3,1,2,2,0,"[Chris Ray: the sensor ID was nwt-61 (techs could not determine) with serial# 20428745 (techs dID not determine or record the serial#)]","PIKA-006 2021-08-16 10:19",NaN,NaN,NaN,NaN
"NWT","2021-08-11","PIKA-060",450088,4434039,"Plot60.center.context.2021.HEIC","A. PERALTA","A. PATTON","08:45","09:19","08:52","09:12",50,70,25,35,20,0,"N","N","N","N","N","N","N","N",NaN,NaN,NaN,"N","N","N","N",1,2,20,"NWT-28","NWT-28",450093,4434040,"Plot60.sensor.context.2021.HEIC",1,0.75,0.5,1,2,0,"ID was faded; we refreshed what we though was nwt-28. the data trasnfer was quick, but the shuttle said okay, so we deployed it. we found ptarmigan poo","PIKA-060 2021-08-11 8:52",NaN,NaN,NaN,NaN
"NWT","2021-08-19","PIKA-060",450088,4434039,"Plot60.center.context.2021.HEIC","S. DE SOUZA",NaN,"08:37","09:20","08:39","08:59",NaN,NaN,NaN,NaN,NaN,NaN,"N","N","N","N","N","N","N","N","ELK POO","PTARMIGAN POO","DEER POO",NaN,NaN,NaN,NaN,3,3,11,NaN,NaN,NaN,NaN,"Plot60.sensor.context.2021.HEIC",NaN,NaN,NaN,NaN,NaN,0,"very low clouds/bad weather; double survey","PIKA-060 2021-08-19 8:39",NaN,NaN,NaN,NaN
"NWT","2021-08-12","PIKA-062",448047,4434111,"Plot62.center.context.2021.HEIC","A. PERALTA","D. JACKSON","11:48","12:15","11:53","12:14",30,10,40,30,20,0,"N","N","N","N","N","N","N","N","FRESH ELK SCAT",NaN,NaN,"N","N","N","N",1,1,21,"NWT-22","NWT-22",448046,4434111,NaN,1,2,1,2,1,0,"I forgot to take pictures for the sensor, but thee sensor is on a radious of about a meter from the center.","PIKA-062 2021-08-12 11:53",NaN,NaN,NaN,NaN
"NWT","2021-08-16","PIKA-065",447197,4435451,"Plot65.center.context.2021.HEIC","S. DE SOUZA","S. APLET","11:50","12:30","12:05","12:14",80,20,5,10,0,0,"N","N","Y","N","N","N","N","N",NaN,NaN,NaN,"N","N","Y","N",2,1,20,NaN,"NWT-49-wBadID74",NaN,NaN,"Plot65.sensor.context.2021.HEIC",2,5,2,4,1,2,"sensor not found, broke off from tail. new one placed. [Chris Ray: the sensor placed at pika-65 in 2021 was given the wrong ID (74); if its serial# is 20428757 it should be re-labeled as nwt-49]","PIKA-065 2021-08-16 12:05",NaN,NaN,NaN,NaN
"NWT","2021-08-16","PIKA-068",449455,4435257,"Plot68.center.context1.2021.HEIC","M. MOORE","A. PERALTA","09:40","10:09","09:47","10:07",100,0,0,0,0,0,"N","N","N","N","N","N","N","N",NaN,NaN,NaN,"N","N","N","N",1,1,19,"NWT-21",NaN,449453,4435256,NaN,1,3,2.5,2,3,75,"[Chris Ray: plot 68 was replaced by plot 164 in 2021] this plot is located on a dangerous slope. some rocks fall while walking towards the center cairn. after reaching the center, we measured the slope by positioning our levels agains the edge of the talus view; we read measurements between -36 and -38 degrees. protocol states a plot is deemed insecure when above 30 degrees. this talus was replaced by plot 164; the next vailanble similar mdcaty.  ","PIKA-068 2021-08-16 9:47",NaN,NaN,NaN,NaN
"NWT","2021-08-10","PIKA-069",446629,4434042,"Plot69.center.context.2021.HEIC","A. PERALTA",NaN,"11:48","12:40","11:54","12:14",50,50,70,30,10,0,"N","N","N","N","N","N","N","N",NaN,NaN,NaN,"N","N","N","N",1,2,21,"NWT-39","NWT-39",446628,4434041,"Plot69.sensor.context.2021.HEIC",1,1,0.5,1,2,0,"[Chris Ray: sensor NWT-39 data were downloaded correctly but the sensor might not have been programmed correctly for 2021-2023] the shuttle labeled as ""a"" was acting out. the transfer light dID not wanted to blink, but later blink once and the green light said okay. I check the sensor and the okay light was blinking again; so, I placed back. update: sander had the same problem when he used shuttle ""a"" later in the season.","PIKA-069 2021-08-10 11:54",NaN,NaN,NaN,NaN
"NWT","2021-08-04","PIKA-007",449565,4432980,NaN,"S. APLET","A. PERALTA","11:40","12:29","11:58","12:22",90,1,4,2,6,13,"N","N","N","N","N","N","Y","N",NaN,NaN,NaN,"N","N","N","N",2,1,19,"NWT-60","NWT-60",450200,4433306,NaN,1,3,2,3,3,0,NaN,"PIKA-007 2021-08-04 11:58",NaN,NaN,NaN,NaN
"NWT","2021-08-17","PIKA-071",449267,4432927,"Plot71.center.context.2021.JPG","A. PERALTA","S. DE SOUZA","12:44","13:30","12:47","13:30",70,20,20,20,10,10,"N","N","N","N","N","N","N","N","CHIPMUNK",NaN,NaN,"N","N","Y","N",1,1,30,NaN,NaN,NaN,NaN,"Plot71.sensor.context.2021.JPG",2,4,2,3,1,0,"double survey.","PIKA-071 2021-08-17 12:47",NaN,NaN,NaN,NaN
"NWT","2021-08-17","PIKA-071",449267,4432927,"Plot71.center.context.2021.JPG","S. DE SOUZA","A. PERALTA","12:14","12:44","12:20","12:40",70,20,20,20,10,10,"N","Y","N","N","N","N","N","N",NaN,NaN,NaN,"N","N","Y","N",1,1,27,"NWT-32","NWT-32",449271,4432930,"Plot71.sensor.context.2021.JPG",2,4,2,3,1,0,"it seems as if a rock slide had ocurred here; the sensor was difficult to remove.","PIKA-071 2021-08-17 12:20",NaN,NaN,NaN,NaN
"NWT","2021-08-11","PIKA-072",448671,4434818,"Plot72.center.context.2021.HEIC","S. DE SOUZA","S. APLET","10:08","10:40","10:18","10:38",50,20,30,20,5,0,"N","N","N","N","N","N","N","N",NaN,NaN,NaN,"N","N","N","N",1,3,16,"NWT-27","NWT-27",448670,4434818,"Plot72.sensor.context.2021.HEIC",2,3,1,3,1,0,NaN,"PIKA-072 2021-08-11 10:18",NaN,NaN,NaN,NaN
"NWT","2021-08-11","PIKA-072",448671,4434818,"Plot72.center.context.2021.HEIC","S. APLET","S. DE SOUZA","10:40","11:08","10:45","11:05",50,20,30,20,5,0,"N","N","Y","Y","N","N","N","N","CHIPMUNK",NaN,NaN,"N","N","N","N",1,3,16,NaN,NaN,NaN,NaN,"Plot72.sensor.context.2021.HEIC",2,3,1,3,1,0,"double survey","PIKA-072 2021-08-11 10:45",NaN,NaN,NaN,NaN
"NWT","2021-08-18","PIKA-074",448254,4435022,"Plot74.center.context.2021.HEIC","M. MOORE","S. APLET","08:44","09:20","08:50","09:13",30,15,20,25,30,0,"N","N","Y","N","N","N","N","N","CHIPMUNK",NaN,NaN,"N","N","N","N",3,3,12,"NWT-20","NWT-20",448255,4435018,"Plot74.sensor.context.2021.HEIC",2,3,2,2,3,0,"[Chris Ray: sensor NWT-20 data were downloaded correctly but the sensor might not have been programmed correctly for 2021-2022]","PIKA-074 2021-08-18 8:50",NaN,NaN,NaN,NaN
"NWT","2021-08-17","PIKA-075",448314,4433006,"Plot75.center.context.2021.HEIC",NaN,NaN,"12:48","13:10","12:53","13:06",40,20,10,10,5,15,"N","N","N","N","N","N","N","N",NaN,NaN,NaN,"N","Y","Y","N",2,1,28,"NWT-35","NWT-35",448313,4433006,"Plot75.sensor.context.2021.HEIC",2,6,4,4,1,0,"gps coordinates on file were wrong. nothing wrong with the grts tracking sheet; just a typo in the gps itself","PIKA-075 2021-08-17 12:53",NaN,NaN,NaN,NaN
"NWT","2021-08-12","PIKA-079",448058,4433989,"Plot79.center.context.2021.HEIC","A. PERALTA","D. JACKSON","11:05","11:34","11:11","11:31",20,15,55,70,2,0,"N","N","N","N","N","N","N","N",NaN,NaN,NaN,"N","N","N","N",1,1,21,"NWT-36","NWT-36",448057,4433991,"Plot79.sensor.context.2021.HEIC",2,3,1,2,1,0,"no sign of pika; if we include dead lichen, cover coud be 33-66%","PIKA-079 2021-08-12 11:11",NaN,NaN,NaN,NaN
"NWT","2021-08-11","PIKA-008",448796,4434776,"Plot8.center.context.2021.HEIC","S. DE SOUZA","S. APLET","11:17","11:50","11:27","11:47",30,40,30,20,5,20,"N","N","Y","N","N","N","N","N","CHIPMUNK",NaN,NaN,"N","N","Y","N",1,3,16,"NWT-72","NWT-72",448794,4434775,"Plot8.sensor.context.2021.HEIC",1,4,1,2,1,0,NaN,"PIKA-008 2021-08-11 11:27",NaN,NaN,NaN,NaN
"NWT","2021-08-11","PIKA-008",448796,4434776,"Plot8.center.context.2021.HEIC","S. APLET","S. DE SOUZA","11:51","12:30","11:59","12:19",30,40,30,20,25,0,"Y","N","N","N","N","N","N","N","CHIPMUNK","ELK SCAT",NaN,"N","N","Y","N",1,1,17,NaN,NaN,NaN,NaN,"Plot8.sensor.context.2021.HEIC",1,4,1,2,1,0,"trees were low; thus considered as shrub. double survey","PIKA-008 2021-08-11 11:59",NaN,NaN,NaN,NaN
"NWT","2021-08-19","PIKA-008",448796,4434776,"Plot8.center.context.2021.HEIC","S. DE SOUZA",NaN,"09:37","09:48","09:40","09:46",NaN,NaN,NaN,NaN,NaN,NaN,"N","N","N","N","N","N","N","N",NaN,NaN,NaN,"Y","N","N","N",4,1,8,NaN,NaN,NaN,NaN,"Plot8.sensor.context.2021.HEIC",NaN,NaN,NaN,NaN,NaN,NaN,"[Chris Ray: this was the 3rd survey of plot 8 in 2021] double survey; some animal was digging up small holes?","PIKA-008 2021-08-19 9:40",NaN,NaN,NaN,NaN
"NWT","2021-08-10","PIKA-082",446593,4434094,"Plot82.center.context.2021.HEIC","A. PERALTA",NaN,"10:54","11:44","11:04","11:24",60,30,50,10,0,0,"N","N","Y","N","N","N","N","N",NaN,NaN,NaN,"N","N","N","N",1,2,19,NaN,"NWT-78",NaN,NaN,"Plot82.sensor.context.2021.HEIC",2,4,1,2,1,0,"2019 and 2020 sensors not found","PIKA-082 2021-08-10 11:04",NaN,NaN,NaN,NaN
"NWT","2021-08-10","PIKA-085",447291,4433396,"Plot85.center.context.2021.HEIC","S. DE SOUZA","S. APLET","11:11","11:38","11:15","11:35",55,45,1,2,0,0,"N","N","N","N","N","N","N","N",NaN,NaN,NaN,"N","N","N","N",1,3,15,"NWT-42","NWT-42",447292,4433396,"Plot85.sensor.context.2021.HEIC",2,1,0.5,1,1,150,"cairn rebuilt; dangerous location that is at rick of rock fall; loose and steep; helmet suggested [Chris Ray: we will move the plot ~30 m downslope to 447328, 4433428; also the distance from plot to forage is <<150 m if we consider veg on the cliff and in the slope]","PIKA-085 2021-08-10 11:15",NaN,NaN,NaN,NaN
"NWT","2021-08-10","PIKA-009",447125,4433862,"Plot9.center.context.2021.HEIC","S. DE SOUZA","S. APLET","09:08","09:40","09:15","09:35",20,20,50,20,10,0,"N","N","Y","N","N","N","N","N",NaN,NaN,NaN,"N","N","Y","N",1,2,11,"NWT-53","NWT-53",447125,4433863,"Plot9.sensor.context.2021.HEIC",2,4,1,1,3,0,NaN,"PIKA-009 2021-08-10 9:15",NaN,NaN,NaN,NaN
"NWT","2021-08-12","PIKA-091",447666,4434014,"Plot91.center.context.2021.JPG","S. DE SOUZA","S. APLET","11:20","11:55","11:26","11:46",40,40,30,30,0,0,"N","N","Y","N","N","N","N","N",NaN,NaN,NaN,"N","N","N","N",1,1,24,"NWT-41","NWT-41",447664,4434015,"Plot91.sensor.context.2021.JPG",2,3,1,2,2,0,"sensor's tail chewed by marmots","PIKA-091 2021-08-12 11:26",NaN,NaN,NaN,NaN
"NWT","2021-08-09","PIKA-097",446363,4433671,"Plot97.center.context.2021.JPG","S. APLET","S. DE SOUZA","09:36","10:36","09:49","10:09",99,0,1,0,0,0,"N","N","N","N","N","N","N","N",NaN,NaN,NaN,"Y","N","N","N",1,1,13,"NWT-54","NWT-54",446359,4433681,"Plot97.sensor.context.2021(1).JPG",2,5,2,4,2,13,NaN,"PIKA-097 2021-08-09 9:49",NaN,NaN,NaN,NaN
"NWT","2021-08-09","PIKA-097",446363,4433671,"Plot97.center.context.2021.JPG","S. APLET",NaN,"14:06","14:33","14:11","14:31",99,0,1,0,0,0,"N","N","N","N","N","N","N","N",NaN,NaN,NaN,"Y","N","N","N",2,1,15,NaN,NaN,NaN,NaN,"Plot97.sensor.context.2021(1).JPG",2,5,2,4,2,13,"double survey","PIKA-097 2021-08-09 14:11",NaN,NaN,NaN,NaN
"NWT","2022-08-08","PIKA-001",446830,4435351,"IMG_5711.HEIC/Plot001.Center.Context.2022.HEIC","MICHELLE LEUNG","CAITLIN WHITE","11:55","12:30","12:05","12:25",55,2,25,18,1,0,"N","N","N","N","N","N","N","N",NaN,NaN,NaN,"N","N","N","N",1,1,26,"NWT-50","NWT-50",446832,4435353,"IMG_5713.HEIC/Plot001.Sensor.Context.2022.HEIC",1,2.5,1,1,1,0,"gps accuracy for on-site coordinates was 2m. gps accuracy for sensor placement coordinates was 3m. first 3 transfer attempts for sensor retrieved (new battery placed) went to fail then transferred correctly (multiple yellow pulses, pulsed faster, then switched to green ok light). sensor flashing when placed.","PIKA-001 2022-08-08 11:55","N",NaN,NaN,NaN
"NWT","2022-08-08","PIKA-001",446830,4435351,"Plot1.Center.Context.2022.jpg","CAITLIN WHITE","MICHELLE LEUNG","11:55","12:30","12:05","12:25",55,2,25,18,1,0,"N","N","N","N","N","N","N","N",NaN,NaN,NaN,"N","N","N","N",2,1,26,"NWT-50","NWT-50",446832,4435353,"Plot1.Sensor.Context.2022.jpg",1,2.5,1,1,1,0,"first three transfer attempts went to fail then transferred correctly (multiple yellow pulse, pulsed faster, then switched to green light) sensor flashing when placed","PIKA-001 2022-08-08 11:55 d","N",NaN,NaN,NaN
"NWT","2022-08-04","PIKA-002",446900,4434092,"Plot002.Center.Context.2022.jpg","MICHELLE LEUNG","CAITLIN WHITE","11:20","12:25","11:30","11:54",45,5,7,3,40,0,"Y","Y","Y","N","N","N","N","N",NaN,NaN,NaN,"Y","Y","Y","N",2,1,23,"NWT-23","NWT-84",446899,4434092,"Plot002.Sensor.Context.2022.jpg",1,2.5,1,3,1,0,"double survey. michelle's survey on data sheet 1, caitlin's survey on data sheet 2. [cray removed a few redundant signs found by caitlin to make her data fit into the standard format of up to 8 signs] accuracy of gps unit for on-site plot coordinates is 3m. accuracy of gps unit for on-site sensor coordinates is 7ft. sensor nwt-23 retrieved failed to transfer data after inserting a new battery. outside of sensor case was wet with dirt caked on when retrieved (wiped dirt off case when attempting data transfer). bringing nwt-84 [sic; must mean nwt-23] back for chris, placed new sensor, nwt-84, which was prepared by chris. white label with id (nwt-84) placed inside on onset hobo label. from caitlin's data sheet: marmot sighting at 11:48, within 50m of plot, east of center (off plot).","PIKA-002 2022-08-04 11:20","N",NaN,NaN,NaN
"NWT","2022-08-04","PIKA-002",446900,4434092,"Plot002.Center.Context.2022.jpg","CAITLIN WHITE","MICHELLE LEUNG","11:20","12:25","11:27","11:47",45,5,7,3,40,0,"Y","Y","Y","N","N","N","N","N",NaN,NaN,NaN,"Y","Y","Y","N",2,1,23,"NWT-23","NWT-84",446899,4434092,"Plot002.Sensor.Context.2022.jpg",1,2.5,1,3,1,0,"double survey. michelle's survey on data sheet 1, caitlin's survey on data sheet 2. accuracy of gps unit for on-site plot coordinates is 3m. accuracy of gps unit for on-site sensor coordinates is 7ft. sensor nwt-23 retrieved failed to transfer data after inserting a new battery. outside of sensor case was wet with dirt caked on when retrieved (wiped dirt off case when attempting data transfer). bringing nwt-84 [sic; must mean nwt-23] back for chris, placed new sensor, nwt-84, which was prepared by chris. white label with id (nwt-84) placed inside on onset hobo label. from caitlin's data sheet: marmot sighting at 11:48, within 50m of plot, east of center (off plot).","PIKA-002 2022-08-04 11:20 d","N",NaN,NaN,NaN
"NWT","2022-08-01","PIKA-003",448108,4434559,"IMG_9828","MATTHEW SCHMIDT","LAURA REA","12:05","13:03","12:12","12:40",20,0,30,50,0,0,"N","N","N","N","N","N","N","N",NaN,NaN,NaN,"N","N","N","N",1,1,20,"NWT-58","NWT-58",448107,4434558,"IMG_9826",1,2,1,3,2,0,"moose and elk poop present; talus was a long, narrow strip; temp sensor moved <2m to east on opposite side of rock","PIKA-003 2022-08-01 12:05","N",NaN,NaN,NaN
"NWT","2022-09-17","PIKA-004",449382,4435252,"new-NWT-plot-PIKA-004-center-context.jpg","CHRIS RAY",NaN,"18:45","19:15","18:50","19:10",60,5,22,13,0,0,"N","N","N","N","N","N","N","N",NaN,NaN,NaN,"N","N","N","N",2,1,16,"NWT-45","NWT-51",449397,4435194,"new-NWT-plot-PIKA-004-sensor-context.jpg",1,3,2,3,2,0,"c. ray note: i moved this plot directly downslope to a safer, more stable part of the slope, where the talus and access to forage is similar to the original plot; i think occupancy at this new location has been and will be about the same as at the old location, but the temperature time-series will probably change due to the repositioning of the sensor","PIKA-004 2022-09-17 18:45","Y",60,NaN,NaN
"NWT","2022-08-02","PIKA-005",446482,4434032,"Plot5.Center.Context.jpg","MATTHEW SCHMIDT","LAURA REA","13:30","14:16","13:45","14:10",90,0,9,1,0,0,"N","N","Y","N","N","N","N","N",NaN,NaN,NaN,"Y","N","N","Y",2,2,19,"PY","NWT-83",446490,4434040,"Plot5.Sensor.Context.jpg",2,7,2.5,4,2,0,NaN,"PIKA-005 2022-08-02 13:30","N",NaN,NaN,NaN
"NWT","2022-08-08","PIKA-006",446372,4434945,"img_20220808_122149300","LAURA REA","M. SCHMIDT","11:42","12:24","11:53","12:23",80,0,10,10,0,0,"Y","Y","Y","N","N","N","N","N",NaN,NaN,NaN,"N","N","N","N",1,2,19,"NWT-61","NWT-61",446373,4434947,"img_20220808_122037736",2,4,2.5,3,2,0,"c. ray note: these data were entered on michelle's phone because she and matt forgot datasheets on this date","PIKA-006 2022-08-08 11:42","N",NaN,NaN,NaN
"NWT","2022-08-11","PIKA-007",449563,4432981,"IMG_5956.HEIC/Plot007.Center.Context.2022.HEIC","MICHELLE LEUNG","CAITLIN WHITE","10:30","11:10","10:39","11:03",80,3,2,8,1,7,"N","N","N","N","N","N","N","N",NaN,NaN,NaN,"N","N","N","N",1,1,21,"NWT-60","NWT-60",449562,4432976,"IMG_5952.HEIC/Plot007.Sensor.Context.2022.HEIC",1,3,1,3,2,17,"top two of three rocks in cairn in sensor photo no longer present when arrived to plot. rebuilt cairn in same location as 2020 photos and then took sensor context and close-up pictures. gps accuracy for on-site coordinates and sensor coordinates was 7ft. available forage at 17m is east of plot center. looked for lost sensor using 2016 pictures. was able to find setting aligned with pictures (down wood in photos is still in plot and rock shapes are distinctive enough to identify area). searched 4m radius from sensor location in photo. suspect that either sensor fell through talus and maybe washed downslope with snowmelt or other surface flow under the talus, or perhaps animal disturbed the sensor. the rock that the sensor tail is wrapped around in 2016 picture is not present. we searched a 4m radius from the sensor location, and moved what rocks we could to feel as far underneath the top talus as we could. no luck. took pictures of lost sensor search area and close-up as shown in 2016 photos. more recently place/current sensor located and serviced without issue.","PIKA-007 2022-08-11 10:30","N",NaN,NaN,NaN
"NWT","2022-08-03","PIKA-008",448790,4434780,"IMG_5453.HEIC","MICHELLE LEUNG","CAITLIN WHITE","09:24","10:36","09:43","10:06",45,5,20,10,10,20,"N","N","Y","N","N","N","N","N",NaN,NaN,NaN,"N","N","N","N",2,1,15,"NWT-72","NWT-72",448794,4434774,"IMG_5462.HEIC",1,5,0.75,2,2,0,"double survey; sensor id white sticker label not placed on inside of hobo for sensors cw and ml serviced 8/1-8/3 (didn't know), to-do next time.","PIKA-008 2022-08-03 09:24","N",NaN,NaN,NaN
"NWT","2022-08-03","PIKA-008",448790,4434780,"IMG_5453.HEIC","CAITLIN WHITE","MICHELLE LEUNG","09:24","10:36","09:36","10:05",45,5,20,10,10,20,"N","N","Y","N","N","N","N","N",NaN,NaN,NaN,"N","N","N","N",2,1,15,"NWT-72","NWT-72",448794,4434774,"IMG_5462.HEIC",1,5,0.75,2,2,0,"double survey; sensor id white sticker label not placed on inside of hobo for sensors cw and ml serviced 8/1-8/3 (didn't know), to-do next time.","PIKA-008 2022-08-03 09:24 d","N",NaN,NaN,NaN
"NWT","2022-08-04","PIKA-009",447120,4433864,"IMG_20220804_105532457","MATTHEW SCHMIDT","LAURA REA","10:31","11:05","10:40","11:00",40,1,35,22,3,0,"N","N","Y","N","N","N","N","N",NaN,NaN,NaN,"N","N","Y","N",1,1,21,"NWT-53","NWT-53",447124,4433865,"IMG_20220804_105552367",2,7,2,3,3,0,NaN,"PIKA-009 2022-08-04 10:31","N",NaN,NaN,NaN
"NWT","2022-08-10","PIKA-010",448008,4435261,"Plot10.Center.Context.jpg","MATTHEW SCHMIDT","LAURA REA","09:24","10:25","09:41","10:11",70,3,7,30,0,5,"N","N","N","N","Y","N","N","N","CHIPMUNK",NaN,NaN,"N","N","Y","N",1,1,18,"NWT-66","NWT-66",448013,4435266,"Plot10.Sensor.Context.jpg",2,5,1.5,4,1,0,"no sightings or calls but many scat signs","PIKA-010 2022-08-10 09:24","N",NaN,NaN,NaN
"NWT","2022-08-09","PIKA-011",448340,4432954,"Plot11.Center.Context.2022.jpg","MICHELLE LEUNG","CAITLIN WHITE","10:20","11:22","10:41","11:02",60,2,22,13,0,0,"N","N","N","N","N","N","N","N",NaN,NaN,NaN,"Y","Y","N","N",2,1,22,"NWT-44","NWT-44",448335,4432954,"Plot11Sensor.Context.2022.jpg",1,3,0.75,3,1,0,"double survey; water covered 3% of plot; sensor download failed in 2 attempts on d shuttle (no good), but worked in 1 attempt on b shuttle; runoff in middle of plot into lake; ptarmigan (or grouse?) & elk scat in plot (caitlin took pics); this record said ""double survey"" and listed sign search times for both observers, but no sign search data (and no extra datasheet) was found for caitlin [c. ray note: caitlin found her search data in her notebook and i reproduced it later in this spreadsheet]","PIKA-011 2022-08-09 10:20","N",NaN,NaN,NaN
"NWT","2022-08-09","PIKA-011",448340,4432954,"Plot11.Center.Context.2022.jpg","CAITLIN WHITE","MICHELLE LEUNG","10:20","11:22","10:41","11:02",60,2,22,13,0,0,"N","N","N","N","N","N","N","N",NaN,NaN,NaN,"Y","Y","N","N",2,1,22,"NWT-44","NWT-44",448335,4432954,"Plot11Sensor.Context.2022.jpg",1,3,0.75,3,1,0,"double survey; water covered 3% of plot; sensor download failed in 2 attempts on d shuttle (no good), but worked in 1 attempt on b shuttle; runoff in middle of plot into lake; ptarmigan (or grouse?) & elk scat in plot (caitlin took pics); c. ray note: this record said ""double survey"" and listed sign search times for both observers, but no sign search data and no extra datasheet were found for caitlin, so i contacted her directly for her data, which she found in her notebook and i reproduced here","PIKA-011 2022-08-09 10:20 d","N",NaN,NaN,NaN
"NWT","2022-08-01","PIKA-014",447733,4434240,"IMG_5312.HEIC","MICHELLE LEUNG","CAITLIN WHITE","10:00","11:32","10:43","11:05",40,2,20,33,7,0,"N","Y","Y","N","N","N","N","N",NaN,NaN,NaN,"Y","N","N","N",2,2,16,"JL3","JL3",447736,4434241,"IMG_5315.HEIC",1,3.5,0.75,2,2,0,"double survey. caitlin did timed search first (no pika signs), michelle did timed search second. (old hay pile and old scat observed). accuracy of gps unit arriving to plot (for utms on site) was 8ft. accuracy of gps unit for temperature sensor retrieval and placing utms was 2m (used different gps units for navigation and temp sensor servicing). sensor id white sticker label not placed on inside of hobo for sensors cw and ml serviced 8/1-8/3 because we did not know about tha task (add to to-do list for 2023 or 2024).","PIKA-014 2022-08-01 10:00","N",NaN,NaN,NaN
"NWT","2022-08-01","PIKA-014",447733,4434240,"IMG_5312.HEIC","CAITLIN WHITE","MICHELLE LEUNG","10:00","11:32","10:11","10:35",40,2,20,33,7,0,"N","Y","Y","N","N","N","N","N",NaN,NaN,NaN,"Y","N","N","N",2,2,16,"JL3","JL3",447736,4434241,"IMG_5315.HEIC",1,3.5,0.75,2,2,0,"double survey. caitlin did timed search first (no pika signs), michelle did timed search second. (old hay pile and old scat observed). accuracy of gps unit arriving to plot (for utms on site) was 8ft. accuracy of gps unit for temperature sensor retrieval and placing utms was 2m (used different gps units for navigation and temp sensor servicing). sensor id white sticker label not placed on inside of hobo for sensors cw and ml serviced 8/1-8/3 (didn't know), to-do next time.","PIKA-014 2022-08-01 10:00 d","N",NaN,NaN,NaN
"NWT","2022-08-01","PIKA-015",448131,4434005,"IMG_5352.HEIC","CAITLIN WHITE","MICHELLE LEUNG","13:15","14:27","13:52","14:17",30,5,34,30,1,0,"N","N","N","N","N","N","N","N",NaN,NaN,NaN,"N","N","N","N",2,1,25,"NWT-62","NWT-100",448134,4434010,"IMG_5349.HEIC",2,4,0.75,1,2,0,"replaced with new (prov) sensor. we did not insert a new battery in the new sensor because airy prepped these sensors. new sensor ok light was on (blinking) when placed. accuracy of gps unit arriving to plot was 8ft.","PIKA-015 2022-08-01 13:15","N",NaN,NaN,NaN
"NWT","2022-08-11","PIKA-016",450194,4433306,"Plot16.Center.Context.jpg","MATTHEW SCHMIDT","LAURA REA","10:15","10:56","10:24","10:48",40,5,25,25,0,5,"N","N","N","Y","N","N","N","N","PTARMIGAN SCAT","SMALL RODENT DEN",NaN,"N","N","N","N",1,1,20,"NWT-80","NWT-80",450199,4433306,"Plot16.Center.Context.jpg",2,2,1,3,1,0,NaN,"PIKA-016 2022-08-11 10:15","N",NaN,NaN,NaN
"NWT","2022-08-08","PIKA-017",446418,4435548,"IMG_5685.HEIC/Plot017.Center.Context.2022.HEIC","MICHELLE LEUNG","CAITLIN WHITE","09:53","10:58","10:11","10:37",75,2,11,9,3,1,"Y","Y","Y","Y","N","N","N","N",NaN,NaN,NaN,"Y","Y","Y","N",2,1,19,"NWT-56","EL6",446417,4435546,"IMG_5692.HEIC/Plot017.Sensor.Context.2022.HEIC",1,2.5,1,2,1,0,"double survey. accuracy of gps unit for on-site and sensor placement coordinates is 2m. ""shrub"" cover in plot is entirely ferns growing in drainage, no willows or other shrub species in plot. there was a lot of scat in plot and possible dens for marmots or maybe woodrats or ground squirrels? mamot and pika scat were easy to tell, but unsure if other feces belonged to woodrats or ground squirrel (or both). took pictures. saw ground squirrels throughout day but not in plot. some larger wood caught in rocks but did not look like woodrat nest. the initial sensor pulled was slightly dirtly, and failed to transfer data after changing battery and buffing dirt off of outside of case. launched new sensor, el6, and brining nwt-56 retrieved back for chris and airy. new sensor launched as it was prepared by chris. small brown birds with white speckles also seen within 50m of plot but unsure which species.","PIKA-017 2022-08-08 09:53","N",NaN,NaN,NaN
"NWT","2022-08-08","PIKA-017",446418,4435548,"IMG_5685.HEIC/Plot017.Center.Context.2022.HEIC","CAITLIN WHITE","MICHELLE LEUNG","09:53","10:58","10:07","10:32",75,2,11,9,3,1,"Y","Y","Y","Y","N","N","N","N",NaN,NaN,NaN,"Y","Y","Y","N",2,1,19,"NWT-56","EL6",446417,4435546,"IMG_5692.HEIC/Plot017.Sensor.Context.2022.HEIC",1,2.5,1,2,1,0,"double survey. accuracy of gps unit for on-site and sensor placement coordinates is 2m. ""shrub"" cover in plot is entirely ferns growing in drainage, no willows or other shrub species in plot. there was a lot of scat in plot and possible dens for marmots or maybe woodrats or ground squirrels? mamot and pika scat were easy to tell, but unsure if other feces belonged to woodrats or ground squirrel (or both). took pictures. saw ground squirrels throughout day but not in plot. some larger wood caught in rocks but did not look like woodrat nest. the initial sensor pulled was slightly dirtly, and failed to transfer data after changing battery and buffing dirt off of outside of case. launched new sensor, el6, and brining nwt-56 retrieved back for chris and airy. new sensor launched as it was prepared by chris. small brown birds with white speckles also seen within 50m of plot but unsure which species.","PIKA-017 2022-08-08 09:53 d","N",NaN,NaN,NaN
"NWT","2022-08-09","PIKA-019",448673,4433689,"Plot19.Center.Context.jpg","MATTHEW SCHMIDT","LAURA REA","11:15","12:12","11:35","12:05",30,5,35,20,10,0,"Y","N","Y","Y","N","N","N","N","FOX SCAT?",NaN,NaN,"N","N","N","N",2,1,28,"NWT-69","NWT-69",448660,4433700,"Plot19.Sensor.Context.jpg",1,2.5,1.5,3,3,0,NaN,"PIKA-019 2022-08-09 11:15","N",NaN,NaN,NaN
"NWT","2022-08-02","PIKA-022",445876,4433219,"Plott22.Center.Context.jpg","MATTHEW SCHMIDT","LAURA REA","10:15","10:55","10:20","10:45",100,0,0,0,0,0,"N","N","N","N","N","N","N","N",NaN,NaN,NaN,"Y","N","N","N",2,2,12,"NWT-68","NWT-68",445877,4433217,"Plott22.Sensor.Context.jpg",1,3,2,4,1,50,NaN,"PIKA-022 2022-08-02 10:15","N",NaN,NaN,NaN
"NWT","2022-08-09","PIKA-023",448614,4433398,"Plot23.Center.Context.2022.jpg","CAITLIN WHITE","MICHELLE LEUNG","12:41","13:29","12:56","13:22",85,1,1,1,14,0,"N","Y","Y","N","N","N","N","N",NaN,NaN,NaN,"N","N","N","N",2,1,28,"NWT-21","NWT-21",448613,4433398,"Plot23Sensor.Context.2022.jpg",1,4.5,1,2,1,25,"ground squirrel scat observed (long shaped); pika calling all around, off plot while we were here","PIKA-023 2022-08-09 12:41","N",NaN,NaN,NaN
"NWT","2022-08-01","PIKA-024",448702,4434069,"IMG_9830","MATTHEW SCHMIDT","LAURA REA","13:53","14:39","14:05","14:28",40,2,20,30,15,0,"N","Y","Y","N","N","N","N","N","CHIPMUNK",NaN,NaN,"N","Y","N","N",2,1,25,"NWT-70","NWT-70",448703,4434071,"IMG_9833",2,4,1,3,3,0,NaN,"PIKA-024 2022-08-01 13:53","N",NaN,NaN,NaN
"NWT","2022-08-10","PIKA-026",448620,4434962,"Plot26.Center.Context.jpg","MATTHEW SCHMIDT","LAURA REA","11:20","12:05","11:27","11:58",40,3,45,12,0,0,"N","Y","Y","N","N","N","N","N",NaN,NaN,NaN,"N","N","N","N",2,1,26,"NWT-43","NWT-43",448622,4434961,"Plot26.Sensor.Context.jpg",2,3,1.5,3,2,0,"lots of old scat seen everywhere in plot","PIKA-026 2022-08-10 11:20","N",NaN,NaN,NaN
"NWT","2022-08-04","PIKA-027",447912,4433591,"IMG_20220804_134924264","MATTHEW SCHMIDT","LAURA REA","13:28","14:01","13:33","13:56",25,1,30,13,25,7,"N","N","Y","N","N","N","Y","N",NaN,NaN,NaN,"N","N","Y","N",1,1,33,"NWT-67","NWT-67",447899,4433598,"IMG_20220804_134743218",2,3,1.5,4,3,0,"potential weasel scat detected","PIKA-027 2022-08-04 13:28","N",NaN,NaN,NaN
"NWT","2022-08-08","PIKA-029",445938,4434628,"IMG_9874","KATE DROBNICH","JIMMY HOWE","11:11","12:11","11:22","11:45",60,1,30,8,1,0,"N","N","N","N","N","N","N","Y",NaN,NaN,NaN,"Y","Y","N","N",2,1,15,"TBD","NWT-98",445942,4434621,"IMG_9876",1,5,2.5,3,1,0,"didn't find old sensor, [which was apparently] put in spot where rocks move","PIKA-029 2022-08-08 11:11","N",NaN,NaN,NaN
"NWT","2022-08-01","PIKA-030",447686,4434719,"IMG_9823","MATTHEW SCHMIDT","LAURA REA","10:04","11:30","10:24","10:47",60,0,30,10,0,0,"Y","Y","Y","Y","N","N","N","Y","PTARMIGAN",NaN,NaN,"N","N","N","N",3,1,19,"NWT-15","NWT-99",447685,4434715,"IMG_9821",2,4,2,4,2,0,"rebuilt cairn; woodrat/weasel scat; replaced sensor - old sensor did not flash or download even after battery replacement","PIKA-030 2022-08-01 10:04","N",NaN,NaN,NaN
"NWT","2022-08-01","PIKA-030",447686,4434719,"IMG_9823","LAURA REA","MATTHEW SCHMIDT","10:04","11:30","10:24","10:51",60,0,30,10,0,0,"Y","Y","Y","Y","N","N","N","Y","PTARMIGAN",NaN,NaN,"N","N","N","N",3,1,19,"NWT-15","NWT-99",447685,4434715,"IMG_9821",2,4,2,4,2,0,"double survey; rebuilt cairn; woodrat/weasel scat; replaced sensor - old sensor did not flash or download even after battery replacement","PIKA-030 2022-08-01 10:04 d","N",NaN,NaN,NaN
"NWT","2022-08-09","PIKA-031",448180,4433574,"Plot31.Center.Context.jpg","MATTHEW SCHMIDT","LAURA REA","08:55","09:43","09:10","09:36",35,4,23,22,15,1,"Y","Y","Y","Y","Y","N","N","N",NaN,NaN,NaN,"N","N","Y","N",1,1,22,"NWT-52","NWT-52",448173,4433573,"Plot31.Sensor.Context.jpg",2,2,1.5,3,1,0,NaN,"PIKA-031 2022-08-09 08:55","N",NaN,NaN,NaN
"NWT","2022-08-10","PIKA-032",449590,4435382,"Plot32.Center.Context.2022.jpg","CAITLIN WHITE","MICHELLE LEUNG","09:09","09:57","09:22","09:52",70,8,1,1,3,17,"N","N","N","N","N","N","N","N",NaN,NaN,NaN,"N","N","N","N",1,1,15,"NWT-2","NWT-2",449586,4435380,"Plot32.Sensor.Context.2022.jpg",1,2,1,1,2,15,"in land cover, 3% of bare is lichen/moss on the ground","PIKA-032 2022-08-10 09:09","N",NaN,NaN,NaN
"NWT","2022-08-02","PIKA-033",446198,4433499,"Plot033.Center.Context.2022.jpg","MICHELLE LEUNG","CAITLIN WHITE","13:49","14:30","14:02","14:24",98,2,1,4,0,0,"N","N","N","N","N","N","N","N",NaN,NaN,NaN,"N","N","N","N",2,1,19,"NWT-17","NWT-17",446198,4433498,"Plot033.Sensor.Context.2022.jpg",1,3,0.75,4,2,33,"sensor id white sticker label not placed on inside of hobo for sensors cw and ml serviced 8/1-8/3 (didn't know), to-do next time.","PIKA-033 2022-08-02 13:49","N",NaN,NaN,NaN
"NWT","2022-08-08","PIKA-034",446137,4434953,"img_20220808_105517424","LAURA REA","M. SCHMIDT","09:57","10:48","10:25","10:47",70,0,15,10,3,2,"N","N","Y","Y","N","N","N","N",NaN,NaN,NaN,NaN,NaN,NaN,NaN,1,1,19,"NWT-47","NWT-61",446137,4434945,"img_20220808_105638594",1,7,3,2,2,0,"c. ray note: these data were entered on michelle's phone because she and matt forgot datasheets on this date; ""yes there is a small cairn, built another small one near sensor"" [c ray: yikes! we need to clarify further that we do not want cairns at sensors or mulitple cairns in a plot]","PIKA-034 2022-08-08 09:57","N",NaN,NaN,NaN
"NWT","2022-08-08","PIKA-034",446137,4434953,"img_20220808_105517424","M. SCHMIDT","LAURA REA","09:57","11:20",NaN,NaN,70,0,15,10,3,2,"N","N","Y","Y","N","N","N","N",NaN,NaN,NaN,NaN,NaN,NaN,NaN,1,1,19,"NWT-47","NWT-61",446137,4434945,"img_20220808_105638594",1,7,3,2,2,0,"double survey; [c. ray note: these data were entered on michelle's phone because she and matt forgot datasheets on this date]; ""yes there is a small cairn, built another small one near sensor"" [c ray: yikes! we need to clarify further that we do not want cairns at sensors or mulitple cairns in a plot]","PIKA-034 2022-08-08 09:57 d","N",NaN,NaN,NaN
"NWT","2022-08-11","PIKA-035",449120,4433474,"Plot35.Center.Context.jpg","MATTHEW SCHMIDT","LAURA REA","08:43","09:25","08:52","09:19",35,15,20,15,5,10,"N","N","Y","N","N","N","N","N","CHIPMUNK","SQUIRREL",NaN,"Y","N","Y","N",1,1,17,"NWT-7","NWT-7",449115,4433476,"Plot35.Sensor.Context.jpg",1,3,1.5,2,1,0,"weasel scat seen","PIKA-035 2022-08-11 08:43","N",NaN,NaN,NaN
"NWT","2022-08-10","PIKA-036",449055,4435128,"Plot36.Center.Context.2022.jpg","CAITLIN WHITE","MICHELLE LEUNG","12:13","12:52","12:20","12:47",75,4,2,14,0,5,"N","N","Y","N","N","N","N","N",NaN,NaN,NaN,"N","N","N","N",2,1,22,"NWT-3","NWT-3",449055,4435130,"Plot36.Sensor.Context.2022.jpg",1,1,0.5,1,2,0,NaN,"PIKA-036 2022-08-10 12:13","N",NaN,NaN,NaN
"NWT","2022-08-02","PIKA-038",445517,4433442,"IMG_5400.HEIC","CAITLIN WHITE","MICHELLE LEUNG","11:50","12:41","12:04","12:25",99,1,0,0,0,0,"N","N","N","N","N","N","N","N","RAVEN",NaN,NaN,"N","N","N","N",2,1,17,"NWT-12","NWT-12",445514,4433440,"IMG_5407.HEIC",1,8,1,4,1,50,"sensor retrieved/placed serial number: 20136746 (id outside worn off, didn't think to look at serial number key csv; c. ray confirmed serial number corresponds to nwt-12). sensor id white sticker label not placed on inside of hobo for sensors cw and ml serviced 8/1-8/3 (didn't know), to-do next time. cw dropped screwdriver for sensor screws in talus by sensor (too deep to retrieve).","PIKA-038 2022-08-02 11:50","N",NaN,NaN,NaN
"NWT","2022-08-02","PIKA-038",445517,4433442,"Plot38.Center.Context.2022.jpg","MICHELLE LEUNG","CAITLIN WHITE","11:50","12:41","12:04","12:28",99,1,0,0,0,0,"N","N","N","N","N","N","N","N","RAVEN",NaN,NaN,"N","N","N","N",2,1,17,"NWT-12","NWT-12",445514,4433440,"Plot38.Sensor.Context.2022.jpg",1,8,2,4,1,50,"id worn off, # on tag is 20136746, screwdriver (?) fell in cracks of talus :( no id on sensor, nothing noted on spreadsheet of points; no white id placed on sensor on the inside. to-do next time","PIKA-038 2022-08-02 11:50 d","N",NaN,NaN,NaN
"NWT","2022-08-03","PIKA-040",448786,4434652,"PXL_20220803_180851035.JPG","MATTHEW SCHMIDT","LAURA REA","11:19","12:05","11:35","12:00",50,0,17,17,15,1,"N","N","Y","Y","N","N","N","N",NaN,NaN,NaN,"Y","N","Y","Y",2,1,19,"NWT-59","NWT-59",448784,4434657,"PXL_20220803_180922394.JPG",2,1,2.5,2,2,0,NaN,"PIKA-040 2022-08-03 11:19","N",NaN,NaN,NaN
"NWT","2022-08-03","PIKA-042",448118,4434840,"PXL_20220803_162758517","MATTHEW SCHMIDT","LAURA REA","09:37","10:35","10:15","10:35",25,5,30,40,0,0,"N","N","Y","N","N","N","N","N","RODENT SCAT","MOOSE SCAT",NaN,"N","N","N","N",2,1,23,"NWT-16","NWT-16",448118,4434834,"PXL_20220803_162825834",2,2,0.75,2,2,0,NaN,"PIKA-042 2022-08-03 09:37","N",NaN,NaN,NaN
"NWT","2022-08-03","PIKA-042",448118,4434840,"PXL_20220803_162758517","LAURA REA","MATTHEW SCHMIDT","09:37","10:35","09:49","10:14",25,5,30,40,0,0,"N","N","Y","N","N","N","N","N","RODENT SCAT","MOOSE SCAT",NaN,"N","N","N","N",2,1,23,"NWT-16","NWT-16",448118,4434834,"PXL_20220803_162825834",2,2,0.75,2,2,0,"double survey","PIKA-042 2022-08-03 09:37 d","N",NaN,NaN,NaN
"NWT","2022-08-04","PIKA-043",447616,4433777,"IMG_20220804_122029637","MATTHEW SCHMIDT","LAURA REA","11:40","12:36","12:10","12:31",35,0,30,10,15,10,"N","N","Y","N","N","N","N","N","ELK SCAT","PTARMIGAN SCAT",NaN,"N","N","N","N",2,1,25,"NWT-14","NWT-14",447616,4433781,"IMG_20220804_122009942",2,2,1,3,2,0,"potential weasel poop found","PIKA-043 2022-08-04 11:40","N",NaN,NaN,NaN
"NWT","2022-08-04","PIKA-043",447616,4433777,"IMG_20220804_122029637","LAURA REA","MATTHEW SCHMIDT","11:40","12:36","11:45","12:08",35,0,30,10,15,10,"N","N","Y","N","N","N","N","N","ELK SCAT","PTARMIGAN SCAT",NaN,"N","N","N","N",2,1,25,"NWT-14","NWT-14",447616,4433781,"IMG_20220804_122009942",2,2,1,3,2,0,"double survey; potential weasel poop found","PIKA-043 2022-08-04 11:40 d","N",NaN,NaN,NaN
"NWT","2022-08-04","PIKA-073",447172,4433811,"Plot073.Center.Context.2022.jpg","CAITLIN WHITE","MICHELLE LEUNG","13:14","13:47","13:18","13:38",35,3,50,12,1,1,"N","N","N","N","N","N","N","N",NaN,NaN,NaN,"N","N","N","N",2,1,25,"NWT-18","NWT-18",447173,4433807,"Plot073.Sensor.Context.2022.jpg",1,4,1,1,3,0,"gps accuracy for on-site plot coordinates is 3m. gps accuracy for on-side sensor coordinates is 5m. shrub cover in plot is single small shrub patch. sensor retrieved was dirty, had to relabel. crickets are fourth species observed on plot","PIKA-073 2022-08-04 13:14","N",NaN,NaN,NaN
"NWT","2022-08-04","PIKA-082",446593,4434090,"Plot082.Center.Close.2022.jpg","MICHELLE LEUNG","CAITLIN WHITE","09:44","10:42","09:53","10:21",60,2,30,8,0,0,"N","N","Y","N","N","N","N","N",NaN,NaN,NaN,"N","N","N","N",1,1,18,"NWT-78","NWT-78",446594,4434095,"Plot082.Sensor.Context.2022.jpg",1,5,0.5,4,1,0,"many/continual pika calls nearby while surveying plot (most calls come from outside plot). sensor retrieved was sitting on bare ground/soil on a slope. sensor placed has ok light blinking again after battery change and shuttle transfer, white label with sensor id placed inside (on hobo label). extra to-do tasks said to look for lost sensor at alternate coordinates. coordinates location was bare ground, search 12m radius and did not find any sensor or place suitable for a sensor (crevices very shallow, few large rocks in the area. michelle took picture of area searched. gps accuracy for on-site coordinates and sensor retrieval/placement coordinates is 7ft.","PIKA-082 2022-08-04 09:44","N",NaN,NaN,NaN
"NWT","2022-08-11","PIKA-083",448829,4433502,"IMG_5937.HEIC/Plot083.Center.Context.2022.HEIC","CAITLIN WHITE","MICHELLE LEUNG","08:48","09:30","08:58","09:25",80,1,10,4,3,2,"N","Y","Y","N","N","N","N","N",NaN,"CROWS",NaN,"N","N","N","N",1,2,15,"NWT-10","NWT-10",448830,4433506,"IMG_5939.HEIC/Plot083.Sensor.Context.2022.HEIC",1,3,0.75,1,1,0,"construction noise at lake albion in the distance","PIKA-083 2022-08-11 08:48","N",NaN,NaN,NaN
"NWT","2022-08-11","PIKA-083",448829,4433502,"Plot83.Center.Context.2022","MICHELLE LEUNG","CAITLIN WHITE","08:48","09:30","08:58","09:25",80,1,10,4,3,2,"N","Y","Y","N","N","N","N","N",NaN,"CROWS",NaN,"N","N","N","N",1,2,15,"NWT-10","NWT-10",448830,4433506,"Plot83.Sensor.Context.2022.jpg",1,3,0.75,1,1,0,"construction noise at lake albion in the distance","PIKA-083 2022-08-11 08:48 d","N",NaN,NaN,NaN
"NWT","2022-08-03","PIKA-084",449611,4434827,"IMG_5498.HEIC","MICHELLE LEUNG","CAITLIN WHITE","11:32","12:22","11:46","12:06",60,5,30,5,0,0,"N","N","N","N","N","N","N","N",NaN,NaN,NaN,"N","N","N","N",2,1,18,"NWT-9","NWT-9",449607,4434833,"IMG_5515.HEIC",1,0.5,0.2,1,1,20,"sensor id white sticker label not placed on inside of hobo for sensors cw and ml serviced 8/1-8/3 (didn't know), to-do next time.","PIKA-084 2022-08-03 11:32","N",NaN,NaN,NaN
"NWT","2022-08-09","PIKA-087",448724,4433223,"Plot87.Center.Context.2022.jpg","CAITLIN WHITE","MICHELLE LEUNG","11:47","12:32","11:58","12:26",66,3,4,4,12,14,"N","N","Y","Y","N","N","N","N",NaN,NaN,NaN,"N","N","N","N",2,1,27,"NWT-46","NWT-46",448726,4433226,"Plot87Sensor.Context.2022.jpg",1,4,1.5,2,3,20,"sensor fell into hole, wasn't wrapped around rock anymore","PIKA-087 2022-08-09 11:47","N",NaN,NaN,NaN
"NWT","2022-08-03","PIKA-088",448990,4434766,"IMG_5466.HEIC","MICHELLE LEUNG","CAITLIN WHITE","10:47","11:14","10:55","11:10",37,8,8,12,15,20,"N","N","N","N","N","N","N","N",NaN,NaN,NaN,"N","N","N","N",2,1,18,"NWT-79","NWT-79",448991,4434767,"IMG_5477.HEIC",1,1.5,0.5,1,1,0,"sensor id white sticker label not placed on inside of hobo for sensors cw and ml serviced 8/1-8/3 (didn't know), to-do next time.","PIKA-088 2022-08-03 10:47","N",NaN,NaN,NaN
"NWT","2022-08-09","PIKA-095",448246,4433450,"Plot95.Center.Context.jpg","MATTHEW SCHMIDT","LAURA REA","10:05","10:42","10:15","10:35",30,40,1,2,5,30,"N","N","N","N","N","N","N","N","GROUND SQUIRREL","UNDETERMINED DEN (WITH PINECONE STASHES)",NaN,"N","N","Y","N",1,1,22,"NWT-64","NWT-64",448237,4433454,"Plot95.Sensor.Context.jpg",1,1.5,0.5,1,2,0,"weasel scat seen","PIKA-095 2022-08-09 10:05","N",NaN,NaN,NaN
"NWT","2022-08-02","PIKA-097",446363,4433671,"Plot97.Center.Context.HEIC","MATTHEW SCHMIDT","LAURA REA","11:44","12:47","12:10","12:40",100,0,0,0,0,0,"N","Y","N","N","N","N","N","N",NaN,NaN,NaN,"Y","N","Y","N",2,2,18,"NWT-54","NWT-54",446356,4433682,"Plot97.Sensor.Context.HEIC",3,5,2,4,3,50,"sensor nwt-54 was moved in 2022 to a location the crew thought would be ""easier to find"" so this will change the temperature time-series","PIKA-097 2022-08-02 11:44","N",NaN,NaN,NaN
"NWT","2022-08-08","PIKA-109",446890,4435219,"IMG_5730.HEIC/Plot109.Center.Context1.2022.HEIC","CAITLIN WHITE","MICHELLE LEUNG","12:45","13:17","12:56","13:16",33,2,17,24,12,12,"N","Y","Y","N","N","N","N","N","MOOSE",NaN,NaN,"N","N","N","N",2,1,26,"NWT-8","NWT-8",446888,4435215,"IMG_5731.HEIC/Plot109.Sensor.Context.2022.HEIC",1,3,0.75,1,1,0,"the first pair of coordinates in the ""extra-tasks"" document for this plot are correct (and wrote in the correct coordinates for utms on file on the datasheet): 446889e, 4435219w (as reported in 2020). cairn is at center of plot, grass around it. scat present in plot looks mostly like ground squirrel scat.","PIKA-109 2022-08-08 12:45","N",NaN,NaN,NaN
"NWT","2022-08-08","PIKA-109",446890,4435219,"Plot109.Center.Context.2022.jpg","MICHELLE LEUNG","CAITLIN WHITE","12:45","13:12","12:56","13:16",33,2,17,24,12,12,"N","Y","Y","N","N","N","N","N","MOOSE",NaN,NaN,"N","N","N","N",2,1,26,"NWT-8","NWT-8",446888,4435215,"Plot109.Sensor.Context.2022.jpg",1,3,0.75,1,1,0,"ground squirrel scat; first pair of coordinates on to do list are correct","PIKA-109 2022-08-08 12:45 d","N",NaN,NaN,NaN
"NWT","2022-08-10","PIKA-116",449176,4434965,"Plot116.Center.Context.2022.jpg","CAITLIN WHITE","MICHELLE LEUNG","10:59","11:37","11:09","11:31",45,7,20,28,0,0,"N","N","N","N","N","N","N","N","ROBIN",NaN,NaN,"N","N","N","N",2,1,22,"NWT-13","NWT-13",449173,4434966,"Plot116.Sensor.Context.2022.jpg",1,1,0.5,1,2,0,NaN,"PIKA-116 2022-08-10 10:59","N",NaN,NaN,NaN
"NWT","2022-08-04","PIKA-117",446790,4433967,"IMG_20220804_100436399","MATTHEW SCHMIDT","LAURA REA","09:29","10:04","09:37","09:57",50,1,8,35,5,1,"N","N","Y","N","N","N","N","N",NaN,NaN,NaN,"N","Y","Y","N",1,1,21,"NWT-4","NWT-4",446788,4433972,"IMG_20220804_100525916",1,5,1.5,2,2,0,NaN,"PIKA-117 2022-08-04 09:29","N",NaN,NaN,NaN
"NWT","2022-08-08","PIKA-121",445676,4434823,"IMG_9871","JIMMY HOWE","KATE DROBNICH","10:10","10:55","10:15","10:35",80,0,15,5,0,0,"N","Y","N","N","N","N","N","N","CHIPMUNK",NaN,NaN,"N","Y","N","Y",2,1,18,"NWT-74","NWT-74",445676,4434816,"IMG_9869",1,5,2,4,1,0,NaN,"PIKA-121 2022-08-08 10:10","N",NaN,NaN,NaN
"NWT","2022-08-08","PIKA-121",445676,4434823,"IMG_9871","KATE DROBNICH","JIMMY HOWE","10:10","10:55","10:15","10:35",80,0,15,5,0,0,"N","Y","N","N","N","N","N","N","CHIPMUNK",NaN,NaN,"N","Y","N","Y",2,1,18,"NWT-74","NWT-74",445676,4434816,"IMG_9869",1,5,2,4,1,0,"double survey","PIKA-121 2022-08-08 10:10 d","N",NaN,NaN,NaN
"NWT","2022-08-03","PIKA-140",449583,4434540,"PXL_20220803_190810634.JPG","MATTHEW SCHMIDT","LAURA REA","12:33","13:05","12:40","13:00",50,5,35,8,2,0,"N","N","Y","Y","N","N","N","N",NaN,NaN,NaN,"N","N","N","N",2,1,20,"NWT-11","NWT-11",449579,4434541,"PXL_20220803_190846654.JPG",1,1,1,1,2,0,"double survey","PIKA-140 2022-08-03 12:33","N",NaN,NaN,NaN
"NWT","2022-08-03","PIKA-140",449583,4434540,"PXL_20220803_190810634.JPG","LAURA REA","MATTHEW SCHMIDT","12:33","13:05","12:40","13:00",50,5,35,8,2,0,"N","N","Y","Y","N","N","N","N",NaN,NaN,NaN,"N","N","N","N",2,1,20,"NWT-11","NWT-11",449579,4434541,"PXL_20220803_190846654.JPG",1,1,1,1,2,0,"double survey","PIKA-140 2022-08-03 12:33 d","N",NaN,NaN,NaN
"NWT","2022-08-01","PIKA-186",447930,4434094,"IMG_5330.HEIC","CAITLIN WHITE","MICHELLE LEUNG","11:46","13:00","12:20","12:46",47,3,26,23,1,0,"N","Y","Y","N","N","N","N","N",NaN,NaN,NaN,"N","N","N","N",2,1,24,"NWT-5","NWT-5",447934,4434096,"IMG_5331.HEIC",1,2,0.5,2,2,0,"double survey. michelle did timed search first, caitlin did timed search second. accuracy of gps unit arriving to plot (for utms on site) and in placing temperature sensor was 2m. multiple old urine patches observed on plot. sensor id white sticker label not placed on inside of hobo for sensors cw and ml serviced 8/1-8/3 (didn't know), to-do next time.","PIKA-186 2022-08-01 11:46","N",NaN,NaN,NaN
"NWT","2022-08-01","PIKA-186",447930,4434094,"IMG_5330.HEIC","MICHELLE LEUNG","CAITLIN WHITE","11:46","13:00","11:56","12:15",47,3,26,23,1,0,"N","Y","Y","N","N","N","N","N",NaN,NaN,NaN,"N","N","N","N",2,1,24,"NWT-5","NWT-5",447934,4434096,"IMG_5331.HEIC",1,2,0.5,2,2,0,"double survey. michelle did timed search first, caitlin did timed search second. accuracy of gps unit arriving to plot (for utms on site) and in placing temperature sensor was 2m. multiple old urine patches observed on plot. sensor id white sticker label not placed on inside of hobo for sensors cw and ml serviced 8/1-8/3 (didn't know), to-do next time.","PIKA-186 2022-08-01 11:46 d","N",NaN,NaN,NaN
"NWT","2022-08-09","PIKA-195",448837,4433807,"Plot195.Center.Context.jpg","MATTHEW SCHMIDT","LAURA REA","12:49","13:32","12:58","13:25",25,10,20,45,0,0,"N","N","Y","Y","N","N","N","N",NaN,NaN,NaN,"N","N","N","N",2,1,26,"NWT-1","NWT-1",448833,4433805,"Plot195.Sensor.Context.jpg",2,2,1.5,1,3,0,"weasel scat seen; also mystery scat (fragmented deer or rabbit?); squirrel burrow?; chipmunk poop; moose poop","PIKA-195 2022-08-09 12:49","N",NaN,NaN,NaN
"NWT","2023-08-07","PIKA-001",446833,4435347,"Pika.001.centerContext.1.2023.jpg","Alexa Esler","Michael Hoffert","09:54","10:51","09:59","10:19",30,10,40,30,0,0,"Y","N","Y","N","N","N","Y","N","Moose","Ptarmagin scat","Chipmunk (2)","N","Y","Y","Y",3,1,18.3,"NWT-50","NWT-82",446832,4435357,"Pika.001.sensorContext.1.2023.jpg",1,2.5,1,1,1,0,"NWT-50 did not read, so it was replaced by NWT-82, which has a new battery","PIKA-001 2023-08-07 09:54 Alexa Esler",NaN,NaN,"N","{e973b9cd-0f73-41f2-a319-0bcb0b73b79c}"
"NWT","2023-08-10","PIKA-002",446902,4434092,"Pika.002.centerContext.2.2023.jpg","Benjamin Woods",NaN,"09:38","10:17","09:43","10:03",30,5,30,20,40,0,"N","N","N","N","N","N","N","N",NaN,NaN,NaN,"Y","Y","Y","N",1,2,15.6,"NWT-84","NWT-84",446900,4434094,"Pika.002.sensorContext.2.2023.jpg",1,3,2,3,2,0,"Successful download. Battery replaced.","PIKA-002 2023-08-10 09:38 Benjamin Woods",NaN,NaN,"N","{620de40e-cd86-4f9e-a895-3154cb50e9dd}"
"NWT","2023-08-10","PIKA-002",446901,4434093,"Pika.002.centerContext.2.2023.jpg","Matthew Schmidt",NaN,"09:39","10:15","09:45","10:05",40,0,20,10,30,0,"N","Y","N","Y","N","N","N","N",NaN,NaN,NaN,"Y","Y","Y","N",1,2,13,"NWT-84","NWT-84",446900,4434094,"Pika.002.sensorContext.2.2023.jpg",2,3,2,4,3,0,"Double survey. The sensor photos were taken by Ben.","PIKA-002 2023-08-10 09:39 Matthew Schmidt",NaN,NaN,"N","{344d272b-e8d2-42f1-90b7-f4f0d21766a1}"
"NWT","2023-08-09","PIKA-003",448109,4434559,"Pika.003.centerContext.1.2023.jpg","Ashley Parkhurst",NaN,"12:18","12:34","12:20","12:30",10,20,45,25,0,0,"N","N","N","Y","N","N","N","N",NaN,NaN,NaN,"N","N","N","N",2,2,17,"NWT-58","NWT-91",448110,4434558,"Pika.003.sensorContext.1.2023.jpg",2,2,1,1,1,0,"Double survey with Kate Drobnich. We did not have a shuttle, so we replaced the sensor.","PIKA-003 2023-08-09 12:18 Ashley Parkhurst",NaN,NaN,"N","{251d29b6-ebc3-490c-a78f-622fbbd964e8}"
"NWT","2023-08-09","PIKA-003",448109,4434559,"Pika.003.centerContext.1.2023.jpg","Kate Drobnich",NaN,"12:18","12:34","12:20","12:30",15,15,70,10,10,0,"N","N","N","N","N","N","N","N",NaN,NaN,NaN,"N","N","N","N",2,2,17,"NWT-58","NWT-91",448110,4434558,"Pika.003.sensorContext.1.2023.jpg",1,2,1,1,1,0,"This is a double survey with Ashley Parkhurst. Replacing NWT-58 with NWT-91 due to no shuttle.","PIKA-003 2023-08-09 12:18 Kate Drobnich",NaN,NaN,"N","{dd774723-63c3-41bd-87eb-a300da789fe6}"
"NWT","2023-08-07","PIKA-004",449383,4435252,"Pika.004.centerContext.1.2023.jpg","Airy Peralta",NaN,"13:34","14:17","13:41","14:02",98,4,1,1,0,0,"N","N","N","N","N","N","N","N",NaN,NaN,NaN,"N","N","N","N",1,2,16,"NOT FOUND","NWT-81",449383,4435262,"Pika.004.sensorContext.1.2023.jpg",1,2.5,2.5,3,3,10,"I went to the new coordinate, and no cairn or sensor was found. I found a cairn below, which I assumed was the new center. The extra picture is from the rock near the sensor I placed. A new sensor was placed because I couldn't find the previous year's sensor that Chris might have installed after techs reported the dangerous slope.","PIKA-004 2023-08-07 13:34 Airy Peralta",NaN,NaN,"N","{78671cfd-911b-48b6-b62e-f8cbe8ea6465}"
"NWT","2023-10-11","PIKA-004",449382,4435253,"pika004-center-and-sensor-context-2023.jpg","Chris Ray",NaN,"14:20","14:55","14:21","14:41",74,6,12,8,0,0,"N","N","N","N","N","N","N","N",NaN,NaN,NaN,"N","N","N","N",3,1,4,"NWT-51","NWT-60",449381,4435257,"pika004-center-and-sensor-context.jpg",1,3,2,3,2,0,"This plot was surveyed twice, but surveys were months apart, so probably should not be used as a double survey; only sensor NWT-60 should be retained or replaced in 2024; NWT-81 should be pulled because it is an extra sensor (placed when Airy could not find NWT-51)","PIKA-004 2023-10-11 14:20 Chris Ray",NaN,NaN,"N",NaN
"NWT","2023-08-08","PIKA-005",446483,4434032,"Pika.005.centerContext.1.2023.jpg","Airy Peralta","Alexa Esler","11:32","12:02","11:37","11:59",90,0,15,2,0,0,"N","N","N","N","N","N","N","N",NaN,NaN,NaN,"N","N","N","Y",3,1,17,"NWT-83","NWT-83",446483,4434036,"Pika.005.sensorContext.1.2023.jpg",1,8,2.5,4,3,0,"The sensor was placed in the same spot as in previous years.","PIKA-005 2023-08-08 11:32 Airy Peralta",NaN,NaN,"N","{94da5561-1014-48ee-a5e6-d1a4da3aaf5b}"
"NWT","2023-08-07","PIKA-006",446374,4434945,"Pika.006.centerContext.1.2023.jpg","Ashley Parkhurst","Kate Drobnich","11:13","11:42","11:18","11:38",65,10,15,5,5,0,"N","N","Y","N","N","N","N","N",NaN,NaN,NaN,"N","N","N","N",3,3,10,"NWT-61","PM",446374,4434950,"Pika.006.sensorContext.1.2023.jpg",2,6,2,2,2,0,"There was no extra shuttle, so I removed the sensor and replaced it with a new sensor. We are replacing NWT-61.","PIKA-006 2023-08-07 11:13 Ashley Parkhurst",NaN,NaN,"N","{22ef5222-b931-4a3d-8664-4c05efb0a702}"
"NWT","2023-08-10","PIKA-007",449561,4432980,"Pika.007.centerContext.1.2023.jpg","Airy Peralta",NaN,"09:46","10:30","09:51","10:11",95,1,5,1,10,5,"N","N","N","N","N","N","N","N","Chipmunk",NaN,NaN,"N","N","N","N",1,2,14,"NWT-60","NWT-22",449565,4432975,"Pika.007.sensorContext.1.2023.jpg",2,2.5,1.5,3,3,12,"Extra picture of the two pellets. I was able to locate the exact location for the 2016 sensor (see photos in extra plot tasks), but I could not find the sensor. Not enough shuttles; replacing with NWT-22.","PIKA-007 2023-08-10 09:46 Airy Peralta",NaN,NaN,"N","{dc5de0ed-8215-424c-b2fc-5c9c3bca639f}"
"NWT","2023-08-09","PIKA-008",448790,4434780,"Pika.008.centerContext.1.2023.jpg","Kate Drobnich","Ashley Parkhurst","10:43","11:07","10:44","11:04",40,10,30,10,10,10,"N","Y","N","N","N","N","N","N",NaN,NaN,NaN,"N","N","N","N",1,1,17,"NWT-72","NWT-61",448795,4434776,"Pika.008.sensorContext.1.2023.jpg",1,2,1,3,1,0,NaN,"PIKA-008 2023-08-09 10:43 Kate Drobnich",NaN,NaN,"N","{5d8ff66f-654f-4dbf-a5ad-7c8b41387a7d}"
"NWT","2023-08-10","PIKA-009",447124,4433868,"Pika.009.centerContext.1.2023.jpg","Benjamin Woods",NaN,"10:31","11:06","10:43","11:06",30,20,50,35,15,0,"N","Y","Y","N","N","N","N","N",NaN,NaN,NaN,"N","Y","N","N",1,2,12.8,"NWT-53","NWT-53",447126,4433865,"Pika.009.sensorContext.2.2023.jpg",2,8,2,4,3,0,"Successful download. Battery replaced","PIKA-009 2023-08-10 10:31 Benjamin Woods",NaN,NaN,"N","{44d14517-b749-4e24-9aaf-93b19abc9365}"
"NWT","2023-08-10","PIKA-009",447123,4433869,"Pika.009.centerContext.1.2023.jpg","Matthew Schmidt",NaN,"10:32","11:05","10:43","11:02",20,20,30,20,10,0,"N","N","Y","N","N","N","N","N",NaN,NaN,NaN,"N","Y","Y","N",1,2,12,"NWT-53","NWT-53",447126,4433865,"Pika.009.sensorContext.2.2023.jpg",2,8,2,2,3,0,"Double survey. The download was successful, and the sensor was placed back in the same spot. Photos taken by Ben.","PIKA-009 2023-08-10 10:32 Matthew Schmidt",NaN,NaN,"N","{746ec09e-0994-48fa-94a7-5da1510a28e5}"
"NWT","2023-08-07","PIKA-010",448011,4435263,"Pika.010.centerContext.1.2023.jpg","Michael Hoffert","Alexa Esler","13:56","14:30","14:00","14:20",50,0,5,40,0,5,"N","N","Y","N","Y","N","N","N",NaN,NaN,NaN,"N","Y","Y","N",2,1,21.1,"NWT-66","NWT-56",448014,4435267,"Pika.010.sensorContext.1.2023.jpg",1,3,2.5,2,1,0,"Do not access from Lake Isabel; cross the base of the valley before the lake.","PIKA-010 2023-08-07 13:56 Michael Hoffert",NaN,NaN,"N","{0a079621-7a8b-4d80-b40c-86f4b5366070}"
"NWT","2023-08-10","PIKA-011",448341,4432954,"Pika.011.centerContext.1.2023.jpg","Michael Hoffert",NaN,"10:05","10:55","10:13","10:34",40,0,30,30,0,0,"N","N","N","N","N","N","Y","N",NaN,NaN,NaN,"Y","Y","Y","Y",1,1,21.1,"NWT-44","NWT-36",448334,4432956,"Pika.011.sensorContext.1.2023.jpg",1,3,1,2,1,0,"The sensor was approximately 9 meters uphill from the center. Construction was happening at Albion Dam. No light after battery replacement; Replacing 44. [CR: I suspect the techs are downloading the data before replacing the battery, which erases the programming, but Airy said they all assured her that they were replacing the battery before downloading the data]","PIKA-011 2023-08-10 10:05 Michael Hoffert",NaN,NaN,"N","{8160550a-d196-4216-a81d-56ed8f781008}"
"NWT","2023-08-09","PIKA-014",447735,4434241,"Pika.014.centerContext.1.2023.jpg","Benjamin Woods","Matthew Schmidt","10:50","11:22","10:58","11:22",30,10,40,30,0,0,"N","N","Y","Y","N","N","N","N",NaN,NaN,NaN,"Y","N","Y","N",1,3,5,"JL3","JL3",447737,4434240,"Pika.014.sensorContext.1.2023.jpg",2,2,1,3,3,0,"The download was successful [CR: and ""New battery?"" says ""yes""]","PIKA-014 2023-08-09 10:50 Benjamin Woods",NaN,NaN,"N","{1a5b0e9b-1896-4a40-902c-1fe533ce098a}"
"NWT","2023-08-09","PIKA-015",448136,4434007,"Pika.015.centerContext.1.2023.jpg","Alexa Esler","Michael Hoffert","11:07","13:18","11:14","11:37",30,10,30,60,0,0,"N","N","N","N","N","N","N","N",NaN,NaN,NaN,"N","N","N","N",1,3,15.6,"NWT-100","NWT-75",448134,4434010,"Pika.015.sensorContext.1.2023.jpg",1,3,1,1,3,0,"Sensor context 2 photos. Battery replacement on the old sensor did not work. Returned after 2 hours to place a sensor that we got from Airy's spares.","PIKA-015 2023-08-09 11:07 Alexa Esler",NaN,NaN,"N","{43475a12-6b82-4557-9d92-15334f3a8459}"
"NWT","2023-08-10","PIKA-016",450197,4433310,"Pika.016.centerContext.1.2023.jpg","Airy Peralta",NaN,"08:34","09:06","08:39","08:59",30,10,60,30,5,0,"N","N","N","N","N","N","N","N",NaN,NaN,NaN,"N","N","N","N",1,1,16,"NWT-80","NWT-65",450198,4433308,"Pika.016.sensorContext.1.2023.jpg",1,1.2,0.75,1,1,0,"Not enough shuttles for all teams","PIKA-016 2023-08-10 08:34 Airy Peralta",NaN,NaN,"N","{4a0d8df9-db27-44ee-99c3-3fd5bfef4f01}"
"NWT","2023-08-07","PIKA-017",446428,4435550,"Pika.017.centerContext.1.2023.jpg","Ashley Parkhurst",NaN,"12:04","12:54","12:09","12:24",70,3,10,1,16,0,"Y","Y","Y","N","N","N","N","N",NaN,NaN,NaN,"N","Y","N","N",2,1,16,"NOT FOUND","NWT-23",446425,4435544,"Pika.017.sensorContext.1.2023.jpg",2,4,2,3,1,0,"This is a double survey with Kate Drobnich. Could not find the previous sensor, so we placed a new one in the relatively same spot.","PIKA-017 2023-08-07 12:04 Ashley Parkhurst",NaN,NaN,"N","{f2e87dba-234e-42cb-ae8d-0e8996e96ad6}"
"NWT","2023-08-07","PIKA-017",446428,4435550,"Pika.017.centerContext.1.2023.jpg","Kate Drobnich","Ashley Parkhurst","12:04","12:54","12:09","12:26",85,5,10,1,7,0,"Y","Y","Y","N","N","N","N","N",NaN,NaN,NaN,"N","Y","N","N",2,2,12,"NOT FOUND","NWT-23",446425,4435544,"Pika.017.sensorContext.1.2023.jpg",1,6,2.5,3,1,0,"This is a double survey with Ashley Parkhurst. We could not find the previous center [sensor], so we placed a new sensor in about the same spot the old one should have been.","PIKA-017 2023-08-07 12:04 Kate Drobnich",NaN,NaN,"N","{4bbdcf32-7233-4a3c-a24f-1b945b2e8369}"
"NWT","2023-08-10","PIKA-019",448673,4433691,"Pika.019.centerContext.2.2023.jpg","Ashley Parkhurst",NaN,"10:45","11:26","10:50","11:10",30,10,50,5,5,0,"N","Y","Y","N","N","N","N","N",NaN,NaN,NaN,"N","N","N","N",1,1,18,"NWT-69","NWT-69",448663,4433700,"Pika.019.sensorContext.2.2023.jpg",1,2,0.5,2,2,0,"Double survey with Van Baronofsky.","PIKA-019 2023-08-10 10:45 Ashley Parkhurst",NaN,NaN,"N","{363517cf-6735-4513-b58a-7a4a9fa946df}"
"NWT","2023-08-10","PIKA-019",448677,4433689,"Pika.019.centerContext.2.2023.jpg","Van Baronofsky",NaN,"10:52","11:27","10:57","11:21",30,10,70,5,5,0,"N","N","Y","N","N","N","N","N",NaN,NaN,NaN,"N","N","N","N",1,1,15,"NWT-69","NWT-69",448663,4433700,"Pika.019.sensorContext.2.2023.jpg",1,1.6,0.8,2,1,0,"Double-blind study with Ashley Parkhurst.","PIKA-019 2023-08-10 10:52 Van Baronofsky",NaN,NaN,"N","{d014a15c-f08c-435a-85e2-5e07e254cea0}"
"NWT","2023-08-08","PIKA-022",445878,4433217,"Pika.022.centerContext.1.2023.jpg","Benjamin Woods","Matthew Schmidt","11:40","12:15","11:47","12:07",100,10,0,0,0,0,"N","N","N","N","N","N","N","N",NaN,NaN,NaN,"N","N","N","N",2,1,15.6,"NWT-68","NWT-68",445882,4433219,"Pika.022.sensorContext.1.2023.jpg",1,3,2,3,3,45,"We downloaded data to the shuttle and replaced the battery.","PIKA-022 2023-08-08 11:40 Benjamin Woods",NaN,NaN,"N","{4c07f62f-e759-4fa7-9040-f2959113a42f}"
"NWT","2023-08-10","PIKA-023",448615,4433400,"Pika.023.centerContext.1.2023.jpg","Michael Hoffert",NaN,"12:19","12:58","12:22","12:42",80,0,0,5,20,0,"Y","Y","N","N","N","N","N","N",NaN,NaN,NaN,"Y","Y","Y","Y",2,2,21.1,"NWT-21","NWT-4",448615,4433400,"Pika.023.sensorContext.1.2023.jpg",1,3,1.5,4,1,0,"Did not have shuttle, pulled with no replacement battery","PIKA-023 2023-08-10 12:19 Michael Hoffert",NaN,NaN,"N","{1fad0aa2-aa30-471f-bd32-d70f2ce52247}"
"NWT","2023-08-09","PIKA-024",448702,4434071,"Pika.024.centerContext.1.2023.jpg","Alexa Esler",NaN,"12:58","13:23","13:03","13:23",20,15,35,40,5,0,"N","N","N","N","N","N","N","N",NaN,NaN,NaN,"N","N","N","N",1,3,12.8,"NOT FOUND","NWT-25",448704,4434071,"Pika.024.sensorContext.1.2023.jpg",2,2,0.5,2,3,0,"The previous sensor got wedged between rocks and could not be retrieved. The new sensor is in the same place but right on top. Alexa was the only person to see the wedged sensor.","PIKA-024 2023-08-09 12:58 Alexa Esler",NaN,NaN,"N","{c70ae318-888f-40c9-871d-064e484e026d}"
"NWT","2023-08-08","PIKA-049",446582,4433642,"Pika.049.centerContext.2.2023.jpg","Kate Drobnich",NaN,"11:15","11:43","11:17","11:36",100,0,0,0,0,0,"N","N","N","N","N","N","N","N",NaN,NaN,NaN,"N","Y","Y","N",3,1,25,"NWT-26","NWT-26",446579,4433640,"Pika.049.sensorContext.1.2023.jpg",2,3,1.5,2,2,50,"Double Survey with Michael. The data downloaded, so I changed the battery and returned to the spot. It's the same sensor as before. AP: Contrary to the techs' note, they say they changed the battery BEFORE downloading. [CR: But it really doesn't sound like they did it in the correct order.]","PIKA-049 2023-08-08 11:15 Kate Drobnich",NaN,NaN,"N","{70eef541-6538-4066-abf6-82c1cffd645e}"
"NWT","2023-08-08","PIKA-049",446582,4433642,"Pika.049.centerContext.2.2023.jpg","Michael Hoffert",NaN,"11:15","11:43","11:17","11:35",100,0,0,0,0,0,"N","N","N","N","N","N","N","N",NaN,NaN,NaN,"N","Y","Y","N",3,1,25,"NWT-26","NWT-26",446579,4433640,"Pika.049.sensorContext.1.2023.jpg",2,4,2,2,2,75,"Double","PIKA-049 2023-08-08 11:15 Michael Hoffert",NaN,NaN,"N","{d8d3b850-bdd5-4bff-9cd5-dc206b44d6c0}"
"NWT","2023-08-07","PIKA-050",446227,4435087,"Pika.050.centerContext.1.2023.jpg","Benjamin Woods","Matthew Schmidt","11:57","12:30","12:04","12:24",70,20,5,10,0,0,"N","N","Y","N","N","N","N","N","Ptarmigan",NaN,NaN,"N","Y","Y","N",2,2,12.8,"NWT-24","NWT-24",446229,4435088,"Pika.050.sensorContext.1.2023.jpg",1,3,1.5,4,2,0,"The bare ground cover = water. The sensor downloaded correctly, and we replaced the battery (AP: before Pendant download, according to technicians).","PIKA-050 2023-08-07 11:57 Benjamin Woods",NaN,NaN,"N","{59221099-2bff-41f3-b37e-9a05f5dbab1b}"
"NWT","2023-08-08","PIKA-053",446675,4433894,"Pika.053.centerContext.1.2023.jpg","Kate Drobnich","Michael Hoffert","10:21","10:41","10:20","10:35",30,15,50,10,10,0,"N","N","N","N","N","N","N","N",NaN,NaN,NaN,"Y","Y","Y","Y",2,1,27,"NWT-31","NWT-31",446679,4433893,"Pika.053.sensorContext.1.2023.jpg",2,5,2,2,2,0,"Placed the same sensor as retrieved. Data downloaded.","PIKA-053 2023-08-08 10:21 Kate Drobnich",NaN,NaN,"N","{ea2fbf33-bdb2-4c2e-bf5d-90b86d250795}"
"NWT","2023-08-10","PIKA-055",448113,4433395,"Pika.055.centerContext.1.2023.jpg","Michael Hoffert",NaN,"09:00","09:43","09:06","09:30",20,10,30,10,30,30,"N","Y","N","N","N","N","N","N","Moose scat",NaN,NaN,"N","Y","Y","N",1,2,15.6,"NWT-29","NWT-20",448114,4433396,"Pika.055.sensorContext.1.2023.jpg",1,1.5,0.5,1,3,0,"No light after battery replacement. The replacement sensor had a battery already changed by Airy.","PIKA-055 2023-08-10 09:00 Michael Hoffert",NaN,NaN,"N","{98edf6f6-be99-4ef3-91e7-1dc2b2133f3f}"
"NWT","2023-08-09","PIKA-056",449313,4434287,"Pika.056.centerContext.1.2023.jpg","Airy Peralta",NaN,"12:46","13:23","12:56","13:16",90,2,30,10,0,0,"Y","N","Y","N","N","N","N","N",NaN,NaN,NaN,"N","N","N","N",1,3,12,"NWT-6","NWT-6",449314,4434286,"Pika.056.sensorContext.1.2023.jpg",1,1,0.75,1,3,0,NaN,"PIKA-056 2023-08-09 12:46 Airy Peralta",NaN,NaN,"N","{c3f1a75d-1f7c-4d18-ac73-324690a2cbc5}"
"NWT","2023-08-07","PIKA-057",445866,4434776,"Pika.057.centerContext.1.2023.jpg","Kate Drobnich","Ashley Parkhurst","10:15","10:49","10:20","10:40",40,10,40,2,8,0,"N","N","Y","N","N","N","N","N",NaN,NaN,NaN,"N","N","N","Y",3,2,15,"NWT-25","NWT-45",445861,4434774,"Pika.057.sensorContext.1.2023.jpg",1,4,2,3,3,0,"There were not enough shuttles, so we collected the old sensor and replaced it with a new one.","PIKA-057 2023-08-07 10:15 Kate Drobnich",NaN,NaN,"N","{08a5d835-dd72-401c-94eb-dff9e7ff13ab}"
"NWT","2023-08-09","PIKA-058",447372,4434423,"Pika.058.centerContext.1.2023.jpg","Benjamin Woods","Matthew Schmidt","09:56","10:38","10:10","10:30",40,10,20,40,0,0,"N","Y","Y","N","N","N","N","N",NaN,NaN,NaN,"N","N","N","N",1,2,4.4,"NWT-65","NWT-66",447374,4434424,"Pika.058.sensorContext.1.2023.jpg",2,2,1,3,3,0,"NWT-65 did not download. We replaced NWT-65 with NWT-66.","PIKA-058 2023-08-09 09:56 Benjamin Woods",NaN,NaN,"N","{f2c9c702-3007-4694-b255-d5d807bc4c9f}"
"NWT","2023-08-10","PIKA-059",447788,4433802,"Pika.059.centerContext.1.2023.jpg","Ashley Parkhurst","Van Baronofsky","09:07","09:45","09:12","09:32",50,15,15,5,18,0,"Y","Y","Y","N","N","N","N","N",NaN,NaN,NaN,"N","N","N","N",1,2,17,"NWT-33","NWT-33",447789,4433805,"Pika.059.sensorContext.1.2023.jpg",2,1,0.5,2,2,0,"Sensor found on dirt. [CR: This means it was in talus but touching dirt. Also, it is not clear whether the techs serviced this sensor but the data are missing so we need to check whether it was launched successfully, or risk losing 2 years of data.]","PIKA-059 2023-08-10 09:07 Ashley Parkhurst",NaN,NaN,"N","{453c58fa-5080-418a-a4a5-5e24756fa16f}"
"NWT","2023-08-09","PIKA-060",450090,4434040,"Pika.060.centerContext.1.2023.jpg","Airy Peralta",NaN,"08:57","09:38","09:02","09:22",30,10,70,50,30,0,"N","N","N","N","N","N","N","N","Mouse scat","Ptarmigan",NaN,"N","Y","Y","N",1,3,14,"NWT-28","NWT-39",450091,4434039,"Pika.060.sensorContext.1.2023.jpg",1,0.75,0.3,1,3,0,"The extra picture is from a medium rabbit scat. The old sensor failed to download while using shuttle C. The new sensor was launched by Airy at home.","PIKA-060 2023-08-09 08:57 Airy Peralta",NaN,NaN,"Y","{4b648e03-fe93-428e-b726-d22fb9a6e8e3}"
"NWT","2023-08-09","PIKA-062",448048,4434113,"Pika.062.centerContext.1.2023.jpg","Alexa Esler","Michael Hoffert","09:46","10:16","09:52","10:10",30,10,30,40,20,0,"N","N","Y","N","N","N","N","N",NaN,NaN,NaN,"N","N","Y","N",1,3,12.8,"NWT-22","NWT-74",448047,4434113,"Pika.062.sensorContext.1.2023.jpg",1,2,1,1,3,0,"Light was not flashing after battery replacement, so we replaced with a new sensor.","PIKA-062 2023-08-09 09:46 Alexa Esler",NaN,NaN,"N","{affd28aa-a70c-4320-844a-cb34bbe895cc}"
"NWT","2023-08-07","PIKA-065",447199,4435453,"Pika.065.centerContext.1.2023.jpg","Alexa Esler",NaN,"11:24","12:39","11:29","11:51",95,0,2,3,0,0,"N","N","Y","N","N","N","N","N",NaN,NaN,NaN,"N","Y","Y","N",3,2,15.6,"NOT FOUND","NWT-97",447203,4435450,"Pika.065.sensorContext.2.2023.jpg",1,4,2.5,4,2,3,"The extra picture is of the sensor context. Also, the replacement sensor already had a new battery.","PIKA-065 2023-08-07 11:24 Alexa Esler",NaN,NaN,"N","{34dc6f91-f33b-4921-9b2f-996e9ba764c7}"
"NWT","2023-08-07","PIKA-065",447199,4435453,"Pika.065.centerContext.1.2023.jpg","Michael Hoffert",NaN,"11:24","12:39","11:30","11:51",95,0,0,5,0,0,"N","N","Y","N","N","N","N","N",NaN,NaN,NaN,"N","Y","Y","Y",3,2,15.6,"NOT FOUND","NWT-97",447203,4435450,"Pika.065.sensorContext.2.2023.jpg",1,4,2.5,4,2,3,"We took a second sensor context photo.We took a second sensor context photo. Using a replacement sensor; no battery servicing.","PIKA-065 2023-08-07 11:24 Michael Hoffert",NaN,NaN,"N","{10d4f3b0-8975-4b13-88f3-76a2447f0604}"
"NWT","2023-08-07","PIKA-068",449430,4435261,"Pika.068.centerContext.1.2023.jpg","Airy Peralta",NaN,"14:22","14:50","14:28","14:48",98,2,2,2,0,0,"N","N","N","N","N","N","N","N",NaN,NaN,NaN,"N","N","N","N",1,1,18,"NOT FOUND","NWT-15",449428,4435262,"Pika.068.sensorContext.1.2023.jpg",1,4,1.5,2,3,30,"Sensor was placed a meter from new center.","PIKA-068 2023-08-07 14:22 Airy Peralta",NaN,NaN,"N","{150cccb6-998b-482a-994e-d94166d49042}"
"NWT","2023-08-08","PIKA-069",446629,4434043,"Pika.069.centerContext.2.2023.jpg","Airy Peralta",NaN,"10:10","10:49","10:12","10:32",50,10,50,20,2,0,"N","N","Y","N","N","N","N","N",NaN,NaN,NaN,"N","N","Y","N",2,1,16,"NWT-39","NWT-90",446630,4434040,"Pika.069.sensorContext.1.2023.jpg",1,1.5,0.5,2,2,0,"Alexa took all the pictures on the double survey. NWT-39 didn't download, so we replaced it with a new sensor, Pro V2, which was deployed by Airy at home.","PIKA-069 2023-08-08 10:10 Airy Peralta",NaN,NaN,"N","{36f27791-d1f1-4301-8b0f-f1150eb0b50d}"
"NWT","2023-08-08","PIKA-069",446629,4434043,"Pika.069.centerContext.2.2023.jpg","Alexa Esler",NaN,"10:11","10:48","10:16","10:36",30,0,40,35,0,0,"N","N","N","N","N","N","N","N","Ptarmigan scat",NaN,NaN,"N","Y","Y","N",2,1,16,"NWT-39","NWT-90",446630,4434040,"Pika.069.sensorContext.1.2023.jpg",1,2.5,1,2,3,0,NaN,"PIKA-069 2023-08-08 10:11 Alexa Esler",NaN,NaN,"N","{a54b39c1-e840-41a6-a14c-ae82804de3b0}"
"NWT","2023-08-10","PIKA-071",449274,4432927,"Pika.071.centerContext.1.2023.jpg","Airy Peralta",NaN,"12:17","12:54","12:22","12:43",45,2,55,25,5,5,"N","N","N","N","N","N","N","N",NaN,NaN,NaN,"N","Y","Y","N",2,2,20,"NWT-32","NWT-28",449274,4432926,"Pika.071.sensorContext.1.2023.jpg",1,4,1.5,3,1,0,"Not enough shuttles, so replacing with new one.","PIKA-071 2023-08-10 12:17 Airy Peralta",NaN,NaN,"N","{baa1c8b2-52b9-491c-9d75-aa6ed15142bb}"
"NWT","2023-08-09","PIKA-072",448672,4434818,"Pika.072.centerContext.1.2023.jpg","Kate Drobnich",NaN,"11:13","11:45","11:24","11:44",55,5,30,10,4,0,"N","N","Y","N","N","N","N","N",NaN,NaN,NaN,"N","N","N","N",1,3,16,"NWT-27","EL-9",448670,4434820,"Pika.072.sensorContext.1.2023.jpg",2,5,2,2,1,0,"This is a double survey with Ashley Parkhurst. The sensor was found on dirt (but in talus) and replaced due to no shuttle.","PIKA-072 2023-08-09 11:13 Kate Drobnich",NaN,NaN,"N","{1087a4ae-21c5-437f-9006-8f649f291b5c}"
"NWT","2023-08-09","PIKA-072",448672,4434818,"Pika.072.centerContext.1.2023.jpg","Ashley Parkhurst",NaN,"11:14","11:45","11:24","11:44",55,7,27,9,2,0,"N","N","Y","N","N","N","N","N",NaN,NaN,NaN,"N","N","N","N",1,2,16,"NWT-27","EL-9",448670,4434820,"Pika.072.sensorContext.1.2023.jpg",2,6,3,3,1,0,"Double survey with Kate Drobnich. The sensor was found on dirt. We replaced NWT-27 because we had no shuttle.","PIKA-072 2023-08-09 11:14 Ashley Parkhurst",NaN,NaN,"N","{c33d2377-ab4b-4f5d-9a8e-5df3c8bc7684}"
"NWT","2023-08-07","PIKA-074",448258,4435024,"Pika.074.centerContext.1.2023.jpg","Airy Peralta",NaN,"11:00","11:44","11:02","11:22",50,10,50,40,25,5,"N","Y","N","N","N","N","N","N",NaN,NaN,NaN,"N","N","N","N",3,2,13,"NWT-20","NWT-62",448259,4435016,"Pika.074.sensorContext.1.2023.jpg",1,2.5,1,2,2,0,"I took the sensor with me; It failed to read.","PIKA-074 2023-08-07 11:00 Airy Peralta",NaN,NaN,"N","{40dd078c-544e-4ee7-9c0a-cd48541b5ad5}"
"NWT","2023-08-10","PIKA-075",448314,4433008,"Pika.075.centerContext.1.2023.jpg","Michael Hoffert",NaN,"11:09","11:54","11:11","11:31",40,10,10,20,10,20,"N","N","N","N","N","N","N","N",NaN,NaN,NaN,"N","Y","Y","Y",1,1,21.1,"NWT-35","NWT-72",448314,4433007,"Pika.075.sensorContext.1.2023.jpg",1,3,2,4,1,0,"Did not have correct shuttle; The download was not attempted.","PIKA-075 2023-08-10 11:09 Michael Hoffert",NaN,NaN,"N","{af826d58-dc9a-45f2-a433-a5fa51eb19d3}"
"NWT","2023-08-09","PIKA-079",448058,4433989,"Pika.079.centerContext.1.2023.jpg","Alexa Esler","Michael Hoffert","10:23","10:54","10:27","10:47",30,10,20,60,10,0,"N","N","N","N","N","N","N","N",NaN,NaN,NaN,"N","N","N","N",1,3,10,"NWT-36","NWT-54",448058,4433990,"Pika.079.sensorContext.1.2023.jpg",1,2,1,1,3,0,"There was no light after battery replacement, so it was replaced.","PIKA-079 2023-08-09 10:23 Alexa Esler",NaN,NaN,"N","{38af77f2-cbdb-4171-bc92-9d8d94d849e9}"
"NWT","2023-08-08","PIKA-082",446593,4434093,"Pika.082.centerContext.1.2023.jpg","Airy Peralta","Alexa Esler","10:54","11:26","10:59","11:18",50,3,45,2,0,0,"N","N","N","N","N","N","N","N",NaN,NaN,NaN,"N","N","Y","N",3,1,17,"NWT-78","NWT-96",446596,4434094,"Pika.082.sensorContext.1.2023.jpg",1,4.5,1.5,4,2,0,"I did not find the other lost sensor from 2019, but we found the one from 2020. No new battery was placed in the replacement sensor as it already had a fresh battery.","PIKA-082 2023-08-08 10:54 Airy Peralta",NaN,NaN,"N","{f3ac3604-1f19-4d49-a041-208683d3fc46}"
"NWT","2023-08-10","PIKA-085",447332,4433427,"Pika.085.centerContext.1.2023.jpg","Matthew Schmidt","Benjamin Woods","11:51","12:37","11:57","12:16",85,10,0,10,0,0,"N","Y","N","N","N","N","N","N",NaN,NaN,NaN,"N","N","N","Y",1,1,17,"NOT FOUND","NWT-93",447324,4433427,"Pika.085.sensorContext.1.2023.jpg",1,5,2,3,1,45,"[CR: The techs were confused because they did not read the extra plot tasks and did not realize they were being sent to a new location to establish a new plot. Also, Airy did not explain that they should also visit the old plot location in order to pull the old sensor.] No sensor or cairn was found at plot coordinates. Plot photos did not match the plot that the GPS took us to. We verified that we had the same coordinates on both of our GPSs and verified using the spreadsheet with coord locations on it. Could not locate original sensor, so a new sensor was placed.","PIKA-085 2023-08-10 11:51 Matthew Schmidt",NaN,NaN,"N","{035be80e-6c46-4292-8fe1-293341c72b52}"
"NWT","2023-08-09","PIKA-091",447664,4434017,"Pika.091.centerContext.2.2023.jpg","Matthew Schmidt",NaN,"11:30","12:08","11:30","11:54",50,10,25,20,0,0,"N","N","Y","N","N","N","Y","N",NaN,NaN,NaN,"N","N","N","N",1,3,11,"NWT-41","NWT-41",447664,4434016,"Pika.091.sensorContext.2.2023.jpg",2,3,2,4,3,0,"Double survey. Sensor service was done by Ben in the double survey.","PIKA-091 2023-08-09 11:30 Matthew Schmidt",NaN,NaN,"N","{7b02b14b-8912-44ba-ad6f-6c9de970da08}"
"NWT","2023-08-09","PIKA-091",447665,4434016,"Pika.091.centerContext.2.2023.jpg","Benjamin Woods",NaN,"11:31","12:08","11:36","11:56",50,10,30,30,0,0,"N","N","Y","N","N","N","N","N",NaN,NaN,NaN,"N","N","N","N",1,3,10,"NWT-41","NWT-41",447664,4434016,"Pika.091.sensorContext.2.2023.jpg",2,3,1.5,3,3,0,"Successful download. Battery replaced","PIKA-091 2023-08-09 11:31 Benjamin Woods",NaN,NaN,"N","{361943d1-d2ab-42a8-a0f2-db6a87b85210}"
"NWT","2023-08-08","PIKA-097",446364,4433674,"Pika.097.centerContext.1.2023.jpg","Kate Drobnich",NaN,"11:56","12:22","11:58","12:14",100,2,0,0,0,0,"N","N","N","N","N","N","N","N",NaN,NaN,NaN,"N","Y","Y","Y",3,1,20,"NWT-54","NWT-92",446364,4433673,"Pika.097.sensorContext.1.2023.jpg",2,6,2.5,2,3,50,"Double Survey with Michael. There are no more batteries, so we are replacing the sensor with a new sensor( NWT-92). Data was successfully removed from NWT-54, which was not flashing. [CR: The download from sensor NWT-54 contained only 7 hours of data, from 13:00 to 19:00 on 8/8/2023, suggesting it was re-programmed and downloaded again. If we can find the original download on a different shuttle, maybe we can retrieve the 2022-2023 data. Or maybe this sensor was empty because it was not programmed correctly in 2022 (recall that it was not flashing).]","PIKA-097 2023-08-08 11:56 Kate Drobnich",NaN,NaN,"N","{6374c60c-9fea-4ec4-a10c-86038f6e0b17}"
"NWT","2023-08-08","PIKA-097",446364,4433674,"Pika.097.centerContext.1.2023.jpg","Michael Hoffert",NaN,"11:57","12:22","11:58","12:14",100,0,0,0,0,0,"N","N","N","N","N","N","N","N",NaN,NaN,NaN,"N","Y","Y","Y",3,1,20,"NWT-54","NWT-92",446364,4433673,"Pika.097.sensorContext.1.2023.jpg",2,3,3,3,2,50,"Double survey.  No data were collected from the sensor due to no more batteries; replacing the sensor with a new one. [CR: NWT-54 contained only 7 hours of data, from 13:00 to 19:00 on 8/8/2023, suggesting it was re-programmed just before 13:00 and downloaded again at 19:00 on the survey date. So, maybe the data from 2022 to 2023 were recorded on a different shuttle (nope--I checked all shuttle data), or maybe they were over-written by the short new dataset created by this double download, or maybe the sensor was not flashing because it was never properly programmed in 2022 and all 2022-2023 data are missing.]","PIKA-097 2023-08-08 11:57 Michael Hoffert",NaN,NaN,"N","{3a60b7d9-93fd-4005-b5ef-55e1775cc965}"
"NWT","2023-08-09","PIKA-100",449072,4435058,"Pika.100.centerContext.1.2023.jpg","Kate Drobnich","Ashley Parkhurst","09:53","10:16","09:55","10:15",55,10,20,1,0,15,"N","N","N","N","N","N","N","N",NaN,NaN,NaN,"N","N","N","N",1,3,15,"NWT-40","NWT-101",449073,4435058,"Pika.100.sensorContext.1.2023.jpg",1,0.75,0.5,1,1,0,"The sensor was found touching the dirt (but in talus). We have no shuttle, so we are replacing NWT-40 with NWT-101.","PIKA-100 2023-08-09 09:53 Kate Drobnich",NaN,NaN,"N","{b7344fda-2b3a-47e0-bd5e-99a62d3248d0}"
"NWT","2023-08-08","PIKA-102",445573,4433769,"Pika.102.centerContext.1.2023.jpg","Benjamin Woods","Matthew Schmidt","10:27","11:11","10:34","10:54",80,5,15,10,0,0,"N","N","N","N","N","N","N","N",NaN,NaN,NaN,"Y","Y","Y","N",2,1,15.6,"NOT FOUND","NWT-88",445572,4433769,"Pika.102.sensorContext.1.2023.jpg",2,3,2,4,2,0,"I tried to collect scat. In an awkward spot, I lost all the pellets and the bag. Replaced hobo pro v2 with another hobo pro v2. [CR: Airy says they accidentally pulled and replaced the ProV2 in her microclimate station, so they did not retrieve NWT-30 from this plot; in fact, they did not really look for it.]","PIKA-102 2023-08-08 10:27 Benjamin Woods",NaN,NaN,"N","{21f4f03c-6b6f-4497-9a9c-600924606c75}"
"NWT","2023-08-08","PIKA-117",446792,4433966,"Pika.117.centerContext.1.2023.jpg","Kate Drobnich","Michael Hoffert","09:44","10:12","09:31","09:51",50,20,25,1,10,0,"N","N","N","Y","N","N","N","N",NaN,NaN,NaN,"N","N","Y","N",1,1,13,"NWT-4","NWT-87",446788,4433969,"Pika.117.sensorContext.1.2023.jpg",1,3,1,2,1,0,"The sensor did not download, so we are replacing it with NWT-87. No flash, HOBO Pro V2.","PIKA-117 2023-08-08 09:44 Kate Drobnich",NaN,NaN,"N","{b8a2ff93-b77d-44a3-91b2-3cd255cabad1}"
"NWT","2023-08-07","PIKA-121",445676,4434826,"Pika.121.centerContext.1.2023.jpg","Benjamin Woods",NaN,"10:12","11:20","10:23","10:43",80,5,10,10,0,0,"N","N","Y","Y","N","N","N","N",NaN,NaN,NaN,"N","Y","Y","N",3,2,12.8,"NWT-074","PY",445677,4434824,"Pika.121.sensorContext.2.2023.jpg",1,5,2,4,1,0,"We did not download NWT-74 due to HOBO fail. We replaced it with PY.","PIKA-121 2023-08-07 10:12 Benjamin Woods",NaN,NaN,"N","{c25314da-8514-4228-a570-27d770133545}"
"NWT","2023-08-07","PIKA-121",445676,4434826,"Pika.121.centerContext.1.2023.jpg","Matthew Schmidt","Benjamin Woods","10:12","11:17","10:23","10:46",75,5,15,10,0,0,"N","N","Y","N","N","N","N","N",NaN,NaN,NaN,"N","Y","Y","Y",3,1,12,"NWT-074","PY",445677,4434824,"Pika.121.sensorContext.2.2023.jpg",1,6,3,4,1,0,"We replaced the old sensor with sensor ID PY.","PIKA-121 2023-08-07 10:12 Matthew Schmidt",NaN,NaN,"N","{2da33676-b5ee-4fa7-a3b3-a1ee5584c71e}"
"NWT","2023-08-09","PIKA-140",449585,4434543,"Pika.140.centerContext.1.2023.jpg","Airy Peralta",NaN,"11:38","12:16","11:43","12:03",50,2,60,40,1,0,"N","N","Y","N","N","N","N","N","Elk scat",NaN,NaN,"N","N","Y","N",1,2,12,"NWT-11","NWT-11",449583,4434542,"Pika.140.sensorContext.1.2023.jpg",1,0.6,0.3,1,2,0,"Ancient pellet in the extra picture.","PIKA-140 2023-08-09 11:38 Airy Peralta",NaN,NaN,"N","{7e98335f-4876-4ff2-b79d-7c8d9e046ca0}"
"NWT","2023-08-10","PIKA-144",450018,4432854,"Pika.144.centerContext.1.2023.jpg","Airy Peralta",NaN,"11:05","11:34","11:10","11:33",80,10,25,25,10,20,"N","N","N","N","N","N","N","N",NaN,NaN,NaN,"N","N","N","N",1,1,20,"NWT-37","NWT-100",450026,4432859,"Pika.144.sensorContext.1.2023.jpg",2,1,0.4,2,1,0,"Airy's Garmin said that I was Between 8 and 18 meters away, but my Gaia App guided me without a problem. Not enough shuttles, so I replaced the sensor.","PIKA-144 2023-08-10 11:05 Airy Peralta",NaN,NaN,"N","{acbdad26-866e-4de0-b8bc-60c69485d506}"
"NWT","2023-08-10","PIKA-151",448807,4433177,"Pika.151.centerContext.1.2023.jpg","Ashley Parkhurst","Van Baronofsky","12:08","12:27","12:12","12:27",80,0,0,0,10,10,"N","N","N","N","N","N","N","N",NaN,NaN,NaN,"N","N","N","N",2,1,21,"NWT-38","NWT-38",448803,4433173,"Pika.151.sensorContext.1.2023.jpg",1,4,2,2,2,0,"No pikas seen and no signs of pika besides very old poop. Sensor found on ground (but in talus).","PIKA-151 2023-08-10 12:08 Ashley Parkhurst",NaN,NaN,"N","{0613f871-9677-49fe-aa7c-3b0b704d6fdf}"
"NWT","2018-08-13","PIKA-001",446830,4435347,"plot001.center","Henry Brandes",NaN,"13:35","14:30","13:40","14:00",28,15,35,20,2,0,"N","N","Y","N","N","N","N","N","Bird","N","N","N","Y","Y","N",1,1,21.1,NaN,"NWT-50",446827,4435359,"plot001.sensor",1,2,1,3,1,0,"No sign of the pika here :(","PIKA-1 8/13/2018 13:40",NaN,NaN,NaN,NaN
"NWT","2018-08-13","PIKA-001",446830,4435346,"plot001.center","Evan Romasco-Kelly",NaN,"13:35","14:30","14:07","14:24",25,35,20,20,0,0,"N","N","N","N","N","N","N","N","Birds","N","N","N","Y","Y","N",1,1,22.2,NaN,"NWT-50",446827,4435359,"plot001.sensor",2,2,1,1,1,0,"Bare ground in this plot is outcrops of bedrock","PIKA-1 8/13/2018 14:07",NaN,NaN,NaN,NaN
"NWT","2018-08-08","PIKA-002",446904,4434090,NaN,"Anna Wright",NaN,"13:10","13:38","13:15","13:35",70,0,15,5,10,0,"N","Y","Y","Y","N","N","N","N","N","N","N","Y","Y","Y",NaN,2,1,21.1,NaN,"NWT-65",446899,4434092,"plot002.sensor",2,3.5,3,2,2,0,NaN,"PIKA-2 8/8/2018 13:15",NaN,NaN,NaN,NaN
"NWT","2018-08-08","PIKA-002",446904,4434090,NaN,"Micheli Oliver",NaN,"13:41","14:10","13:47","14:07",60,0,20,20,10,0,"N","N","N","Y","N","N","N","N","N","N","N","Y","Y","N","N",3,1,18.3,NaN,"NWT-65",446899,4434092,NaN,1,3,2,2,1,0,"Lots of very large and new dens","PIKA-2 8/8/2018 13:47",NaN,NaN,NaN,NaN
"NWT","2018-08-07","PIKA-003",448105,4434562,NaN,"Micheli Oliver",NaN,"10:16","10:35","10:22","10:30",15,0,10,75,0,0,"N","N","N","N","N","N","N","N","N","N","N","N","N","N","N",2,1,NaN,NaN,"NWT-58",NaN,NaN,"plot003.sensor",1,NaN,NaN,2,2,0,NaN,"PIKA-3 8/7/2018 10:22",NaN,NaN,NaN,NaN
"NWT","2018-08-07","PIKA-003",448105,4434562,NaN,"Anna Wright",NaN,"10:34","10:54","10:39","10:49",15,5,20,60,0,0,"N","N","N","N","N","N","N","N","N","N","N","N","N","N","N",2,1,NaN,NaN,"NWT-58",NaN,NaN,"plot003.sensor",1,2.5,2,2,2,0,NaN,"PIKA-3 8/7/2018 10:39",NaN,NaN,NaN,NaN
"NWT","2018-08-09","PIKA-004",449398,4435214,NaN,"Ashley Whipple",NaN,"10:32","11:05","10:37","10:57",90,10,0,0,0,0,"N","N","N","N","N","N","N","N","N","N","N","N","N","N","N",2,1,21.1,NaN,"NWT-51",449398,4435214,"plot004.sensor",1,1.5,1,3,1,30,"Use caution when at this site, rocks very unstable and site is below cliffs","PIKA-4 8/9/2018 10:37",NaN,NaN,NaN,NaN
"NWT","2018-08-08","PIKA-005",446477,4434057,NaN,"Micheli Oliver",NaN,"10:38","11:07","10:45","11:05",85,0,15,0,0,0,"N","N","N","Y","N","N","N","N","N","N","N","Y","Y","N","Y",2,1,NaN,NaN,"NWT-63",446477,4434057,NaN,2,10,8,4,1,0,"Lots of old urine stains on rocks","PIKA-5 8/8/2018 10:45",NaN,NaN,NaN,NaN
"NWT","2018-08-08","PIKA-005",446477,4434057,NaN,"Anna Wright",NaN,"12:02","12:30","12:08","12:28",85,0,10,5,0,0,"N","Y","Y","Y","N","N","N","N","N","N","N","Y","N","N","Y",2,1,21.1,NaN,"NWT-63",446477,4434057,"plot005.sensor",1,6,5,NaN,2,0,NaN,"PIKA-5 8/8/2018 12:08",NaN,NaN,NaN,NaN
"NWT","2018-08-13","PIKA-006",446374,4434947,NaN,"Micheli Oliver","Anna Wright","12:15","12:45","12:20","12:40",89,1,4,6,0,0,"N","N","N","N","N","N","N","N","N","N","N",NaN,NaN,NaN,NaN,1,1,20,NaN,"NWT-61",446373,4434949,"plot006.sensor",2,5,4,3,3,0,"No cairn at site","PIKA-6 8/13/2018 12:20",NaN,NaN,NaN,NaN
"NWT","2018-08-14","PIKA-007",449559,4432974,NaN,"Evan Romasco-Kelly",NaN,"12:10","12:52","12:24","12:48",65,2,2,6,0,25,"N","N","N","N","N","N","N","N","Gray jay","N","N","N","N","N","N",3,1,20,NaN,"NWT-60",449565,4432976,NaN,2,2,1.5,4,3,0,"Multiple (~10) urine spots found without scat. Double survey site. Sensor ID determined in 2020.","PIKA-7 8/14/2018 12:24",NaN,NaN,NaN,NaN
"NWT","2018-08-14","PIKA-007",449562,4432979,NaN,"Anna Wright","Micheli Oliver","13:07","13:35","13:12","13:32",84,1,5,5,0,5,"N","N","N","N","N","N","N","N","N","N","N","N","N","N","N",2,1,21.1,NaN,"NWT-60",449565,4432976,"plot007.sensor",1,3,2,2,2,0,"No sign of pika found; double survey site; sensor ID determined in 2020","PIKA-7 8/14/2018 13:12",NaN,NaN,NaN,NaN
"NWT","2018-08-09","PIKA-008",448792,4434778,NaN,"Henry Brandes","Evan Romasco-Kelly","11:08","11:47","11:13","11:33",35,5,25,9,1,25,"N","N","Y","Y","N","N","N","N","N","N","N","N","N","N","N",2,1,21.1,NaN,"NWT-72",448794,4434774,"plot008.sensor",2,3,1.5,4,2,0,"Coyote scate found (we think), sensor placed about 3 m S of cairn","PIKA-8 8/9/2018 11:13",NaN,NaN,NaN,NaN
"NWT","2018-08-06","PIKA-009",447122,4433867,NaN,"Ashley Whipple",NaN,"09:46","10:31","09:46","10:13",25,25,30,10,10,0,"Y","N","Y","Y","N","N","N","N","N","N","N","N","N","Y","N",1,2,12.8,NaN,"NWT-53",447125,4433864,"plot009.sensor",2,3.5,1.5,1,3,0,"Most of area has embedded rock with little spaces","PIKA-9 8/6/2018 9:46",NaN,NaN,NaN,NaN
"NWT","2018-08-15","PIKA-010",448021,4435267,NaN,"Anna Wright","Micheli Oliver","11:00","11:30","11:05","11:25",60,0,9,30,0,1,"N","N","N","N","N","N","Y","N","Bird","Chipmunk","N","N","N","N","N",1,1,21.1,NaN,"NWT-55",448021,4435267,"plot010.sensor",1,4,3,4,1,0,"Many pika calls and activity around 20+ meters from plot","PIKA-10 8/15/2018 11:05",NaN,NaN,NaN,NaN
"NWT","2018-08-14","PIKA-011",448342,4432955,NaN,"Micheli Oliver","Anna Wright","11:04","11:30","11:09","11:29",45,10,45,10,0,0,"N","N","N","N","N","N","N","N","N","N","N","Y","Y","Y","Y",2,1,20,NaN,"NWT-59",448340,4432957,NaN,1,5,4,2,1,0,"Double survey site","PIKA-11 8/14/2018 11:09",NaN,NaN,NaN,NaN
"NWT","2018-08-14","PIKA-011",448346,4432955,NaN,"Evan Romasco-Kelly",NaN,"09:40","10:15","09:48","10:10",42,2,30,25,1,0,"N","N","N","N","N","N","N","N","N","N","N","Y","Y","Y","Y",1,1,18.3,NaN,"NWT-59",448340,4432957,NaN,2,2.5,1.75,1,1,0,"Pika are very active at this site, and many water features are present. Double survey site","PIKA-11 8/14/2018 9:48",NaN,NaN,NaN,NaN
"NWT","2018-08-07","PIKA-014",447734,4434240,NaN,"Ashley Whipple","Evan Romasco-Kelly","09:22","10:01","09:29","09:49",45,8,23,22,2,0,"N","N","Y","N","N","N","N","N","Bird","N","N","N","N","N","N",1,1,18.3,NaN,"NWT-49",447735,4434241,"plot014.sensor",2,4,1.5,1,2,0,"Urine spots found in talus, pika likely here a while ago. ","PIKA-14 8/7/2018 9:29",NaN,NaN,NaN,NaN
"NWT","2018-08-07","PIKA-015",448130,4434006,NaN,"Ashley Whipple","Evan Romasco-Kelly","11:08","11:37","11:14","11:35",35,13,30,20,2,0,"N","N","Y","Y","N","N","N","N","Bird","N","N","N","N","N","N",1,1,21.1,NaN,"NWT-62",448134,4434006,"plot015.sensor",2,3,1,2,2,0,"urine spots found, ptarmigan scat found in plot","PIKA-15 8/7/2018 11:14",NaN,NaN,NaN,NaN
"NWT","2018-08-15","PIKA-016",450196,4433307,NaN,"Henry Brandes","Evan Romasco-Kelly","08:43","09:17","08:50","09:12",35,25,25,10,0,5,"N","N","Y","N","N","N","N","N","Chipmunk","Bird","Ptarmigan scat","N","N","N","N",1,1,18.3,NaN,"NWT-9",450198,4433306,"plot016.sensor",1,3,1,1,1,0,"Several chipmunks spotted in/around plot. Henry found another bone. NWT-9 is an ""even year"" sensor, but we placed it in ""every year"" plot. [*no problem; same programming]","PIKA-16 8/15/2018 8:50",NaN,NaN,NaN,NaN
"NWT","2018-08-13","PIKA-017",446416,4435554,NaN,"Henry Brandes",NaN,"11:12","12:10","11:17","11:37",60,0,18,7,13,2,"N","N","Y","N","N","N","N","N","Bird","N","N","N","N","N","N",1,1,21.1,NaN,"NWT-56",446416,4435547,"plot017.sensor",2,3,1,3,1,0,"Largest hay piles I have found to date!","PIKA-17 8/13/2018 11:17",NaN,NaN,NaN,NaN
"NWT","2018-08-13","PIKA-017",446410,4435555,"plot017.center","Evan Romasco-Kelly",NaN,"11:15","12:10","11:40","12:03",59,2,15,20,3,1,"N","N","Y","Y","N","N","N","N","Bird (possible Magnolia Warbler)","N","N","N","N","Y","N",1,1,21.1,NaN,"NWT-56",446416,4435547,"plot017.sensor",2,2.5,1.5,2,1,0,"This site had a cluster of the biggest hay piles I have ever seen. Numerous pika calls heard outside of plot. Sensor placed by large rock 3m west of cairn.","PIKA-17 8/13/2018 11:40",NaN,NaN,NaN,NaN
"NWT","2018-08-06","PIKA-019",448673,4433691,NaN,"Ashley Whipple",NaN,"12:36","13:10","12:43","13:02",50,5,30,10,5,0,"N","Y","Y","Y","N","N","N","N","Chipmunk","N","N","N","N","N","N",2,2,16.7,NaN,"NWT-57",448665,4433697,"plot019.sensor",1,1.5,1,2,2,0,"Temp sensor placed 12m west of center","PIKA-19 8/6/2018 12:43",NaN,NaN,NaN,NaN
"NWT","2018-08-06","PIKA-019",448674,4433689,NaN,"Henry Brandes","Evan Romasco-Kelly","13:07","13:50","13:13","13:42",30,20,30,10,10,0,"N","N","Y","Y","N","N","N","N","Chipmunk","N","N","N","N","N","N",1,1,21.1,NaN,"NWT-57",448665,4433697,"plot019.sensor",1,2.5,0.75,3,2,0,"Double survey. Placed sensor 12m west of center of plot","PIKA-19 8/6/2018 13:13",NaN,NaN,NaN,NaN
"NWT","2018-08-08","PIKA-022",445879,4433221,NaN,"Henry Brandes",NaN,"12:00","13:13","12:25","12:45",100,0,0,0,0,0,"N","N","N","N","N","N","N","N","N","N","N","Y","N","N","N",2,1,15.6,NaN,"NWT-68",445880,4433219,"plot022.sensor",1,2.5,1.5,4,1,100,"Moss under larger thalus in deep crevices, lots of 0.5 M size talus that is loose","PIKA-22 8/8/2018 12:25",NaN,NaN,NaN,NaN
"NWT","2018-08-08","PIKA-022",445879,4433221,NaN,"Evan Romasco-Kelly",NaN,"12:00","13:13","12:46","13:06",98,2,0,0,0,0,"N","N","N","N","N","N","N","N","N","N","N","Y","N","N","N",2,1,15.6,NaN,"NWT-68",445880,4433219,"plot022.sensor",1,2.5,1.5,3,1,250,"Lots of pika calls around plot, none within plot. Sensor placed 2-3 m S/SE of cairn","PIKA-22 8/8/2018 12:46",NaN,NaN,NaN,NaN
"NWT","2018-08-14","PIKA-023",448615,4433399,NaN,"Micheli Oliver","Anna Wright","10:10","10:37","10:15","10:35",85,0,0,0,15,0,"N","N","N","N","N","N","N","N","N","N","N","N","Y","Y","Y",2,1,20.6,NaN,"NWT-45",448615,4433399,"plot011.sensor",1,4,3,4,1,0,NaN,"PIKA-23 8/14/2018 10:15",NaN,NaN,NaN,NaN
"NWT","2018-08-14","PIKA-023",448615,4433397,NaN,"Evan Romasco-Kelly",NaN,"10:43","11:25","10:53","11:19",87,0,1,1,11,0,"N","N","Y","N","N","N","N","N","Bird","N","N","N","Y","Y","Y",2,1,20,NaN,"NWT-45",NaN,NaN,NaN,1,4,2,4,1,0,NaN,"PIKA-23 8/14/2018 10:53",NaN,NaN,NaN,NaN
"NWT","2018-08-07","PIKA-024",448704,4434072,NaN,"Ashley Whipple","Evan Romasco-Kelly","12:20","12:50","12:27","12:47",40,5,15,20,20,0,"Y","N","N","N","N","N","N","N","Bird","N","N","N","N","N","N",2,1,18.3,NaN,"NWT-70",448700,4434071,"plot024.sensor",2,3,1,3,2,0,"Urine spots found","PIKA-24 8/7/2018 12:27",NaN,NaN,NaN,NaN
"NWT","2018-08-09","PIKA-026",448622,4434963,NaN,"Henry Brandes","Evan Romasco-Kelly","09:48","10:40","10:02","10:30",50,3,12,35,0,0,"N","N","Y","Y","N","N","N","N","N","N","N","N","N","N","N",1,1,20,"R","NWT-43",448625,4434961,"plot026.sensor",2,3,1.5,3,1,0,"Numerous PCs heard outside of plot, looks like water runs under plot in early spring- currently dry ","PIKA-26 8/9/2018 10:02",NaN,NaN,NaN,NaN
"NWT","2018-08-06","PIKA-027",447900,4433519,NaN,"Anna Wright","Micheli Oliver","09:31","09:55","09:37","09:50",15,0,70,0,15,0,"N","N","Y","N","N","N","N","N","Bird","N","N","N","N","N","N",2,1,NaN,"OH","NWT-67",NaN,NaN,NaN,2,NaN,NaN,NaN,3,0,"Sensor ID determined in 2020","PIKA-27 8/6/2018 9:37",NaN,NaN,NaN,NaN
"NWT","2018-08-13","PIKA-029",445936,4434630,NaN,"Micheli Oliver","Anna Wright","11:20","11:48","11:25","11:45",80,10,0,10,0,0,"N","Y","Y","N","N","N","N","N","Bird","N","N","Y","Y","Y","Y",1,1,19.4,"XJ","NWT-48",445946,4434627,"plot029.sensor",2,10,9,4,3,0,NaN,"PIKA-29 8/13/2018 11:25",NaN,NaN,NaN,NaN
"NWT","2018-08-07","PIKA-030",447684,4434719,NaN,"Anna Wright","Micheli Oliver","09:32","09:55","09:37","09:46",85,0,10,5,0,0,"N","N","Y","Y","N","N","N","N","N","N","N","N","N","N","N",2,1,NaN,"OL","NWT-15",NaN,NaN,"plot030.sensor",2,3,2,4,2,0,NaN,"PIKA-30 8/7/2018 9:37",NaN,NaN,NaN,NaN
"NWT","2018-08-06","PIKA-031",448176,4433573,NaN,"Anna Wright","Micheli Oliver","10:07","10:28","10:12","10:24",40,10,15,15,20,0,"Y","Y","N","Y","N","N","N","N","Elk tracks","N","N","N","Y","N","N",NaN,NaN,NaN,"OA","NWT-52",NaN,NaN,NaN,1,3.5,3,2,1,0,NaN,"PIKA-31 8/6/2018 10:12",NaN,NaN,NaN,NaN
"NWT","2018-08-09","PIKA-032",449591,4435381,NaN,"Ashley Whipple",NaN,"09:24","10:00","09:36","09:56",20,40,5,10,0,25,"Y","Y","N","N","N","N","N","N","N","N","N","N","N","N","N",2,1,18.3,"AA","NWT-2",449590,4435385,"plot032.sensor",1,1,0.5,1,2,0,"3 urine stains found. If accessing from Niwot Ridge, skirt the talus slope along eastern edge to site. Talus above site unstable.","PIKA-32 8/9/2018 9:36",NaN,NaN,NaN,NaN
"NWT","2018-08-08","PIKA-033",446194,4433496,NaN,"Henry Brandes","Evan Romasco-Kelly","13:36","14:04","13:41","14:01",95,3,0,2,0,0,"N","N","N","N","N","N","N","N","Bird","N","N","Y","N","N","N",2,1,18.3,"OR","NWT-17",446194,4433496,"plot033.sensor",3,2,1,4,2,0,"Lots of pika calls just outside plot. Several pika seen outside of plot to the north. Very little forage in plot","PIKA-33 8/8/2018 13:41",NaN,NaN,NaN,NaN
"NWT","2018-08-13","PIKA-034",446140,4434954,NaN,"Anna Wright","Micheli Oliver","10:28","10:55","10:33","10:53",85,0,10,5,0,0,"N","N","N","Y","N","N","N","N","N","N","N","N","Y","N","N",1,1,21.1,"AL","NWT-47",446138,4434944,"plot034.sensor",2,4,3,3,2,0,"No cairn, but we made a new one directly by the temperature sensor","PIKA-34 8/13/2018 10:33",NaN,NaN,NaN,NaN
"NWT","2018-08-06","PIKA-035",449123,4433474,NaN,"Anna Wright","Micheli Oliver","11:56",NaN,"12:07","12:10",40,4,15,21,0,20,"N","N","N","N","N","N","N","N","Elk scat","N","N","Y","Y","N","N",2,1,NaN,"OM","NWT-7",NaN,NaN,NaN,1,2,1,4,1,0,NaN,"PIKA-35 8/6/2018 12:07",NaN,NaN,NaN,NaN
"NWT","2018-08-09","PIKA-036",449054,4435131,NaN,"Micheli Oliver","Anna Wright","09:37","10:05","09:43","10:03",85,7.5,0,7.5,0,0,"N","N","N","N","N","N","N","N","N","N","N","N","N","N","N",2,1,20,"XD","NWT-3",449054,4435131,"plot036.sensor",1,2,1,1,3,0,"Very consistent pika calls from all around","PIKA-36 8/9/2018 9:43",NaN,NaN,NaN,NaN
"NWT","2018-08-08","PIKA-038",445517,4433439,NaN,"Evan Romasco-Kelly","Henry Brandes","11:12","11:45","11:17","11:37",95,5,0,0,0,0,"N","N","N","N","N","N","N","N","bird","N","N",NaN,NaN,NaN,NaN,2,1,18.3,"OX","NWT-12",445515,4433438,"plot038.sensor",1,3,1.5,4,2,NaN,"Moss on rocks in darker areas, Arikaree glavier melt pond located about 150 m N of plot","PIKA-38 8/8/2018 11:17",NaN,NaN,NaN,NaN
"NWT","2018-08-09","PIKA-040",448784,4434656,NaN,"Henry Brandes","Evan Romasco-Kelly","12:41","13:15","12:46","13:06",45,0,12,12,30,1,"N","N","Y","N","N","N","N","N","N","N","N",NaN,NaN,NaN,NaN,2,1,18.3,"OB","NWT-69",448784,4434655,"plot040.sensor",2,2,1,3,2,0,"Bone found in plot (not pika, maybe hare/rabbit), placed NWT-69 in even year- its an every year sensor but didn't have another, pika calls far outside of plot","PIKA-40 8/9/2018 12:46",NaN,NaN,NaN,NaN
"NWT","2018-08-07","PIKA-042",448117,4434842,NaN,"Micheli Oliver","Anna Wright","11:03","11:24","11:08","11:20",20,0,50,30,0,0,"N","N","N","N","N","N","N","N","N","N","N","N","N","N","N",2,1,NaN,"OT","NWT-16",NaN,NaN,"plot042.sensor",2,4,2,2,2,0,NaN,"PIKA-42 8/7/2018 11:08",NaN,NaN,NaN,NaN
"NWT","2018-08-06","PIKA-043",447618,4433777,NaN,"Henry Brandes","Evan Romasco-Kelly","11:12","11:50","11:20","11:40",15,30,20,5,10,20,"Y","N","Y","Y","N","N","N","N","Bird","N","N","N","N","N","N",1,1,20,"AI","NWT-14",NaN,NaN,"plot043.sensor",2,3.5,1,3,3,0,"Placed new sensor (NWT-14) 4m N-NE of cairn, retrieved sensor AI","PIKA-43 8/6/2018 11:20",NaN,NaN,NaN,NaN
"NWT","2018-08-06","PIKA-073",447174,4433811,NaN,"Henry Brandes","Evan Romasco-Kelly","09:45","10:30","09:52","10:15",40,20,20,16,2,2,"Y","N","Y","Y","N","N","N","N","Bird","N","N","N","N","N","N",1,1,18.3,"OP","NWT-18",NaN,NaN,"plot073.sensor",2,NaN,NaN,1,3,0,"*largest rocks sizes recorded as 3 m (10th largest) and 6 m (largest) but removed from data because of the following note: Largest rocks are embedded bedrock. Found den in plot, most likely marmot. New temp sensor (NWT-18) placed 2m W of cairn","PIKA-73 8/6/2018 9:52",NaN,NaN,NaN,NaN
"NWT","2018-08-08","PIKA-082",446594,4434092,NaN,"Anna Wright","Micheli Oliver","12:34","13:00","12:39","12:59",75,5,20,0,0,0,"N","N","N","N","N","N","Y","N","N","N","N","N","N","N","N",3,1,18.3,"WN","NWT-71",446593,4434095,"plot082.sensor",1,NaN,NaN,NaN,2,NaN,"Found an old sensor but was not a year that we were told to replace, so left it ","PIKA-82 8/8/2018 12:39",NaN,NaN,NaN,NaN
"NWT","2018-08-06","PIKA-083",448833,4433502,NaN,"Micheli Oliver","Anna Wright","11:18","11:40","11:23","11:40",70,0,15,0,10,5,"N","N","Y","N","N","N","N","N","Elk scat","moose scat","N",NaN,NaN,NaN,NaN,2,1,NaN,"Z","NWT-10",NaN,NaN,NaN,1,4,3,NaN,1,0,NaN,"PIKA-83 8/6/2018 11:23",NaN,NaN,NaN,NaN
"NWT","2018-08-07","PIKA-084",449608,4434825,NaN,"Micheli Oliver","Anna Wright","12:36","13:00","12:41","12:50",50,10,40,0,0,0,"N","N","N","N","N","N","N","N","Elk scat","N","N","N","N","N","N",2,1,NaN,"OW","NWT-11",NaN,NaN,"plot084.sensor",1,NaN,NaN,1,1,0,NaN,"PIKA-84 8/7/2018 12:41",NaN,NaN,NaN,NaN
"NWT","2018-08-14","PIKA-087",448726,4433224,NaN,"Micheli Oliver","Anna Wright","09:35","10:03","09:39","10:00",65,1,0,4,17,13,"N","Y","Y","N","N","N","N","N","Bird","N","N","N","Y","Y","N",2,1,20,"AF","NWT-46",448726,4433224,"plot087.sensor",NaN,6,5,4,3,0,NaN,"PIKA-87 8/14/2018 9:39",NaN,NaN,NaN,NaN
"NWT","2018-08-09","PIKA-088",448992,4434768,NaN,"Micheli Oliver","Anna Wright","10:50","11:18","10:56","11:16",15,10,2.5,5,20,37.5,"N","N","N","N","N","N","N","N","N","N","N","N","N","N","N",2,1,23.3,"U","NWT-6",448989,4434767,"plot088.sensor",2,1,0.75,1,3,0,"Could not find old temp sensor","PIKA-88 8/9/2018 10:56",NaN,NaN,NaN,NaN
"NWT","2018-08-06","PIKA-095",448247,4433450,NaN,"Anna Wright","Micheli Oliver","10:36","10:56",NaN,NaN,30,35,0,5,10,20,"N","N","N","N","N","N","N","N","N","N","N","N","N","N","N",1,1,NaN,"AG","NWT-64",NaN,NaN,NaN,1,10,9,NaN,2,0,NaN,"PIKA-95 8/6/2018 NA",NaN,NaN,NaN,NaN
"NWT","2018-08-08","PIKA-097",446356,4433681,NaN,"Anna Wright",NaN,"10:45","11:14","10:51","11:10",90,5,5,0,0,0,"N","Y","N","N","N","N","N","N","N","N","N","Y","Y","Y","Y",2,1,19.4,NaN,"NWT-54",446356,4433681,"plot097.sensor",2,4.5,4,3,1,0,"Rocks very loose on rock glacier, made it very hard to search whole area; lots of pika running around below rock glacier outside of plot, saw old urine stains but no scat. Forage in plot consisted of small grasses","PIKA-97 8/8/2018 10:51",NaN,NaN,NaN,NaN
"NWT","2018-08-08","PIKA-097",446356,4433681,NaN,"Micheli Oliver",NaN,"11:41","12:08","11:46","12:06",85,5,10,0,0,0,"N","N","N","N","N","N","N","N","N","N","N",NaN,NaN,NaN,NaN,3,1,19.4,NaN,"NWT-54",446356,4433681,NaN,3,5,4,3,2,0,"Very loose rock and sketchy traverse down- only about 20 m covered on east side","PIKA-97 8/8/2018 11:46",NaN,NaN,NaN,NaN
"NWT","2018-08-13","PIKA-109",446887,4435216,"plot109.center","Henry Brandes","Evan Romasco-Kelly","12:55","13:30","13:00","13:20",25,0,7.5,25,25,7.5,"N","N","N","N","N","N","N","N","N","N","N","N","N","Y","N",1,1,21.1,"OE","NWT-08",446887,4435216,"plot109.sensor",2,2,0.75,2,1,0,"Moose and baby seen in vicinity of site on approach. Relatively little rock (i.e. little pika habitat). Also, Henry took a picture of an unidentified turd.","PIKA-109 8/13/2018 13:00",NaN,NaN,NaN,NaN
"NWT","2018-08-09","PIKA-116",449176,4434967,NaN,"Micheli Oliver","Anna Wright","10:16","10:45","10:22","10:42",60,10,15,15,0,0,"N","N","N","N","N","N","N","N","N","N","N","N","N","N","N",2,1,21.1,"S","NWT-13",449176,4434967,"plot116.sensor",1,1.5,0.75,1,3,0,"Some pika sightings and calls; may have been same pika; sensor ID determined by process of elimination","PIKA-116 8/9/2018 10:22",NaN,NaN,NaN,NaN
"NWT","2018-08-08","PIKA-117",446789,4433970,NaN,"Micheli Oliver",NaN,"13:11","13:38","13:17","13:37",25,3,30,25,10,7,"N","N","N","N","N","N","N","N","N","N","N",NaN,NaN,NaN,NaN,3,1,18.3,"XA","NWT-4",NaN,NaN,NaN,2,15,2,1,3,0,"Pika were making very consistant calls east of the plot at farther distances","PIKA-117 8/8/2018 13:17",NaN,NaN,NaN,NaN
"NWT","2018-08-08","PIKA-117",446789,4433970,NaN,"Anna Wright",NaN,"13:40","13:58","13:45","13:55",50,2,23,20,3,2,"N","Y","N","Y","N","N","N","N","N","N","N","N","Y","Y","N",3,1,20,"XA","NWT-4",446789,4433972,NaN,1,1.5,0.75,2,1,0,"Accidentally retrieved sensor- even though sheet said not to, we saw a sensor there and accidentally pulled it also. ","PIKA-117 8/8/2018 13:45",NaN,NaN,NaN,NaN
"NWT","2018-08-07","PIKA-140",449585,4434542,NaN,"Anna Wright","Micheli Oliver","13:12","13:36","13:20","13:34",50,5,30,15,0,0,"N","N","N","Y","N","N","N","N","N","N","N",NaN,NaN,NaN,NaN,2,1,NaN,NaN,"NWT-66",NaN,NaN,"plot140.sensor",1,0.75,0.5,1,1,0,NaN,"PIKA-140 8/7/2018 13:20",NaN,NaN,NaN,NaN
"NWT","2018-08-07","PIKA-186",447933,4434098,NaN,"Ashley Whipple","Evan Romasco-Kelly","10:12","10:57","10:20","10:40",50,8,21,20,1,0,"N","N","N","N","N","N","N","N","Bird","N","N","N","N","N","N",1,1,16.7,NaN,"NWT-5",447934,4434097,"plot186.sensor",2,2,1,3,3,0,"multiple urine spots seen, may have had pika a long time ago. Poop found that contained pebbles, may be marmot. Unable to find 2016 temp sensor","PIKA-186 8/7/2018 10:20",NaN,NaN,NaN,NaN
"NWT","2018-08-06","PIKA-195",448835,4433808,NaN,"Ashley Whipple",NaN,"11:41","12:28","11:48","12:10",20,20,30,20,0,0,"N","N","Y","Y","N","N","N","N","N","N","N","N","N","N","N",2,2,15.6,NaN,"TBD",448828,4433807,"plot195.sensor",2,1,0.5,1,3,0,"mostly embedded rocks or rocks with very shallow spaces","PIKA-195 8/6/2018 11:48",NaN,NaN,NaN,NaN
"NWT","2019-08-12","PIKA-001",446601,4435753,NaN,"Tyler Lampard","Henry Brandes","13:15","14:00","13:30","13:50",30,20,20,10,10,10,"N","N","Y","N","N","N","Y","N","N","N","N","N","Y","Y","Y",1,2,21.1,"NWT-50","NWT-50",446832,4435361,NaN,1,1,0.25,1,1,0,NaN,"PIKA-001 2019-08-12 13:30",NaN,NaN,NaN,NaN
"NWT","2019-08-12","PIKA-001",446834,4435348,NaN,"Austin Willbern",NaN,"13:37",NaN,"13:40","14:00",30,30,10,25,5,0,"N","N","Y","N","N","N","N","N","N","N","N","N","Y","Y","Y",1,2,18.3,"NWT-50","NWT-50",NaN,NaN,NaN,1,1.5,1,2,1,0,"Double survey","PIKA-001 2019-08-12 13:40",NaN,NaN,NaN,NaN
"NWT","2019-08-13","PIKA-002",446897,4434090,NaN,"Kenya Gates",NaN,"10:10",NaN,"10:17","10:37",45,5,15,10,25,0,"N","N","N","N","N","N","N","N","N","N","N","Y","Y","Y","Y",1,3,15.6,"Not found",NaN,NaN,NaN,NaN,2,2.5,1,3,2,0,"Sensor not found (was NWT-65)","PIKA-002 2019-08-13 10:17",NaN,NaN,NaN,NaN
"NWT","2019-08-06","PIKA-002",446893,4434097,NaN,"Ashley Whipple","Tyler Lampard","14:00","14:30","14:05","14:25",29,1,30,20,20,0,"N","N","N","N","N","N","N","N","N","N","N","Y","Y","Y","N",3,2,23.9,"Not found",NaN,NaN,NaN,NaN,2,1.75,1,1,2,0,"Double survey","PIKA-002 2019-08-06 14:05",NaN,NaN,NaN,NaN
"NWT","2019-08-07","PIKA-003",448108,4434559,NaN,"Kenya Gates",NaN,"10:10","10:42","10:18","10:38",30,15,25,30,0,0,"N","N","N","N","N","N","N","N","N","N","N","N","N","N","N",2,2,18.3,"NWT-58","NWT-58",NaN,NaN,NaN,1,0.5,0.25,2,1,0,"Double survey","PIKA-003 2019-08-07 10:18",NaN,NaN,NaN,NaN
"NWT","2019-08-07","PIKA-003",448107,4434559,NaN,"Austin Willbern",NaN,"09:30","10:45","09:35","09:55",30,5,25,40,0,0,"N","N","N","N","N","N","N","N","N","N","N","N","N","N","N",2,2,18.3,"NWT-58","NWT-58",448107,4434557,NaN,2,1.5,0.5,1,2,0,"Sensor ID was not recorded during service (copied here from 2018 data); Sensor light was not blinking until after replacing battery and downloading data; Collection of macaroni shaped scat (woodrat or ptarmigan?) found ~12m from plot center","PIKA-003 2019-08-07 9:35",NaN,NaN,NaN,NaN
"NWT","2019-08-07","PIKA-004",449397,4435210,NaN,"Ashley Whipple","Tyler Lampard","10:01","10:40","10:07","10:27",90,10,0,0,0,0,"N","N","Y","N","N","N","N","N","N","N","N","N","N","N","N",2,1,18.3,"NWT-51","NWT-51",449397,4435210,NaN,1,1.5,1,3,1,25,"Photos from previous year okay; new photos not taken","PIKA-004 2019-08-07 10:07",NaN,NaN,NaN,NaN
"NWT","2019-08-13","PIKA-005",446479,4434039,"plot005.center","Austin Willbern",NaN,"10:11",NaN,"10:35","10:55",70,10,15,5,0,0,"N","N","Y","N","N","N","N","N","N","N","N","Y","N","N","Y",1,3,18.3,"Not found",NaN,NaN,NaN,NaN,1,3,2,4,2,0,"Double survey; Sensor not found (was NWT-63)","PIKA-005 2019-08-13 10:35",NaN,NaN,NaN,NaN
"NWT","2019-08-06","PIKA-005",446499,4434039,"plot005.center","Ashley Whipple","Tyler Lampard","11:30","12:25","11:38","11:55",60,10,13,17,0,0,"Y","N","Y","Y","N","N","N","N","N","N","N","Y","N","N","N",2,1,21.1,"Not found",NaN,NaN,NaN,NaN,2,10,2,4,1,0,"Sensor not found; Rock cairn rebuilt and new photos taken","PIKA-005 2019-08-06 11:38",NaN,NaN,NaN,NaN
"NWT","2019-08-12","PIKA-006",446373,4434945,NaN,"Ashley Whipple",NaN,"11:29","12:15","11:34","11:49",50,15,10,20,5,0,"N","N","N","N","N","N","N","N","N","N","N","N","N","Y","N",1,3,18.3,"NWT-61","NWT-61",446379,4434938,"plot006.sensor",2,3,1.5,1,3,0,NaN,"PIKA-006 2019-08-12 11:34",NaN,NaN,NaN,NaN
"NWT","2019-08-08","PIKA-007",449569,4432981,NaN,"Tyler Lampard",NaN,"11:30","12:35","11:43","12:03",50,10,10,10,10,10,"N","N","N","N","N","N","Y","N","N","N","N","N","Y","N","N",3,1,15.6,"NWT-60","NWT-60",449563,4432968,"plot007.sensor",2,1.5,0.5,2,3,0,"Sensor serviced but ID not recorded (both this year and previously); sensor ID determined in 2020","PIKA-007 2019-08-08 11:43",NaN,NaN,NaN,NaN
"NWT","2019-08-08","PIKA-007",449569,4432981,NaN,"Ashley Whipple",NaN,"11:30","12:35","12:03","12:23",60,5,10,15,0,10,"N","N","N","N","N","N","N","N","N","N","N","N","N","N","N",3,1,18.3,"NWT-60","NWT-60",NaN,NaN,"plot007.sensor",2,NaN,NaN,2,3,NaN,"Double survey; sensor ID determined in 2020","PIKA-007 2019-08-08 12:03",NaN,NaN,NaN,NaN
"NWT","2019-08-05","PIKA-008",448793,4434775,"plot008.center","Ashley Whipple",NaN,"10:45","11:30","10:50","11:10",30,15,25,5,5,10,"N","N","N","N","N","N","N","N","N","N","N","N","N","Y","N",1,2,15.6,"NWT-72","NWT-72",448792,4434768,NaN,1,2,1.25,2,1,0,"Cairn rebuilt","PIKA-008 2019-08-05 10:50",NaN,NaN,NaN,NaN
"NWT","2019-08-13","PIKA-009",447127,4433868,NaN,"Henry Brandes",NaN,"11:58","12:28","12:03","12:23",40,25,15,15,5,0,"N","N","Y","Y","N","N","N","N","N","N","N","N","Y","Y","N",1,3,18.3,"NWT-53","NWT-53",447006,4433862,"plot009.sensor",3,5,2,4,3,0,NaN,"PIKA-009 2019-08-13 12:30",NaN,NaN,NaN,NaN
"NWT","2019-08-12","PIKA-010",448012,4435265,NaN,"Austin Willbern","Kenya Gates","08:55",NaN,"09:03","09:23",65,8,5,40,0,3,"N","N","N","N","N","N","N","N","N","N","N","Y","Y","Y","N",1,1,NaN,"NWT-55","NWT-55",448013,4435264,NaN,1,2,1,2,1,0,NaN,"PIKA-010 2019-08-12 9:03",NaN,NaN,NaN,NaN
"NWT","2019-08-14","PIKA-011",448343,4432952,"plot011.center","Ashley Whipple",NaN,"10:18",NaN,"10:23","10:43",40,10,30,15,5,0,"N","N","N","N","N","N","N","N","mouse poop","lots of moose poop","N","Y","Y","Y","Y",1,1,21.1,"NWT-59","NWT-48",448340,4432954,"plot011.sensor",2,2.5,1.25,1,1,0,"Sensor NWT-59 was waterlogged (?) and replaced with NWT-48; Sensor was also moved to 0448334E, 4432955N and new photos were taken","PIKA-011 2019-08-14 10:23",NaN,NaN,NaN,NaN
"NWT","2019-08-14","PIKA-011",448345,4432954,"plot011.center","Henry Brandes",NaN,"10:38","11:20","10:50","11:10",60,10,15,15,0,0,"N","N","N","N","N","N","N","N","N","N","N","Y","Y","Y","N",1,1,21.1,"NWT-59","NWT-48",NaN,NaN,"plot011.sensor",2,NaN,0.5,2,1,0,"Double survey; Temp sensor location moved to drier spot; NWT-59 (failed to download) replaced with NWT-48; Lots of pika calls E of plot; Snow downslope inside plot; Moose poop in plot; Mouse poop?","PIKA-011 2019-08-14 10:50",NaN,NaN,NaN,NaN
"NWT","2019-08-05","PIKA-014",447734,4434240,NaN,"Kenya Gates","Austin Willbern","11:51","12:42","12:17","12:37",35,10,30,20,5,0,"N","N","Y","N","N","N","N","N","N","N","N","Y","N","Y","N",2,1,18.3,"NWT-49","NWT-49",447737,4434240,NaN,1,2,0.5,3,2,0,"Sensor data downloaded but battery not replaced","PIKA-014 2019-08-05 12:17",NaN,NaN,NaN,NaN
"NWT","2019-08-07","PIKA-015",448131,4434006,NaN,"Kenya Gates","Austin Willbern","11:40","12:22","11:45","12:15",30,15,35,30,5,0,"N","N","Y","Y","N","N","N","Y","N","N","N","N","N","N","N",2,2,18.3,"NWT-62","NWT-62",448132,4434008,NaN,2,2.5,1.5,3,NaN,0,"No pika sign detected","PIKA-015 2019-08-07 11:45",NaN,NaN,NaN,NaN
"NWT","2019-08-14","PIKA-016",450198,4433317,NaN,"Ashley Whipple","Henry Brandes","12:42","13:15","12:50","13:10",30,20,10,8,30,2,"N","N","N","N","N","N","N","N","N","N","N","N","N","N","N",1,1,23.9,"NWT-9","TBD",450201,4433305,NaN,1,2,1,1,1,0,"Sensor NWT-9 removed from plot (failed to download); Ptarmagin poop found in plot; Urine stains found on rocks in plot","PIKA-016 2019-08-14 12:50",NaN,NaN,NaN,NaN
"NWT","2019-08-12","PIKA-017",446411,4435528,NaN,"Henry Brandes","Tyler Lampard","12:10",NaN,"12:18","12:32",65,10,18,4,3,0,"N","N","Y","N","N","N","N","N","Bird","N","N","Y","Y","N","N",1,1,21.1,"NWT-56","NWT-56",446406,4435528,NaN,2,3,1,3,1,0,"S. facing slope aspect, some snow bed still left downslope, wind gusting 10-15mph, lots of PC outside plot to the E 20 + m ","PIKA-017 2019-08-12 12:18",NaN,NaN,NaN,NaN
"NWT","2019-08-12","PIKA-017",446412,4435549,NaN,"Ashley Whipple",NaN,"13:01","13:20","13:01","13:14",45,15,10,20,10,0,"Y","N","N","N","N","N","N","N","N","N","N","Y","Y","N","N",1,2,18.3,"NWT-56","NWT-56",NaN,NaN,NaN,2,3,1.5,1,1,0,"Double survey","PIKA-017 2019-08-12 13:01",NaN,NaN,NaN,NaN
"NWT","2019-08-08","PIKA-019",448673,4433691,NaN,"Austin Willbern",NaN,"10:49",NaN,"10:56","11:16",65,15,15,5,3,0,"Y","N","Y","Y","N","N","N","N","N","N","N","N","N","N","N",4,1,18.3,"Not found",NaN,NaN,NaN,NaN,2,1.5,0.5,1,2,0,"Double survey; Sensor not found (was NWT-57)","PIKA-019 2019-08-08 10:56",NaN,NaN,NaN,NaN
"NWT","2019-08-08","PIKA-019",448673,4433691,NaN,"Kenya Gates",NaN,"09:25","10:10","09:42","10:02",25,25,15,20,15,0,"Y","N","N","N","N","N","N","N","N","N","N","N","N","N","N",3,1,15.6,"Not found",NaN,NaN,NaN,NaN,1,2,0.75,2,1,0,"Two cairns were found in close proximity, cairn closest to GPS coord. was used","PIKA-019 2019-08-08 9:42",NaN,NaN,NaN,NaN
"NWT","2019-08-06","PIKA-022",445426,4432645,NaN,"Kenya Gates","Austin Willbern","10:25","10:50","10:35","10:45",100,3,0,0,0,0,"N","N","N","N","N","N","N","N","N","N","N","Y","N","N","Y",1,1,18.3,"NWT-68","NWT-68",445880,4433217,NaN,1,1.5,0.5,1,1,100,"Weasel ran within 20m of plot; active pikas within 50m of plot (lots of PC)","PIKA-022 2019-08-06 10:35",NaN,NaN,NaN,NaN
"NWT","2019-08-08","PIKA-023",448614,4433399,NaN,"Austin Willbern",NaN,"09:53",NaN,"10:03","10:23",85,5,0,3,15,0,"N","N","Y","N","N","N","N","N","N","N","N","Y","Y","Y","N",3,1,18.3,"NWT-45","NWT-45",448614,4433400,NaN,2,2.5,1,3,1,20,NaN,"PIKA-023 2019-08-08 10:03",NaN,NaN,NaN,NaN
"NWT","2019-08-08","PIKA-023",448615,4433398,NaN,"Kenya Gates",NaN,"11:10",NaN,"11:15","11:35",80,3,3,3,15,3,"N","N","N","N","N","N","N","N","N","N","N","Y","Y","Y","Y",4,1,15.6,"NWT-45","NWT-45",NaN,NaN,NaN,1,3,1,3,1,0,"Double survey","PIKA-023 2019-08-08 11:15",NaN,NaN,NaN,NaN
"NWT","2019-08-07","PIKA-024",448702,4434069,NaN,"Kenya Gates","Austin Willbern","12:55","13:28","13:03","13:23",30,10,25,20,20,0,"N","N","N","N","N","N","N","N","N","N","N","N","N","Y","N",2,1,21.1,"NWT-70","NWT-70",448703,4434069,NaN,2,1.2,0.5,1,2,0,NaN,"PIKA-024 2019-08-07 13:03",NaN,NaN,NaN,NaN
"NWT","2019-08-06","PIKA-049",446581,4433639,NaN,"Austin Willbern","Kenya Gates","13:10","13:45","13:15","13:20",100,3,0,0,0,0,"N","N","N","N","N","N","N","N","N","N","N","Y","Y","N","Y",2,2,18.3,"NWT-26","NWT-26",446581,4433641,NaN,3,1,0.5,2,1,80,"Rebuilt rock cairn near sensor; no pika sign detected","PIKA-049 2019-08-06 13:15",NaN,NaN,NaN,NaN
"NWT","2019-08-12","PIKA-050",446224,4435090,NaN,"Tyler Lampard",NaN,"11:05","11:40","11:10","11:30",45,20,10,15,10,0,"N","N","Y","N","N","N","N","N","N","N","N","Y","Y","Y","N",NaN,2,18.3,"NWT-24","NWT-24",446279,4435030,NaN,1,2.5,1.5,3,1,0,NaN,"PIKA-050 2019-08-12 11:10",NaN,NaN,NaN,NaN
"NWT","2019-08-13","PIKA-053",446677,4433895,NaN,"Austin Willbern","Kenya Gates","11:50",NaN,"12:01","12:21",25,20,20,20,15,0,"Y","Y","N","N","N","N","N","N","N","N","N","N","Y","Y","N",1,3,17.2,"NWT-31","NWT-31",446675,4433894,NaN,2,1.5,0.5,4,2,NaN,NaN,"PIKA-053 2019-08-13 12:01",NaN,NaN,NaN,NaN
"NWT","2019-08-14","PIKA-055",448113,4433394,NaN,"Austin Willbern",NaN,"12:18",NaN,"12:23","12:43",30,20,35,3,15,5,"N","N","Y","N","N","N","N","N","N","N","N","N","N","Y","N",1,3,15.6,"NWT-19","NWT-19",NaN,NaN,NaN,2,1.5,0.5,1,3,0,"Double survey","PIKA-055 2019-08-14 12:23",NaN,NaN,NaN,NaN
"NWT","2019-08-14","PIKA-055",448113,4433394,NaN,"Kenya Gates",NaN,"12:00","13:20","12:55","13:15",30,15,30,5,20,10,"N","N","N","N","N","N","N","N","N","N","N","N","Y","N","N",2,2,15.6,"NWT-19","NWT-19",448113,4433393,NaN,1,1,0.5,2,1,0,"Cairn rebuilt","PIKA-055 2019-08-14 12:55",NaN,NaN,NaN,NaN
"NWT","2019-07-31","PIKA-056",449308,4434289,NaN,"Ashley Whipple","Kenya Gates","11:04","11:41","11:14","11:26",75,12,9,6,0,0,"N","N","Y","Y","N","N","N","N","N","N","N","N","N","N","N",3,2,16.7,"NWT-29","NWT-29",449312,4434286,NaN,1,1,0.5,2,2,0,"Serviced sensor on 8/5/2019 after returning with data shuttle","PIKA-056 2019-07-31 11:14",NaN,NaN,NaN,NaN
"NWT","2019-08-12","PIKA-057",445868,4434771,"plot057.center","Ashley Whipple",NaN,"09:59","10:50","10:05","10:35",30,15,15,25,15,0,"Y","Y","Y","Y","N","N","N","N","N","N","N","N","N","Y","N",1,1,15.6,"NWT-25","NWT-25",445860,4434776,"plot057.sensor",2,4,2,1,2,0,"Decomposing pika (spine, skull + feet still intact)(pics on Ashley's phone). Marmot scat under every large rock. Tail-less marmot seen @ plot center. 10:09-10:20 break from survey to meet other crew to get batteries for HOBO","PIKA-057 2019-08-12 10:05",NaN,NaN,NaN,NaN
"NWT","2019-08-05","PIKA-058",447369,4434426,NaN,"Austin Willbern","Kenya Gates","10:13","10:45","10:20","10:40",50,5,20,25,0,0,"N","N","Y","N","N","N","N","N","N","N","N","N","N","N","N",1,2,15.6,"NWT-23","NWT-73",447374,4434423,NaN,2,2.5,1,2,2,0,"Sensor NWT-23 replaced with NWT-73","PIKA-058 2019-08-05 10:20",NaN,NaN,NaN,NaN
"NWT","2019-08-14","PIKA-059",447786,4433804,NaN,"Kenya Gates","Austin Willbern","10:55",NaN,"11:05","11:25",60,10,20,10,30,0,"N","N","Y","N","N","N","N","N","N","N","N","N","N","Y","N",1,2,NaN,"NWT-33","NWT-33",447787,4433803,NaN,2,1.5,0.5,NaN,3,0,NaN,"PIKA-059 2019-08-14 11:05",NaN,NaN,NaN,NaN
"NWT","2019-08-07","PIKA-060",450090,4434038,"plot060.center","Ashley Whipple","Tyler Lampard","12:50","13:25","12:58","13:18",10,40,20,10,10,10,"Y","Y","N","N","N","N","N","N","Chipmunk","N","N","N","Y","N","N",2,1,26.7,"NWT-28","NWT-28",450090,4434039,NaN,2,0.66,0.5,1,2,0,"Photos from previous year okay; new photos not taken","PIKA-060 2019-08-07 12:58",NaN,NaN,NaN,NaN
"NWT","2019-08-05","PIKA-062",448049,4434111,NaN,"Kenya Gates","Austin Willbern","13:02","13:45","13:20","13:40",35,10,20,20,15,0,"N","N","N","N","N","N","N","N","N","N","N","N","N","Y","N",2,2,18.3,"NWT-22","NWT-22",448046,4434111,NaN,2,1.5,0.5,2,1,0,"Sensor data downloaded quickly (shorter blinking yellow light than normal) and ""Ok"" light was not blinking before data was downloaded ","PIKA-062 2019-08-05 13:20",NaN,NaN,NaN,NaN
"NWT","2019-08-12","PIKA-065",447200,4435447,NaN,"Austin Willbern","Kenya Gates","12:38",NaN,"12:45","13:05",90,8,5,5,0,0,"N","N","Y","N","N","N","N","N","N","N","N","N","Y","Y","Y",1,2,NaN,"Not found",NaN,NaN,NaN,NaN,2,5,2,4,3,20,"Sensor not found (was NWT-34)","PIKA-065 2019-08-12 12:45",NaN,NaN,NaN,NaN
"NWT","2019-08-07","PIKA-068",449448,4435273,NaN,"Ashley Whipple","Tyler Lampard","09:20","09:55","09:25","09:45",100,0,0,0,0,0,"N","N","N","N","N","N","N","N","N","N","N","N","N","N","N",1,1,21.1,"NWT-21","NWT-21",449451,4435228,NaN,3,2.5,1.5,4,3,30,"Photos from previous year okay; new photos not taken","PIKA-068 2019-08-07 9:25",NaN,NaN,NaN,NaN
"NWT","2019-08-06","PIKA-069",446628,4434042,"plot069.center","Ashley Whipple","Tyler Lampard","13:12","13:45","13:18","13:38",40,10,17,18,15,0,"N","N","Y","Y","N","N","N","N","N","N","N","N","N","Y","N",2,1,23.9,"NWT-39","NWT-39",446631,4434039,"plot069.sensor",2,1,0.5,2,2,0,NaN,"PIKA-069 2019-08-06 13:18",NaN,NaN,NaN,NaN
"NWT","2019-08-08","PIKA-071",449275,4432914,NaN,"Tyler Lampard","Ashley Whipple","10:28","11:05","10:38","10:58",NaN,NaN,NaN,NaN,NaN,NaN,"N","N","N","N","N","Y","Y","N","N","N","N","N","Y","Y","Y",3,1,12.8,"NWT-32","NWT-32",449274,4432926,NaN,3,2.5,1.75,2,1,0,NaN,"PIKA-071 2019-08-08 10:38",NaN,NaN,NaN,NaN
"NWT","2019-08-05","PIKA-072",448672,4434818,NaN,"Ashley Whipple","Tyler Lampard","09:34","10:24","09:40","10:00",40,10,25,20,3,3,"N","N","Y","N","N","N","N","N","N","N","N","Y","N","N","N",1,2,14.4,"NWT-27","NWT-27",448672,4434818,NaN,2,2.5,1.5,2,2,0,NaN,"PIKA-072 2019-08-05 9:40",NaN,NaN,NaN,NaN
"NWT","2019-08-12","PIKA-074",448254,4435020,NaN,"Austin Willbern","Kenya Gates","10:20","11:00","10:35","10:55",50,15,20,10,20,5,"Y","N","Y","Y","N","N","N","N","N","N","N","N","N","Y","N",1,1,14.4,"NWT-20","NWT-20",448257,4435016,NaN,NaN,1.5,1,1,NaN,0,NaN,"PIKA-074 2019-08-12 10:35",NaN,NaN,NaN,NaN
"NWT","2019-08-14","PIKA-075",448313,4433005,NaN,"Ashley Whipple","Henry Brandes","09:32","10:12","09:37","09:53",65,10,5,9,1,10,"N","N","N","N","N","N","N","N","Bird","N","N","N","N","Y","N",1,1,21.1,"NWT-35","NWT-35",448313,4433005,NaN,2,4,1.5,3,1,0,"Sensor is right near cairn <1m away","PIKA-075 2019-08-14 9:37",NaN,NaN,NaN,NaN
"NWT","2019-08-07","PIKA-079",448058,4433988,NaN,"Kenya Gates","Austin Willbern","11:00","11:35","11:06","11:26",20,10,35,30,5,0,"N","N","N","N","N","N","N","N","N","N","N","N","N","N","N",2,2,18.3,"NWT-36","NWT-36",448057,4433991,NaN,2,1,0.5,1,2,0,NaN,"PIKA-079 2019-08-07 11:06",NaN,NaN,NaN,NaN
"NWT","2019-08-06","PIKA-082",446592,4434097,NaN,"Ashley Whipple","Tyler Lampard","12:35","13:10","12:40","13:00",35,12,40,10,3,0,"N","N","Y","N","N","N","N","N","N","N","N","Y","N","Y","N",1,1,26.7,"WN & NWT-71","NWT-71",446596,4434096,"plot082.sensor",2,2,1,2,1,0,"Removed sensor WN; NWT-71 had longer download time than some others in 2019 (which were alarmingly short); C Ray verified sensor ID using 2018 data","PIKA-082 2019-08-06 12:40",NaN,NaN,NaN,NaN
"NWT","2019-08-14","PIKA-085",447292,4433395,NaN,"Kenya Gates","Austin Willbern","09:46",NaN,"09:50","10:10",85,15,1,1,0,0,"N","N","N","N","N","N","N","N","N","N","N","N","N","N","Y",1,3,12.8,"NWT-42","NWT-42",447293,4433396,NaN,2,3,0.5,1,1,100,"Cairn not easily visible, new cairn built 4m east of plot center. Plot area composed almost entirely of small, loose scree. Snow present w/in plot ","PIKA-085 2019-08-14 9:50",NaN,NaN,NaN,NaN
"NWT","2019-08-13","PIKA-091",447661,4434036,NaN,"Ashley Whipple","Henry Brandes","13:17","13:55","13:24","13:44",40,20,25,13,2,0,"N","N","Y","Y","N","N","N","N","N","N","N","N","N","N","N",1,2,21.1,"NWT-41","NWT-41",447662,4434016,NaN,2,2,1,1,3,0,"Access from Niwot Ridge to avoid serious scramble up from watershed","PIKA-091 2019-08-13 13:24",NaN,NaN,NaN,NaN
"NWT","2019-08-12","PIKA-097",446367,4433660,NaN,"Ashley Whipple",NaN,"10:38","11:10","10:43","11:03",89,10,0,0,1,0,"Y","N","N","N","N","N","N","N","N","N","N","Y","Y","Y","Y",1,2,15.6,"NWT-54","NWT-54",NaN,NaN,NaN,3,5,2,4,3,40,"Double survey. GPS jumping around, not confident in accuracy","PIKA-097 2019-08-12 10:43",NaN,NaN,NaN,NaN
"NWT","2019-08-06","PIKA-097",446364,4433674,NaN,"Austin Willbern","Kenya Gates","11:52","12:23","11:58","12:18",100,3,0,0,0,0,"N","N","Y","N","N","N","N","N","N","N","N","Y","Y","Y","N",2,2,15.6,"NWT-54","NWT-54",446360,4433683,NaN,3,2.5,1,4,2,50,"Sensor located 2-3m to th (note seems incomplete on data sheet)","PIKA-097 2019-08-06 11:58",NaN,NaN,NaN,NaN
"NWT","2019-08-07","PIKA-100",449072,4435057,NaN,"Tyler Lampard","Ashley Whipple","11:10","11:55","11:15","11:35",20,10,20,15,15,20,"N","N","N","N","N","N","N","N","N","N","N","N","Y","N","N",2,1,23.9,"NWT-40","NWT-40",449072,4435060,NaN,1,0.5,0.25,1,1,0,"New photos were not taken (previous photos sufficient)","PIKA-100 2019-08-07 11:15",NaN,NaN,NaN,NaN
"NWT","2019-08-06","PIKA-102",445574,4433770,NaN,"Ashley Whipple","Tyler Lampard","10:05","10:35","10:10","10:30",83,2,10,5,0,0,"N","N","N","N","N","N","N","N","N","N","N","Y","Y","Y","N",1,1,18.3,"NWT-30","NWT-30",445576,4433768,NaN,2,2.5,1,2,1,0,NaN,"PIKA-102 2019-08-06 10:10",NaN,NaN,NaN,NaN
"NWT","2019-08-13","PIKA-117",446792,4433963,NaN,"Henry Brandes",NaN,"10:02",NaN,"10:12","10:32",40,30,20,4,5,1,"N","N","Y","Y","Y","N","Y","N","Bird","N","N",NaN,NaN,NaN,NaN,1,2,18.3,"NWT-4","NWT-4",NaN,NaN,NaN,2,2,1,NaN,3,0,"Double survey; Many pika calls outside plot at ~100m to north; Marmot or woodrat den here","PIKA-117 2019-08-13 10:12",NaN,NaN,NaN,NaN
"NWT","2019-08-13","PIKA-117",446791,4433970,NaN,"Kenya Gates",NaN,"10:45",NaN,"10:51","11:11",20,20,25,25,10,0,"N","N","N","N","N","N","N","N","N","N","N","N","N","Y","N",1,3,15.6,"NWT-4","NWT-4",446790,4433968,NaN,1,1,0.5,1,1,0,NaN,"PIKA-117 2019-08-13 10:51",NaN,NaN,NaN,NaN
"NWT","2019-08-12","PIKA-121",445676,4434817,NaN,"Henry Brandes","Tyler Lampard","08:50","09:30","09:00","09:20",52,10,30,8,0,0,"N","N","Y","N","N","N","N","N","Fisherman","Bird","N","N","N","Y","Y",1,1,18.3,NaN,"NWT-74",445676,4434817,NaN,1,3,1,3,1,0,"This is a new plot established to replace plot NWT-12 which overlapped NWT-140","PIKA-121 2019-08-12 9:00",NaN,NaN,NaN,NaN
"NWT","2019-08-05","PIKA-140",449569,4434532,NaN,"Ashley Whipple","Tyler Lampard","12:37","13:25","12:43","13:10",40,20,15,20,5,0,"N","N","Y","N","N","N","N","N","N","N","N","N","N","N","N",2,1,23.9,"NWT-66","NWT-66",449581,4434537,"plot140.sensor",2,1,0.5,1,2,0,"Dropped nearby plot NWT-012 because it was redundant with this plot","PIKA-140 2019-08-05 12:43",NaN,NaN,NaN,NaN
"NWT","2019-08-08","PIKA-144",450016,4432850,NaN,"Tyler Lampard","Ashley Whipple","12:55","13:28","13:00","13:20",40,10,20,10,10,10,"N","N","N","N","N","N","N","N","N","N","N","N","N","N","N",3,1,12.8,"NWT-37","NWT-37",450012,4432853,NaN,1,1,0.25,1,1,0,NaN,"PIKA-144 2019-08-08 13:00",NaN,NaN,NaN,NaN
"NWT","2019-08-08","PIKA-151",448806,4433176,NaN,"Tyler Lampard","Ashley Whipple","09:21","09:55","09:27","09:47",37,5,10,8,20,20,"N","N","Y","N","N","N","N","N","N","N","N","N","N","Y","N",3,1,18.3,"NWT-38","NWT-38",448803,4433173,NaN,1,2,1.25,2,2,0,NaN,"PIKA-151 2019-08-08 9:27",NaN,NaN,NaN,NaN
"NWT","2024-08-12","PIKA-001",446830,4435351,"Pika.001.centerContext.1.2024.jpg","RJ Methven","Rachel Billings","11:08","13:51","13:12","11:32",70,5,20,7,0,0,"N","N","N","N","N","N","N","N","",NaN,NaN,"N","Y","Y","Y",2,1,25,"NWT-82","TBD",NaN,NaN,"Pika.001.sensorContext.1.2024.jpg",1,8,5,2,1,30,"","PIKA-001 2024-08-12 11:08 RJ Methven","N",NaN,"N","cb128218-5355-4b0b-abbb-74b19551132d"
"NWT","2024-08-12","PIKA-001",446833,4435346,"Pika.001.centerCloseUp.1.2024.jpg","Rachel Billings","RJ Methven","11:29","11:56","11:35","11:55",50,0,20,20,5,5,"Y","Y","Y","Y","N","N","N","N","Deer scat",NaN,NaN,"Y","Y","Y","N",2,1,21,"NWT-82","TBD",NaN,NaN,"Pika.001.sensorContext.1.2024.jpg",1,5,3,3,1,0,"","PIKA-001 2024-08-12 11:29 Rachel Billings","N",NaN,"N","92563e54-b190-4dfc-9bec-911f28fda6d0"
"NWT","2024-08-13","PIKA-002",446899,4434090,"Pika.002.centerContext.1.2024.jpg","Rachel Billings","","09:34","10:16","09:42","10:04",75,0,10,10,15,0,"N","N","N","N","N","N","N","N","",NaN,NaN,"Y","Y","Y","N",3,2,12,"NWT-84","NWT-9",446896,4434097,"Pika.002.sensorContext.1.2024.jpg",1,5,1,3,2,0,"","PIKA-002 2024-08-13 09:34 Rachel Billings","N",NaN,"N","41468eff-2a54-40d7-8b9f-cfdd81471ff5"
"NWT","2024-08-05","PIKA-003",448107,4434559,"Pika.003.centerCloseUp.1.2024.jpg","Kelsey Beyerly","Max Van Lanen","11:29","12:59","12:26","12:46",50,0,25,25,0,0,"N","N","N","N","N","N","N","N","",NaN,NaN,"N","N","N","N",2,2,16,"NWT-91","TBD",NaN,NaN,"Pika.003.sensorContext.1.2024.jpg",1,2,1,1,2,0,"the sensor retrieved here in 2024 (H-91) was taped on the RH end, so the tape might have collected water drops that could interfere with the membrane covering the RH sensor","PIKA-003 2024-08-05 11:29 Kelsey Beyerly","N",NaN,"N","ab0de4d5-d311-46e4-9431-9e901496fe9a"
"NWT","2024-08-05","PIKA-003",448107,4434559,"Pika.003.centerContext.1.2024.jpg","Kelsey Beyerly","Max Van Lanen","12:29","13:05","12:45","13:05",50,0,25,25,0,0,"N","N","N","N","N","N","N","N","",NaN,NaN,"N","N","N","N",2,1,18,"NWT-91","TBD",NaN,NaN,"Pika.003.sensorContext.1.2024.jpg",1,2,1,1,2,0,"the sensor retrieved here in 2024 (H-91) was taped on the RH end, so the tape might have collected water drops that could interfere with the membrane covering the RH sensor","PIKA-003 2024-08-05 12:29 Kelsey Beyerly","N",NaN,"N","ba19cd6d-d6ba-4868-9292-06d45fa73427"
"NWT","2024-08-12","PIKA-004",449382,4435252,"Pika.004.centerContext.1.2024.jpg","Airy Peralta","Hillary Rinsland","11:19","11:59","11:31","11:51",100,0,0,0,0,0,"N","N","N","N","N","N","N","N","",NaN,NaN,"N","N","N","N",1,1,29,"NWT-81&NWT-60","NWT-96",449382,4435251,"Pika.004.sensorContext.1.2024.jpg",1,3,1.5,3,2,1,"NWT-81 was inside the plot at the edge; it was located within a pika territory with fresh poo and scat, apparently in a better location than the official sensor (NWT-60)","PIKA-004 2024-08-12 11:19 Airy Peralta","N",NaN,"N","01a26ae7-97cb-4711-b938-709a3704fc01"
"NWT","2024-08-06","PIKA-005",446482,4434033,"Pika.005.centerContext.1.2024.jpg","Max Van Lanen","Kelsey Beyerly","14:07","14:45","14:22","14:42",85,0,14,1,0,0,"N","N","Y","N","N","N","N","N","",NaN,NaN,"Y","N","N","Y",2,1,18,"NWT-83","H-31",446481,4434038,"Pika.005.sensorContext.1.2024.jpg",1,6,3,2,1,0,"","PIKA-005 2024-08-06 14:07 Max Van Lanen","N",NaN,"N","db4a03c5-48bd-43c4-9a42-ac781ebd9c15"
"NWT","2024-08-20","PIKA-006",446375,4434944,"Pika.006.centerContext.1.2024.jpg","Rachel Billings","","13:04","13:37","13:11","13:31",70,0,25,5,2,0,"N","N","N","N","N","N","N","N","",NaN,NaN,"Y","Y","Y","N",2,1,20,"PM","NWT-67",446373,4434950,"Pika.006.sensorContext.1.2024.jpg",2,5,3,3,3,0,"","PIKA-006 2024-08-20 13:04 Rachel Billings","N",NaN,"N","58446cae-038f-4e09-9e1a-6f2896a6f12d"
"NWT","2024-08-08","PIKA-007",449560,4432979,"Pika.007.centerContext.1.2024.jpg","Rachel Billings","RJ Methven","14:25","14:58","14:32","14:53",80,0,10,0,5,5,"N","N","N","N","N","N","N","N","Chipmunk",NaN,NaN,"N","N","N","N",3,1,21,"NWT-22","H-03",449563,4432976,"Pika.007.sensorContext.1.2024.jpg",1,3,0.75,2,3,0,"the sensor placed here in 2024 (H-03) was taped on the RH end, so the tape might collect water drops that could interfere with the membrane covering the RH sensor","PIKA-007 2024-08-08 14:25 Rachel Billings","N",NaN,"N","819b43bd-e357-4cbe-b3a1-31e3378262c0"
"NWT","2024-08-07","PIKA-008",448790,4434779,NaN,"Rachel Billings","RJ Methven","12:06","12:46","12:13","12:35",50,0,30,5,50,20,"N","N","N","N","N","N","N","N","Chipmunk",NaN,NaN,"N","N","Y","N",2,1,20,"NWT-61","TBD",NaN,NaN,"",1,6,4,4,3,0,"Insufficient notes about the sensor search; all I see is ""yes"" in response to the sensor-retrieved prompt; I found the sensor ID by looking at the previously placed sensor (NWT-61) and I downloaded good data from 2023-2024 from NWT-61 in 2024, so I'm sure it was found here","PIKA-008 2024-08-07 12:06 Rachel Billings","N",NaN,"N","26b761ee-25c4-4494-8f5b-99085cb5d68c"
"NWT","2024-08-07","PIKA-008",448791,4434778,NaN,"Rachel Billings","RJ Methven","12:51","13:22","12:57","13:17",45,10,30,5,15,15,"N","N","N","N","N","N","N","N","",NaN,NaN,"N","N","Y","N",2,1,20,"NWT-61","TBD",NaN,NaN,"",1,7,4,4,3,0,"Insufficient notes about the sensor search; all I see is ""no"" in response to the sensor-retrieved prompt; I found the sensor ID by looking at the previously placed sensor (NWT-61) and I downloaded good data from 2023-2024 from NWT-61 in 2024, so I'm sure it was found here","PIKA-008 2024-08-07 12:51 Rachel Billings","N",NaN,"N","a0692201-83b6-4e44-8218-b98115db395e"
"NWT","2024-08-13","PIKA-009",447125,4433866,"Pika.009.centerContext.1.2024.jpg","Rachel Billings","Kelsey Beyerly","11:38","12:08","11:45","12:07",40,0,30,20,10,0,"N","Y","Y","N","N","N","N","N","",NaN,NaN,"N","Y","Y","N",3,3,10,"NWT-53","NWT-36",447124,4433866,"Pika.009.sensorContext.1.2024.jpg",2,4,1,2,3,0,"","PIKA-009 2024-08-13 11:38 Rachel Billings","N",NaN,"N","de20f5de-ac38-4343-a387-36e6630c83ba"
"NWT","2024-08-12","PIKA-010",448017,4435265,"Pika.010.centerContext.1.2024.jpg","RJ Methven","","15:05","15:28","15:08","15:28",75,0,10,10,0,5,"N","N","N","N","N","N","N","N","",NaN,NaN,"N","N","Y","N",2,1,28,"NWT-56","NWT-69",448016,4435265,"Pika.010.sensorContext.1.2024.jpg",2,1,0.5,1,1,15,"","PIKA-010 2024-08-12 15:05 RJ Methven","N",NaN,"N","f43c4d8d-f837-4506-933a-9306221f3df5"
"NWT","2024-08-20","PIKA-010",448013,4435266,"Pika.010.centerCloseUp.1.2024.jpg","Rachel Billings","","15:06","15:53","15:12","15:32",50,0,5,40,0,5,"N","N","N","N","N","N","N","N","",NaN,NaN,"N","N","Y","N",1,1,22,"NWT-56","NWT-69",448016,4435265,"Pika.010.sensorContext.1.2024.jpg",1,6,2,2,1,0,"field note said ""Sensor not found"" but I downloaded data from NWT-56 on 8/15/2024 and it contained good data from 2023-2024, and NWT-56 was placed in this plot in 2023, so clearly it was found there in 2024","PIKA-010 2024-08-20 15:06 Rachel Billings","N",NaN,"N","dd66dd5b-262d-4a4e-a30e-fccd643a97b2"
"NWT","2024-08-08","PIKA-011",448344,4432954,"Pika.011.centerContext.1.2024.jpg","Rachel Billings","RJ Methven","12:23","13:07","12:32","12:52",60,0,40,10,5,0,"N","N","N","N","N","N","N","N","",NaN,NaN,"Y","Y","Y","N",3,1,19,"NWT-36","NWT-46",448337,4432954,"Pika.011.sensorContext.1.2024.jpg",1,9,2,4,1,0,"","PIKA-011 2024-08-08 12:23 Rachel Billings","N",NaN,"N","2dc8fb3e-df4c-4664-95ba-39558e127c7e"
"NWT","2024-08-05","PIKA-014",447734,4434241,"Pika.014.centerContext.1.2024.jpg","Max Van Lanen","Kelsey Beyerly","10:25","11:33","10:33","11:03",40,0,40,18,2,0,"N","N","N","N","N","N","N","N","Bird",NaN,NaN,"N","N","Y","N",2,1,18,"JL3","H-28",NaN,NaN,"Pika.014.sensorContext.1.2024.jpg",1,6,0.5,2,3,0,"Placed sensor H-28","PIKA-014 2024-08-05 10:25 Max Van Lanen","N",NaN,"N","f10c20f0-b6ca-45a2-b2c0-759482f2be7f"
"NWT","2024-08-07","PIKA-015",448130,4434009,"Pika.015.centerCloseUp.1.2024.jpg","Max Van Lanen","Kelsey Beyerly","09:14","09:42","09:22","09:42",25,0,50,20,5,0,"N","N","Y","N","N","N","N","N","",NaN,NaN,"N","N","Y","N",2,2,14,"NWT-75","H-27",448132,4434011,"Pika.015.sensorContext.1.2024.jpg",2,3,0.5,2,2,0,"the sensor placed here in 2024 (H-27) was taped on the RH end, so the tape might collect water drops that could interfere with the membrane covering the RH sensor","PIKA-015 2024-08-07 09:14 Max Van Lanen","N",NaN,"N","39428836-d94d-455b-9584-836ce3ad9a0a"
"NWT","2024-08-07","PIKA-015",448131,4434007,"Pika.015.centerContext.1.2024.jpg","Max Van Lanen","Kelsey Beyerly","09:44","10:10","09:50","10:10",25,0,50,20,5,0,"N","N","Y","N","N","N","N","N","",NaN,NaN,"N","N","Y","N",2,2,14,"NWT-75","H-27",448132,4434011,"Pika.015.sensorContext.1.2024.jpg",2,3,1.5,2,2,0,"the sensor placed here in 2024 (H-27) was taped on the RH end, so the tape might collect water drops that could interfere with the membrane covering the RH sensor","PIKA-015 2024-08-07 09:44 Max Van Lanen","N",NaN,"N","eaee3657-63b3-41a3-817a-b0524829f6ca"
"NWT","2024-08-07","PIKA-016",450194,4433308,"Pika.016.centerContext.1.2024.jpg","Max Van Lanen","Kelsey Beyerly","13:50","14:15","13:55","14:15",50,0,30,10,5,5,"N","N","N","Y","N","N","N","N","",NaN,NaN,"N","N","Y","N",3,1,17,"NWT-65","JL3",450200,4433306,"Pika.016.sensorContext.1.2024.jpg",1,2,1,1,1,0,"","PIKA-016 2024-08-07 13:50 Max Van Lanen","N",NaN,"N","87ce9928-ffe2-41b2-9900-3386254e520e"
"NWT","2024-08-14","PIKA-017",446428,4435549,"Pika.017.centerContext.1.2024.jpg","Kelsey Beyerly","","10:46","11:28","11:06","11:26",70,0,15,15,0,0,"Y","N","N","N","N","N","N","N","",NaN,NaN,"N","Y","Y","N",2,1,16,"SKIPPED","SKIPPED",NaN,NaN,"Pika.017.sensorContext.1.2024.jpg",1,4,2,3,1,0,"Sensor was not replaced due to the proximity of hikers","PIKA-017 2024-08-14 10:46 Kelsey Beyerly","N",NaN,"N","ed48be9b-2324-49be-abe2-1c1aad6c62ee"
"NWT","2024-08-14","PIKA-017",446437,4435552,"Pika.017.centerCloseUp.1.2024.jpg","Kelsey Beyerly","","11:30","12:03","11:42","12:02",70,0,15,15,0,0,"N","N","N","Y","N","N","N","N","",NaN,NaN,"N","Y","Y","N",1,1,18,"SKIPPED","SKIPPED",NaN,NaN,"Pika.017.sensorContext.1.2024.jpg",1,4,2,3,1,0,"Sensor not found","PIKA-017 2024-08-14 11:30 Kelsey Beyerly","N",NaN,"N","69bdaa30-94fa-4aab-a5d8-1be9c4de3263"
"NWT","2024-08-08","PIKA-019",448676,4433693,"Pika.019.centerContext.1.2024.jpg","Max Van Lanen","Kelsey Beyerly","10:11","10:43","10:18","10:43",25,5,30,30,10,0,"N","N","Y","N","N","N","N","N","",NaN,NaN,"N","N","Y","N",3,1,13,"NWT-69","NWT-27",448681,4433687,"Pika.019.sensorContext.1.2024.jpg",1,2,0.7,2,2,0,"Sensor notes said ""Pulled 69 not blinking, moved 25 m""","PIKA-019 2024-08-08 10:11 Max Van Lanen","N",NaN,"N","2b36ccaa-c14e-4aee-8a54-f4e12b94adc6"
"NWT","2024-08-06","PIKA-022",445878,4433218,"Pika.022.centerContext.1.2024.jpg","Rachel Billings","","13:02","13:51","13:11","13:32",100,0,0,0,0,0,"N","N","N","N","N","N","N","N","",NaN,NaN,"Y","N","N","N",1,1,17,"NOT FOUND","H-37",445875,4433216,"Pika.022.sensorContext.1.2024.jpg",1,4,0.25,2,2,100,"Insufficient notes about the sensor search; all we had was ""no"" in response to the sensor-retrieved prompt; I searched for a 2024 download of the sensor previously placed in this plot, and did not find one","PIKA-022 2024-08-06 13:02 Rachel Billings","N",NaN,"N","40ee274e-dc30-4fec-b8d4-85e3b5f40620"
"NWT","2024-08-08","PIKA-023",448614,4433400,"Pika.023.centerContext.1.2024.jpg","Rachel Billings","RJ Methven","10:04","10:45","10:14","10:34",90,1,5,5,15,3,"N","Y","N","N","N","N","N","N","",NaN,NaN,"Y","Y","Y","Y",3,1,20,"NWT-4","NWT-25",448617,4433399,"Pika.023.sensorContext.1.2024.jpg",1,6,2,4,2,20,"","PIKA-023 2024-08-08 10:04 Rachel Billings","N",NaN,"N","d04e608c-89be-4915-bce0-727f371504bd"
"NWT","2024-08-05","PIKA-024",448702,4434071,"Pika.024.centerCloseUp.2024.jpg","Rachel Billings","RJ Methven","10:12","11:10","10:25","10:45",60,5,15,5,10,5,"N","N","Y","N","N","N","N","N","",NaN,NaN,"N","N","N","N",2,1,20,"NWT-25&NWT-70","H-23",448703,4434070,"Pika.024.sensorContext.1.2024.jpg",2,0.5,1.5,2,2,0,"NWT-70 was too tightly wedged between rocks to be retrieved last year, but was easily retrieved this year","PIKA-024 2024-08-05 10:12 Rachel Billings","N",NaN,"N","10ce5166-189e-4d6c-9341-444e5522015f"
"NWT","2024-08-05","PIKA-024",448702,4434071,"Pika.024.centerContext.1.2024.jpg","Rachel Billings","","11:07","11:35","11:10","11:30",60,5,20,5,10,0,"Y","Y","Y","N","N","N","Y","N","",NaN,NaN,"N","N","Y","N",2,1,19,"NWT-25&NWT-70","H-23",448703,4434070,"Pika.024.sensorContext.1.2024.jpg",2,2,0.05,3,1,2,"No active sign of pika","PIKA-024 2024-08-05 11:07 Rachel Billings","N",NaN,"N","3bbe1efd-03fb-4d6a-8ad9-c19d6772ead3"
"NWT","2024-08-14","PIKA-026",448621,4434962,"Pika.026.centerCloseUp.1.2024.jpg","Rachel Billings","","09:37","10:26","09:51","10:11",65,0,20,10,5,0,"N","N","Y","Y","N","N","N","N","Chipmunk",NaN,NaN,"N","N","N","N",2,1,16,"NWT-43","NWT-65",448624,4434963,"Pika.026.sensorContext.1.2024.jpg",1,3.5,1.25,2,1,0,"","PIKA-026 2024-08-14 09:37 Rachel Billings","N",NaN,"N","6d0b7b30-7bc5-44f6-8e7c-495b53da9b80"
"NWT","2024-08-14","PIKA-026",448620,4434962,"Pika.026.centerContext.1.2024.jpg","Rachel Billings","RJ Methven","10:26","10:58","10:35","10:55",55,0,30,10,7,1,"N","Y","Y","Y","N","N","N","N","",NaN,NaN,"N","N","N","N",2,2,18,"NWT-43","NWT-65",448624,4434963,"Pika.026.sensorContext.1.2024.jpg",1,4,1.5,3,1,0,"","PIKA-026 2024-08-14 10:26 Rachel Billings","N",NaN,"N","895b8bed-7d08-4172-8ef3-861267cbd7b4"
"NWT","2024-08-08","PIKA-027",447912,4433595,"Pika.027.centerContext.1.2024.jpg","Max Van Lanen","Kelsey Beyerly","12:55","13:24","13:00","13:21",15,0,30,20,35,0,"N","N","N","N","N","N","N","N","",NaN,NaN,"N","N","Y","N",3,1,16,"NWT-67","H-16",447900,4433603,"Pika.027.sensorContext.1.2024.jpg",2,3,1.5,2,2,0,"Sensor is 2m NW of plot edge. Was like this before, no better spot for it; also, the sensor placed here in 2024 (H-16) was taped on the RH end, so the tape might collect water drops that could interfere with the membrane covering the RH sensor","PIKA-027 2024-08-08 12:55 Max Van Lanen","N",NaN,"N","83b5f848-9fd0-43da-b72f-efc6c184aa71"
"NWT","2024-08-20","PIKA-029",445936,4434632,"Pika.029.centerContext.1.2024.jpg","Rachel Billings","","11:08","11:48","11:16","11:36",70,0,29,1,0,0,"N","N","N","N","N","N","N","N","",NaN,NaN,"Y","Y","Y","N",1,1,20,"NWT-98","NWT-22",445942,4434618,"Pika.029.sensorContext.1.2024.jpg",1,8,3,4,2,0,"","PIKA-029 2024-08-20 11:08 Rachel Billings","N",NaN,"N","ef0fa3b9-9011-49fb-bfcf-23926615cebb"
"NWT","2024-08-20","PIKA-029",445940,4434627,"Pika.029.centerCloseUp.1.2024.jpg","Rachel Billings","Weston Sandfort","11:49","12:20","11:56","12:16",70,0,25,0,5,0,"N","N","Y","N","N","N","N","N","",NaN,NaN,"Y","Y","Y","N",1,2,20,"NWT-98","NWT-22",445942,4434618,"Pika.029.sensorContext.1.2024.jpg",1,9,2,3,2,0,"","PIKA-029 2024-08-20 11:49 Rachel Billings","N",NaN,"N","84f32bab-6665-483c-ac81-13a5746398a0"
"NWT","2024-08-05","PIKA-030",447685,4434721,"Pika.030.centerContext.1.2024.jpg","Rachel Billings","RJ Methven","13:28","13:59","13:36","13:59",85,0,10,5,0,0,"Y","Y","N","N","N","N","N","N","",NaN,NaN,"N","N","N","N",2,1,20,"NWT-99&Airy1-NWT-99","H-14",447686,4434715,"Pika.030.sensorContext.1.2024.jpg",2,2,0.2,3,2,0,"Ended early due to rain; 2 sensors were retrieved here, NWT-99 (21277883) and another (named NWT-99 by Airy who did not know we already had a NWT-99) which is now inamed Airy1-NWT-99 (21359184)","PIKA-030 2024-08-05 13:28 Rachel Billings","N",NaN,"N","bf7b57d3-4220-48f8-99d4-6e9f0f7890a2"
"NWT","2024-08-08","PIKA-031",448180,4433573,"Pika.031.centerContext.1.2024.jpg","Max Van Lanen","Kelsey Beyerly","13:36","14:16","13:55","14:15",30,5,20,20,25,0,"Y","N","N","Y","N","N","N","N","",NaN,NaN,"N","Y","Y","N",3,1,14,"NWT-52","H-13",448172,4433573,"Pika.031.sensorContext.1.2024.jpg",1,5,1.5,2,1,0,"the sensor placed here in 2024 (H-13) was taped on the RH end, so the tape might collect water drops that could interfere with the membrane covering the RH sensor","PIKA-031 2024-08-08 13:36 Max Van Lanen","N",NaN,"N","b58afb1e-f6fe-430d-9f69-f12d638ea793"
"NWT","2024-08-12","PIKA-032",449591,4435383,"Pika.032.centerContext.1.2024.jpg","Airy Peralta","Hillary Rinsland","09:28","10:02","09:40","10:00",70,5,2,1,15,50,"N","N","N","N","N","N","N","N","",NaN,NaN,"N","N","N","N",1,1,21,"NWT-2","NWT-95",449590,4435382,"Pika.032.sensorContext.1.2024.jpg",1,1.5,0.75,2,2,10,"","PIKA-032 2024-08-12 09:28 Airy Peralta","N",NaN,"N","e1e89759-19f1-4ab3-8ace-a1b5e0492ace"
"NWT","2024-08-12","PIKA-032",449590,4435381,"Pika.032.centerCloseUp.1.2024.jpg","Airy Peralta","Hillary Rinsland","10:02","10:29","10:08","10:28",70,15,1,1,30,50,"N","N","N","N","N","N","N","N","",NaN,NaN,"N","N","N","N",1,1,22,"NWT-2","NWT-95",449590,4435382,"Pika.032.sensorContext.1.2024.jpg",1,1.5,0.75,2,2,12,"","PIKA-032 2024-08-12 10:02 Airy Peralta","N",NaN,"N","8752a411-a301-4f7b-8816-8198f1f63d8c"
"NWT","2024-08-06","PIKA-033",446198,4433497,"Pika.033.centerContext.1.2024.jpg","RJ Methven","","12:58","13:30","13:01","13:21",100,0,0,0,0,0,"N","N","N","N","N","N","N","N","",NaN,NaN,"Y","Y","Y","Y",1,1,25,"NWT-17","21359308",446196,4433504,"Pika.033.sensorContext.1.2024.jpg",1,2.5,0.5,1,2,100,"Field notes said sensor 21359308 was retrieved, but I could not find that serial number in my files and the sensor placed last in this plot was NWT-17 (20136747) in 2022; I found a download from NWT-17 on 8/8/2024 that held data from 2022-2024, so I assume NWT-17 was found here; however, there is a photo linking 21359308 to PIKA-033, in which the sensor looks very clean, so I assume 21359308 is the sensor that was placed at PIKA-033 in 2024; if so, this sensor was taped on the RH end, so the tape might collect water drops that will interfere with the membrane that covers the RH sensor","PIKA-033 2024-08-06 12:58 RJ Methven","N",NaN,"N","22c866b2-381c-4f3a-9f52-b51a40ec7b26"
"NWT","2024-08-14","PIKA-034",446139,4434956,"Pika.034.centerContext.1.2024.jpg","Kelsey Beyerly","","12:23","12:54","12:30","12:54",55,5,20,15,5,0,"N","N","N","Y","N","N","N","N","",NaN,NaN,"N","Y","Y","N",2,1,16,"SKIPPED","SKIPPED",NaN,NaN,"Pika.034.sensorContext.1.2024.jpg",1,4,3,3,1,0,"Sensor was not replaced due to the proximity of hikers","PIKA-034 2024-08-14 12:23  Kelsey Beyerly","N",NaN,"N","1067898c-18d4-401f-9ca7-e56e077359e3"
"NWT","2024-08-08","PIKA-035",449123,4433473,"Pika.035.centerContext.1.2024.jpg","Max Van Lanen","Kelsey Beyerly","08:39","09:14","08:45","09:14",45,5,20,20,0,10,"N","N","N","Y","N","N","N","N","",NaN,NaN,"Y","Y","Y","N",3,1,12,"NWT-7","H-21",449116,4433472,"Pika.035.sensorContext.1.2024.jpg",1,2.5,1,2,1,0,"Pika observed building hay pile 10 m outside plot; also, the sensor placed here in 2024 (H-21) was taped on the RH end, so the tape might collect water drops that will interfere with the membrane that covers the RH sensor","PIKA-035 2024-08-08 08:39 Max Van Lanen","N",NaN,"N","ea9e1828-b773-4308-995d-36668adfb3d3"
"NWT","2024-08-08","PIKA-035",449120,4433473,"Pika.035.centerCloseUp.1.2024.jpg","Max Van Lanen","Kelsey Beyerly","09:17","09:43","09:23","09:43",45,5,20,20,0,10,"N","N","N","Y","N","N","N","N","",NaN,NaN,"Y","Y","Y","N",2,1,13,"NWT-7","H-21",449116,4433472,"Pika.035.sensorContext.1.2024.jpg",1,2.5,1,2,1,0,"Hay pile found 10 m outside plot; also, the sensor placed here in 2024 (H-21) was taped on the RH end, so the tape might collect water drops that will interfere with the membrane that covers the RH sensor","PIKA-035 2024-08-08 09:17 Max Van Lanen","N",NaN,"N","ce3db42e-4e14-4aa9-8758-761d25bba3a3"
"NWT","2024-08-06","PIKA-038",445515,4433444,NaN,"Kelsey Beyerly","Max Van Lanen","11:35","12:53","11:46","12:06",100,0,0,0,0,0,"Y","Y","Y","N","N","N","N","N","",NaN,NaN,"N","Y","Y","Y",2,1,20,"NWT-12","TBD",NaN,NaN,"",1,1,0.5,2,2,700,"Insufficient notes about the sensor search; all we had was ""yes"" in response to the sensor-retrieved prompt; I found the sensor ID by looking at the previously placed sensor and verifying that there was a download from that sensor in 2024","PIKA-038 2024-08-06 11:35 Kelsey Beyerly","N",NaN,"N","193862a3-e544-4509-bdcc-2253a67ae109"
"NWT","2024-08-06","PIKA-038",445517,4433437,NaN,"Max Van Lanen","Kelsey Beyerly","11:59","12:25","12:02","12:22",100,0,0,0,0,0,"N","Y","Y","N","N","N","N","N","",NaN,NaN,"N","Y","Y","Y",2,1,NaN,"NWT-12","TBD",NaN,NaN,"",1,2,1,3,2,700,"","PIKA-038 2024-08-06 11:59 Max Van Lanen","N",NaN,"N","b1b4f8b0-0eb0-4021-b5ff-242e9215f1cb"
"NWT","2024-08-07","PIKA-040",448786,4434651,"Pika.040.centerContext.1.2024.jpg","Rachel Billings","RJ Methven","11:10","11:53","11:19","11:41",50,0,40,10,5,0,"N","Y","Y","Y","N","N","N","N","Ptarmigan scat",NaN,NaN,"N","N","N","N",3,2,19,"NWT-59","H-10",448786,4434657,"Pika.040.sensorContext.1.2024.jpg",1,4,1,3,3,0,"the sensor placed here in 2024 (H-10) was taped on the RH end","PIKA-040 2024-08-07 11:10 Rachel Billings","N",NaN,"N","7994b566-dca4-43dc-931a-5d78c0f1fec0"
"NWT","2024-08-07","PIKA-042",448117,4434844,"Pika.042.centerContext.1.2024.jpg","Rachel Billings","RJ Methven","09:58","10:43","10:09","10:29",25,0,37,37,1,0,"N","Y","Y","Y","N","N","N","N","Elk scat",NaN,NaN,"N","N","Y","N",2,2,18,"NWT-16","H-8",448119,4434839,"Pika.042.sensorContext.1.2024.jpg",1,2.5,1,1,3,0,"","PIKA-042 2024-08-07 09:58 Rachel Billings","N",NaN,"N","9053ae18-58cf-42a4-9d24-3d8c97c85507"
"NWT","2024-08-13","PIKA-043",447618,4433777,"Pika.043.centerCloseUp.1.2024.jpg","Kelsey Beyerly","","08:55","09:37","09:15","09:35",55,5,20,10,10,0,"N","N","Y","N","N","N","N","N","",NaN,NaN,"N","Y","Y","N",3,3,12,"NWT-14","H-29",447616,4433781,"Pika.043.sensorContext.1.2024.jpg",1,3,0.5,1,2,0,"NWT-14 was in dirt when retrieved; also, the sensor placed here in 2024 (H-29) was taped on the RH end","PIKA-043 2024-08-13 08:55 Kelsey Beyerly","N",NaN,"N","a8fe8f46-09a7-498a-a1ec-093a1497c54d"
"NWT","2024-08-13","PIKA-043",447617,4433776,"Pika.043.centerContext.1.2024.jpg","Kelsey Beyerly","","09:37","10:06","09:46","10:06",50,5,20,10,15,0,"N","N","Y","Y","N","N","N","N","Elk - scat",NaN,NaN,"N","Y","Y","N",3,3,10,"NWT-14","H-29",447616,4433781,"Pika.043.sensorContext.1.2024.jpg",1,3,0.5,1,2,0,"NWT-14 was in dirt when retrieved; also, the sensor placed here in 2024 (H-29) was taped on the RH end","PIKA-043 2024-08-13 09:37 Kelsey Beyerly","N",NaN,"N","e9bcbcfe-2c77-4861-aa9e-f3800f070bd4"
"NWT","2024-08-13","PIKA-049",446479,4433640,NaN,"Rachel Billings","Kelsey Beyerly","10:26","10:54","10:30","10:50",100,0,0,0,0,0,"N","N","N","N","N","N","N","N","",NaN,NaN,"N","Y","N","Y",3,2,15,"TBD","TBD",NaN,NaN,"",1,3,2.4,4,2,150,"Insufficient notes about the sensor search; all I see is ""yes"" in response to the sensor-retrieved prompt; I found the sensor ID by looking at the previously placed sensor (NWT-26) but I did not find a download from NWT-26 in 2024, so it probably was not found","PIKA-049 2024-08-13 10:26 Rachel Billings","N",NaN,"N","39efde15-5b3f-4f2e-b09b-ec30b6716434"
"NWT","2024-08-13","PIKA-073",447175,4433808,"Pika.073.centerContext.1.2024.jpg","Rachel Billings","Kelsey Beyerly","10:51","11:22","11:02","11:22",40,0,35,20,5,0,"N","N","N","N","N","N","N","N","",NaN,NaN,"N","N","Y","N",3,3,10,"NWT-18","H-20",447172,4433810,"Pika.073.sensorContext.1.2024.jpg",2,2,0.75,1,2,0,"NWT-18 was in dirt when retrieved; also, the sensor placed here in 2024 (H-20) was taped on the RH end","PIKA-073 2024-08-13 10:51 Rachel Billings","N",NaN,"N","28008d55-9f5d-4307-b364-521b4534db1d"
"NWT","2024-08-06","PIKA-082",446593,4434093,"Pika.082.centerContext.1.2024.jpg","Max Van Lanen","Kelsey Beyerly","13:04","13:44","13:15","13:43",75,0,20,5,0,0,"N","N","Y","N","N","N","N","N","",NaN,NaN,"N","N","Y","N",2,1,18,"NWT-96","H-32",446594,4434095,"Pika.082.sensorContext.1.2024.jpg",1,4,0.7,2,1,0,"The new sensor was placed about 1 m to the left [?] of 2023 placement","PIKA-082 2024-08-06 13:04 Max Van Lanen","N",NaN,"N","74584b16-0e60-4231-9ad2-4f521b73a746"
"NWT","2024-08-08","PIKA-083",448830,4433503,"Pika.083.centerContext.1.2024.jpg","Rachel Billings","RJ Methven","08:40","09:21","08:52","09:12",80,0,10,5,5,0,"N","N","N","N","N","N","N","N","",NaN,NaN,"N","N","Y","N",3,1,17,"NWT-10","H-19",448827,4433503,"Pika.083.sensorContext.1.2024.jpg",1,3,0.5,3,2,0,"the sensor placed here in 2024 (H-19) was taped on the RH end","PIKA-083 2024-08-08 08:40 Rachel Billings","N",NaN,"N","eb5413df-c170-4f09-ae31-57c6633ea66d"
"NWT","2024-08-08","PIKA-083",448835,4433502,"Pika.083.centerCloseUp.1.2024.jpg","Rachel Billings","RJ Methven","09:21","09:54","09:31","09:51",75,0,10,10,5,0,"N","N","N","N","N","N","N","N","",NaN,NaN,"N","Y","Y","N",2,1,19,"NWT-10","H-19",448827,4433503,"Pika.083.sensorContext.1.2024.jpg",1,3,0.75,4,2,0,"the sensor placed here in 2024 (H-19) was taped on the RH end","PIKA-083 2024-08-08 09:21 Rachel Billings","N",NaN,"N","9864bfe5-a4ad-4923-bb50-dc4511a7166d"
"NWT","2024-08-07","PIKA-084",449612,4434830,"Pika.084.centerContext.1.2024.jpg","Max Van Lanen","Kelsey Beyerly","11:45","12:16","11:57","12:16",50,5,25,20,0,0,"N","N","N","N","N","N","N","N","",NaN,NaN,"N","N","Y","N",2,1,17,"NWT-9","H-24",449607,4434835,"Pika.084.sensorContext.1.2024.jpg",1,0.5,0.2,1,1,0,"Center and Sensor each have cairn; also, the sensor placed here in 2024 (H-24) was taped on the RH end","PIKA-084 2024-08-07 11:45 Max Van Lanen","N",NaN,"N","52e72b83-7cd0-4545-9b8d-329555bb134b"
"NWT","2024-08-08","PIKA-087",448728,4433225,"Pika.087.centerContext.1.2024.jpg","Rachel Billings","","11:03","11:48","11:20","11:40",70,0,5,5,20,25,"N","Y","Y","Y","N","N","N","N","",NaN,NaN,"N","Y","Y","N",3,1,20,"NWT-46","H-17",448728,4433227,"Pika.087.sensorContext.1.2024.jpg",1,9,2,4,3,20,"the sensor placed here in 2024 (H-17) was taped on the RH end","PIKA-087 2024-08-08 11:03 Rachel Billings","N",NaN,"N","70f3430a-d893-4e2a-babc-59d408b5293f"
"NWT","2024-08-07","PIKA-088",448988,4434763,"Pika.088.centerContext.1.2024.jpg","Max Van Lanen","Kelsey Beyerly","10:48","11:24","10:57","11:23",30,5,15,20,20,10,"N","N","Y","N","N","N","N","N","",NaN,NaN,"N","N","Y","N",2,2,16,"NWT-79","H-25",448990,4434766,"Pika.088.sensorContext.1.2024.jpg",1,1.5,0.7,1,1,0,"the sensor placed here in 2024 (H-25) was taped on the RH end","PIKA-088 2024-08-07 10:48 Max Van Lanen","N",NaN,"N","d850bfe5-bd3c-45f6-a0b0-80c853d40406"
"NWT","2024-08-08","PIKA-095",448247,4433452,"Pika.095.centerContext.1.2024.jpg","Max Van Lanen","Kelsey Beyerly","14:22","14:51","14:30","14:50",35,30,10,5,0,20,"N","N","N","N","N","N","N","N","",NaN,NaN,"N","Y","Y","N",3,1,13,"NWT-64","H-18",448242,4433455,"Pika.095.sensorContext.1.2024.jpg",2,1,0.5,1,1,0,"This area does not seem very much inhabitable for pikas but there is nowhere near to move the plot to; NWT-64 was in dirt when retrieved; the sensor placed here in 2024 (H-18) was taped on the RH end","PIKA-095 2024-08-08 14:22  Max Van Lanen","N",NaN,"N","0df70d94-7c9b-4900-be9e-dce5f04c9e3c"
"NWT","2024-08-06","PIKA-097",446363,4433674,"Pika.097.centerCloseUp.1.2024.jpg","Kelsey Beyerly","Max Van Lanen","10:22","11:21","10:42","11:05",100,0,0,0,0,0,"N","N","Y","N","N","N","N","N","",NaN,NaN,"Y","Y","N","N",2,3,16,"NWT-92","H-35",446364,4433675,"Pika.097.sensorContext.1.2024.jpg",2,4,2.5,3,2,100,"The sensor that supposedly should have been retrieved here (NWT-92) was apparently found at PIKA-117, based on the serial number of the sensor retrieved there (21359164); one way this could happen is if NWT-92 was retrieved from PIKA-097 on 8/6, serviced, placed at PIKA-117 on 8/13, and pulled from PIKA-117 on 8/20; I found NWT-92 in storage in March 2025, downloaded the data, and it showed in-situ data from 8/13 to 8/20 of 2024! ","PIKA-097 2024-08-06 10:22 Kelsey Beyerly","N",NaN,"N","6f0cc309-aa2b-4616-8f42-b6d5205bd126"
"NWT","2024-08-06","PIKA-097",446364,4433675,"Pika.097.centerContext.1.2024.jpg","Max Van Lanen","Kelsey Beyerly","11:12","11:42","11:20","11:42",100,0,0,0,0,0,"N","N","Y","N","N","N","N","N","",NaN,NaN,"Y","Y","N","N",2,2,16,"NWT-92","H-35",446364,4433675,"Pika.097.sensorContext.1.2024.jpg",2,4,2,3,2,100,"The sensor that supposedly should have been retrieved here (NWT-92) was apparently found at PIKA-117, based on the serial number of the sensor retrieved there (21359164); one way this could happen is if NWT-92 was retrieved from PIKA-097 on 8/6 and placed at PIKA-117 on 8/13, but NWT-92 was not placed anywhere in 2024 (I found it in storage on 3/8/2025) ","PIKA-097 2024-08-06 11:12 Max Van Lanen","N",NaN,"N","91405fec-1c6f-487f-8ece-4a2beec04fa2"
"NWT","2024-08-12","PIKA-109",446890,4435218,"Pika.109.centerContext.1.2024.jpg","Rachel Billings","RJ Methven","10:23","10:57","10:30","10:50",40,0,25,20,20,5,"N","Y","Y","Y","N","N","N","N","",NaN,NaN,"N","Y","Y","Y",1,1,21,"NWT-8","H-05",446884,4435217,"Pika.109.sensorContext.1.2024.jpg",1,3,1.5,2,1,30,"the sensor placed here in 2024 (H-05) was taped on the RH end","PIKA-109 2024-08-12 10:23 Rachel Billings","N",NaN,"N","f6b225ab-9076-4f32-8a94-002f9c99d78c"
"NWT","2024-08-14","PIKA-116",449176,4434968,"Pika.116.centerContext.1.2024.jpg","Rachel Billings","RJ Methven","11:57","12:49","12:03","12:23",55,10,30,5,0,0,"N","N","N","N","N","N","N","N","",NaN,NaN,"N","N","N","N",1,2,14,"NWT-13","NWT-5",449173,4434966,"Pika.116.sensorContext.1.2024.jpg",1,1.5,0.75,3,3,0,"","PIKA-116 2024-08-14 11:57 Rachel Billings","N",NaN,"N","f1dec0fb-7ea6-400e-883f-8b49722b778f"
"NWT","2024-08-13","PIKA-117",446779,4433972,"Pika.117.centerContext.1.2024.jpg","RJ Methven","","11:30","12:10","11:46","12:06",50,0,40,0,10,0,"N","N","N","N","N","N","N","N","",NaN,NaN,"N","Y","N","N",3,2,12,"TBD","NWT-92",NaN,NaN,"Pika.117.sensorContext.1.2024.jpg",1,4,3.3,3,2,30,"The serial number of the ""retrieved"" sensor was given as 21359164, but that SN belongs to NWT-92, which was placed at PIKA-097 in 2023; the sensor that was placed here in 2023 was NWT-87 (21359182), and I found no evidence that it was retrieved in 2024; so apparently someone in 2025 placed NWT-92 and recorded it as ""retrieved""; I removed Sammy's northing for this plot visit because it contained a typo","PIKA-117 2024-08-13 11:30 Sammy Yevak","N",NaN,"N","bdb05597-7c3d-4ee7-b8ce-fdb27e9267ae"
"NWT","2024-08-20","PIKA-117",446789,NaN,"Pika.117.centerCloseUp.1.2024.jpg","Sammy Yevak","","12:15","13:16","12:21","12:41",45,0,45,5,5,0,"N","N","Y","N","N","N","N","N","",NaN,NaN,"N","Y","Y","N",1,2,17,"NWT-92","NWT-79",NaN,NaN,"Pika.117.sensorContext.1.2024.jpg",1,2.5,0.75,2,3,0,"Sensor 79 deployed [Sammy apparently deployed NWT-92 (a Pro v2) on 8/13 and then retrieved NWT-92 and placed NWT-79 on 8/20; this conclusion is supported by data downloaded from NWT-92 on 3/9/25, which shows NWT-92 was serviced/reprogrammed on 8/9/24, ex situ during 8/9-8/13, in situ during 8/13-8/20, and ex situ during 8/20/24-3/9/25]","PIKA-117 2024-08-20 12:15 Sammy Yevak","N",NaN,"N","08649de2-7e4b-477e-ae8c-fe6c92da40a9"
"NWT","2024-08-14","PIKA-121",445679,4434825,"Pika.121.centerContext.1.2024.jpg","Kelsey Beyerly","","13:12","13:37","13:17","13:37",80,0,10,10,0,0,"N","N","N","N","N","N","N","N","",NaN,NaN,"N","Y","Y","N",2,1,17,"SKIPPED","SKIPPED",NaN,NaN,"Pika.121.sensorContext.1.2024.jpg",1,5,2,4,1,0,"Sensor was not replaced due to the proximity of hikers","PIKA-121 2024-08-14 13:12 Kelsey Beyerly","N",NaN,"N","feb9368e-391a-497b-9cf1-8b610ff7303c"
"NWT","2024-08-07","PIKA-140",449581,4434542,"Pika.140.centerContext.1.2024.jpg","Max Van Lanen","Kelsey Beyerly","12:29","12:57","12:34","12:57",45,0,35,15,5,0,"N","N","N","N","N","N","N","N","",NaN,NaN,"N","N","N","N",2,2,17,"NWT-11","NWT-50",449582,4434541,"Pika.140.sensorContext.1.2024.jpg",1,0.7,0.3,1,1,0,"","PIKA-140 2024-08-07 12:29 Max Van Lanen","N",NaN,"N","5d4ab9f8-0d30-4421-9773-0bacbf27c7e4"
"NWT","2024-08-05","PIKA-186",447931,4434096,"Pika.186.centerContext.1.2024.jpg","Rachel Billings","RJ Methven","12:15","12:54","12:24","12:44",40,5,20,30,10,0,"Y","N","Y","N","N","N","N","N","Elk scat",NaN,NaN,"N","N","N","N",1,2,18,"NWT-5","H-26",447934,4434097,"Pika.186.sensorContext.1.2024.jpg",2,2.5,2,2,3,0,"the sensor placed here in 2024 (H-26) was taped on the RH end","PIKA-186 2024-08-05 12:15 Rachel Billings","N",NaN,"N","1ecd8c56-cc4a-4d8b-9a4a-3dcc42e731fa"
"NWT","2024-08-08","PIKA-195",448836,4433811,"Pika.195.centerContext.1.2024.jpg","Max Van Lanen","Kelsey Beyerly","11:44","12:09","11:49","12:09",20,0,50,30,0,0,"N","N","Y","N","N","N","N","N","",NaN,NaN,"N","N","N","N",3,1,10,"NWT-1","H-22",448830,4433810,"Pika.195.sensorContext.1.2024.jpg",2,1,0.7,2,3,0,"NWT-1 was in dirt when retrieved; also, the sensor placed here in 2024 (H-22) was taped on the RH end","PIKA-195 2024-08-08 11:44 Max Van Lanen","N",NaN,"N","361121fa-7f48-4662-846b-5c5d9b7af046"
