"lter_site","date","plot","search_time_begin","index","time","type","distance","deepest_crevice","largest_rock","pellets","survey_ID","notes","global_ID"
"NWT","2016-08-04","PIKA-031","10:19",1,"10:22","FS",NaN,0.5,2,9,"PIKA-031 2016-08-04 10:19",NaN,NaN
"NWT","2016-08-04","PIKA-031","10:19",2,"10:30","OH",NaN,0.5,1.25,NaN,"PIKA-031 2016-08-04 10:19",NaN,NaN
"NWT","2016-08-04","PIKA-031","10:19",3,"10:37","OS",NaN,0.75,1,NaN,"PIKA-031 2016-08-04 10:19",NaN,NaN
"NWT","2016-08-08","PIKA-019","09:00",1,"09:00","PC",12,0.5,1,NaN,"PIKA-019 2016-08-08 9:00",NaN,NaN
"NWT","2016-08-08","PIKA-019","09:00",2,"09:01","FS",12,0.75,1.25,10,"PIKA-019 2016-08-08 9:00",NaN,NaN
"NWT","2016-08-08","PIKA-019","09:00",3,"09:02","FH",12,0.75,1.25,NaN,"PIKA-019 2016-08-08 9:00",NaN,NaN
"NWT","2016-08-08","PIKA-019","09:00",4,"09:04","PS/PC",25,NaN,NaN,NaN,"PIKA-019 2016-08-08 9:00",NaN,NaN
"NWT","2016-08-08","PIKA-019","09:00",5,"09:04","PS",15,NaN,NaN,NaN,"PIKA-019 2016-08-08 9:00",NaN,NaN
"NWT","2016-08-08","PIKA-019","09:00",6,"09:08","PS",12,0.25,0.5,NaN,"PIKA-019 2016-08-08 9:00",NaN,NaN
"NWT","2016-08-08","PIKA-019","09:00",7,"09:10","FS",11,0.25,1,3,"PIKA-019 2016-08-08 9:00",NaN,NaN
"NWT","2016-08-08","PIKA-023","10:06",1,"10:10","PC",25,NaN,NaN,NaN,"PIKA-023 2016-08-08 10:06",NaN,NaN
"NWT","2016-08-08","PIKA-023","10:06",2,"10:10","FH",11,1.5,2.5,NaN,"PIKA-023 2016-08-08 10:06",NaN,NaN
"NWT","2016-08-08","PIKA-023","10:06",3,"10:10","OS",11,1.5,2.5,NaN,"PIKA-023 2016-08-08 10:06",NaN,NaN
"NWT","2016-08-08","PIKA-023","10:06",4,"10:11","FS",9,1.5,1.5,5,"PIKA-023 2016-08-08 10:06",NaN,NaN
"NWT","2016-08-08","PIKA-023","10:06",5,"10:11","FS",12,1.5,2.5,3,"PIKA-023 2016-08-08 10:06",NaN,NaN
"NWT","2016-08-08","PIKA-023","10:06",6,"10:16","FS",12,1,2.5,NaN,"PIKA-023 2016-08-08 10:06",NaN,NaN
"NWT","2016-08-08","PIKA-023","10:06",7,"10:25","OH",12,0.75,1.5,NaN,"PIKA-023 2016-08-08 10:06",NaN,NaN
"NWT","2016-08-08","PIKA-023","10:06",8,"10:25","FS",12,0.75,1.5,6,"PIKA-023 2016-08-08 10:06",NaN,NaN
"NWT","2016-08-08","PIKA-035","12:06",1,"12:09","OS",NaN,1.5,1,NaN,"PIKA-035 2016-08-08 12:06",NaN,NaN
"NWT","2016-08-08","PIKA-035","12:06",2,"12:13","OS",NaN,1.5,1.25,NaN,"PIKA-035 2016-08-08 12:06",NaN,NaN
"NWT","2016-08-08","PIKA-007","09:46",1,"09:47","PS",11,1,1.5,NaN,"PIKA-007 2016-08-08 9:46",NaN,NaN
"NWT","2016-08-08","PIKA-007","09:46",2,"09:51","PS",11,1,1.5,NaN,"PIKA-007 2016-08-08 9:46",NaN,NaN
"NWT","2016-08-09","PIKA-014","11:11",1,"11:13","OH",NaN,0.25,0.5,NaN,"PIKA-014 2016-08-09 11:11",NaN,NaN
"NWT","2016-08-09","PIKA-030","10:13",1,"10:13","FS",NaN,0.25,1.25,4,"PIKA-030 2016-08-09 10:13",NaN,NaN
"NWT","2016-08-09","PIKA-030","10:13",2,"10:14","FS/OH",NaN,0.25,0.75,5,"PIKA-030 2016-08-09 10:13",NaN,NaN
"NWT","2016-08-09","PIKA-030","10:13",3,"10:14","OS/OH",NaN,0.25,1,NaN,"PIKA-030 2016-08-09 10:13",NaN,NaN
"NWT","2016-08-09","PIKA-030","10:13",4,"10:17","OS",NaN,0.25,1,NaN,"PIKA-030 2016-08-09 10:13",NaN,NaN
"NWT","2016-08-09","PIKA-030","10:13",5,"10:18","OH",NaN,0.25,1,NaN,"PIKA-030 2016-08-09 10:13",NaN,NaN
"NWT","2016-08-09","PIKA-030","10:13",6,"10:19","FS",NaN,0.25,0.75,17,"PIKA-030 2016-08-09 10:13",NaN,NaN
"NWT","2016-08-09","PIKA-030","10:13",7,"10:19","PC/PS",8,0.25,0.5,NaN,"PIKA-030 2016-08-09 10:13",NaN,NaN
"NWT","2016-08-09","PIKA-030","10:13",8,"10:20","OH",NaN,0.25,0.75,NaN,"PIKA-030 2016-08-09 10:13",NaN,NaN
"NWT","2016-08-09","PIKA-042","09:49",1,"09:54","OH",4.5,0.5,1,NaN,"PIKA-042 2016-08-09 9:49",NaN,NaN
"NWT","2016-08-09","PIKA-042","09:49",2,"09:56","OH",9,0.25,0.75,NaN,"PIKA-042 2016-08-09 9:49",NaN,NaN
"NWT","2016-08-10","PIKA-022","11:55",1,"12:00","PC",75,NaN,NaN,NaN,"PIKA-022 2016-08-10 11:55",NaN,NaN
"NWT","2016-08-10","PIKA-022","11:55",2,"12:00","PC",50,NaN,NaN,NaN,"PIKA-022 2016-08-10 11:55",NaN,NaN
"NWT","2016-08-10","PIKA-022","11:55",3,"12:12","PC",30,NaN,NaN,NaN,"PIKA-022 2016-08-10 11:55",NaN,NaN
"NWT","2016-08-10","PIKA-022","11:55",4,"12:13","PS/PC",25,1.5,2,NaN,"PIKA-022 2016-08-10 11:55",NaN,NaN
"NWT","2016-08-10","PIKA-033","12:40",1,"12:43","OH",NaN,1.5,1.5,NaN,"PIKA-033 2016-08-10 12:40",NaN,NaN
"NWT","2016-08-10","PIKA-033","12:40",2,"12:45","PS",12,0.75,1.75,NaN,"PIKA-033 2016-08-10 12:40",NaN,NaN
"NWT","2016-08-10","PIKA-033","12:40",3,"12:51","PC",25,1,2,NaN,"PIKA-033 2016-08-10 12:40",NaN,NaN
"NWT","2016-08-10","PIKA-033","12:40",4,"12:58","PC",40,1,1.5,NaN,"PIKA-033 2016-08-10 12:40",NaN,NaN
"NWT","2016-08-10","PIKA-038","10:55",1,"11:01","PC",30,0.5,1,NaN,"PIKA-038 2016-08-10 10:55",NaN,NaN
"NWT","2016-08-10","PIKA-038","10:55",2,"11:09","PC",25,0.75,1.25,NaN,"PIKA-038 2016-08-10 10:55",NaN,NaN
"NWT","2016-08-10","PIKA-038","10:55",3,"11:10","PC",20,0.5,1,NaN,"PIKA-038 2016-08-10 10:55",NaN,NaN
"NWT","2016-08-10","PIKA-009","10:13",1,"10:19","PC",40,0.5,2,NaN,"PIKA-009 2016-08-10 10:13",NaN,NaN
"NWT","2016-08-11","PIKA-032","11:56",1,"12:00","PC",50,NaN,NaN,NaN,"PIKA-032 2016-08-11 11:56",NaN,NaN
"NWT","2016-08-11","PIKA-032","11:56",2,"12:01","PC",50,NaN,NaN,NaN,"PIKA-032 2016-08-11 11:56",NaN,NaN
"NWT","2016-08-11","PIKA-036","10:05",1,"10:08","OS",NaN,0.25,1,NaN,"PIKA-036 2016-08-11 10:05",NaN,NaN
"NWT","2016-08-11","PIKA-036","10:05",2,"10:08","FS",NaN,0.25,1,13,"PIKA-036 2016-08-11 10:05",NaN,NaN
"NWT","2016-08-11","PIKA-036","10:05",3,"10:18","PS",45,0.5,1,NaN,"PIKA-036 2016-08-11 10:05",NaN,NaN
"NWT","2016-08-11","PIKA-004","10:58",1,"11:08","OS",5,1,1.75,NaN,"PIKA-004 2016-08-11 10:58",NaN,NaN
"NWT","2016-08-11","PIKA-004","10:58",2,"11:09","PS",22,NaN,2,NaN,"PIKA-004 2016-08-11 10:58",NaN,NaN
"NWT","2016-08-11","PIKA-004","10:58",3,"11:12","FS",9,1,1.25,7,"PIKA-004 2016-08-11 10:58",NaN,NaN
"NWT","2016-08-11","PIKA-084","09:15",1,"09:20","OS",7,0.25,0.25,NaN,"PIKA-084 2016-08-11 9:15",NaN,NaN
"NWT","2016-08-15","PIKA-017","11:24",1,"11:26","OH",NaN,0.33,3.5,NaN,"PIKA-017 2016-08-15 11:24",NaN,NaN
"NWT","2016-08-15","PIKA-017","11:24",2,"11:26","OS",NaN,0.33,3.5,NaN,"PIKA-017 2016-08-15 11:24",NaN,NaN
"NWT","2016-08-15","PIKA-017","11:24",3,"11:28","PC",150,NaN,NaN,NaN,"PIKA-017 2016-08-15 11:24",NaN,NaN
"NWT","2016-08-15","PIKA-017","11:24",4,"11:28","FH",NaN,0.75,1.25,NaN,"PIKA-017 2016-08-15 11:24",NaN,NaN
"NWT","2016-08-15","PIKA-017","11:24",5,"11:31","OH",NaN,0.5,2.5,NaN,"PIKA-017 2016-08-15 11:24",NaN,NaN
"NWT","2016-08-15","PIKA-017","11:24",6,"11:36","PC",12,0.33,3.5,NaN,"PIKA-017 2016-08-15 11:24",NaN,NaN
"NWT","2016-08-15","PIKA-017","11:24",7,"11:36","PS",12,0.33,3.5,NaN,"PIKA-017 2016-08-15 11:24",NaN,NaN
"NWT","2016-08-15","PIKA-029","10:54",1,"10:59","FS",NaN,1.5,4.5,6,"PIKA-029 2016-08-15 10:54",NaN,NaN
"NWT","2016-08-15","PIKA-029","10:54",2,"11:03","PC",50,NaN,NaN,NaN,"PIKA-029 2016-08-15 10:54",NaN,NaN
"NWT","2016-08-15","PIKA-029","10:54",3,"11:04","OS",NaN,0.25,3.25,NaN,"PIKA-029 2016-08-15 10:54",NaN,NaN
"NWT","2016-08-15","PIKA-029","10:54",4,"11:11","PS",4,0.25,1.5,NaN,"PIKA-029 2016-08-15 10:54",NaN,NaN
"NWT","2016-08-15","PIKA-034","11:50",1,"11:58","FS",NaN,1,1.5,11,"PIKA-034 2016-08-15 11:50",NaN,NaN
"NWT","2016-08-15","PIKA-034","11:50",2,"11:59","PS",23,NaN,NaN,NaN,"PIKA-034 2016-08-15 11:50",NaN,NaN
"NWT","2016-08-15","PIKA-034","11:50",3,"12:00","OH",NaN,1,2.5,NaN,"PIKA-034 2016-08-15 11:50",NaN,NaN
"NWT","2016-08-15","PIKA-034","11:50",4,"12:03","OS",NaN,0.75,4,NaN,"PIKA-034 2016-08-15 11:50",NaN,NaN
"NWT","2016-08-15","PIKA-034","11:50",5,"12:05","FH",NaN,0.5,2,NaN,"PIKA-034 2016-08-15 11:50",NaN,NaN
"NWT","2016-08-15","PIKA-034","11:50",6,"12:08","OS",NaN,0.5,1.25,NaN,"PIKA-034 2016-08-15 11:50",NaN,NaN
"NWT","2016-08-15","PIKA-006","10:06",1,"10:07","FH",12,1.5,2,NaN,"PIKA-006 2016-08-15 10:06",NaN,NaN
"NWT","2016-08-15","PIKA-006","10:06",2,"10:08","PC",30,NaN,NaN,NaN,"PIKA-006 2016-08-15 10:06",NaN,NaN
"NWT","2016-08-15","PIKA-006","10:06",3,"10:11","PC",5,0.5,1.5,NaN,"PIKA-006 2016-08-15 10:06",NaN,NaN
"NWT","2016-08-15","PIKA-006","10:06",4,"10:11","FS",5,0.5,1.5,15,"PIKA-006 2016-08-15 10:06",NaN,NaN
"NWT","2016-08-15","PIKA-006","10:06",5,"10:14","PS",1.5,0.5,1,NaN,"PIKA-006 2016-08-15 10:06",NaN,NaN
"NWT","2016-08-15","PIKA-006","10:06",6,"10:16","FH",6,0.5,1.5,NaN,"PIKA-006 2016-08-15 10:06",NaN,NaN
"NWT","2016-08-15","PIKA-006","10:06",7,"10:18","PC",8,0.66,2,NaN,"PIKA-006 2016-08-15 10:06",NaN,NaN
"NWT","2016-08-15","PIKA-006","10:06",8,"10:19","PS",10,1.5,3,NaN,"PIKA-006 2016-08-15 10:06",NaN,NaN
"NWT","2016-08-15","PIKA-082","11:04",1,"11:04","FS/OS",NaN,1.5,1.5,10,"PIKA-082 2016-08-15 11:04",NaN,NaN
"NWT","2016-08-15","PIKA-082","11:04",2,"11:08","FS/OS",NaN,0.75,1,NaN,"PIKA-082 2016-08-15 11:04",NaN,NaN
"NWT","2016-08-15","PIKA-082","11:04",3,"11:09","PC",11,0.75,2,NaN,"PIKA-082 2016-08-15 11:04",NaN,NaN
"NWT","2016-08-15","PIKA-082","11:04",4,"11:11","PC",15,0.75,1.5,NaN,"PIKA-082 2016-08-15 11:04",NaN,NaN
"NWT","2016-08-15","PIKA-082","11:04",6,"11:16","FS/OS",NaN,0.25,1.5,NaN,"PIKA-082 2016-08-15 11:04",NaN,NaN
"NWT","2016-08-15","PIKA-082","11:04",7,"11:17","FH",NaN,0.6,1.5,NaN,"PIKA-082 2016-08-15 11:04",NaN,NaN
"NWT","2016-08-15","PIKA-097","12:57",1,"12:58","PC",40,NaN,NaN,NaN,"PIKA-097 2016-08-15 12:57",NaN,NaN
"NWT","2016-08-15","PIKA-097","12:57",2,"13:04","PC",30,NaN,NaN,NaN,"PIKA-097 2016-08-15 12:57",NaN,NaN
"NWT","2016-08-15","PIKA-097","12:57",3,"13:06","PC",30,NaN,NaN,NaN,"PIKA-097 2016-08-15 12:57",NaN,NaN
"NWT","2016-08-15","PIKA-097","12:57",4,"13:08","PC",20,NaN,NaN,NaN,"PIKA-097 2016-08-15 12:57",NaN,NaN
"NWT","2016-08-16","PIKA-010","11:52",1,"12:00","OS",NaN,0.25,1,NaN,"PIKA-010 2016-08-16 11:52",NaN,NaN
"NWT","2016-08-16","PIKA-010","11:52",2,"12:05","OS",NaN,0.25,1,NaN,"PIKA-010 2016-08-16 11:52",NaN,NaN
"NWT","2016-08-16","PIKA-117","10:15",1,"10:15","PC",20,NaN,2,NaN,"PIKA-117 2016-08-16 10:15",NaN,NaN
"NWT","2016-08-16","PIKA-117","10:15",2,"10:17","OS",5,0.25,1,NaN,"PIKA-117 2016-08-16 10:15",NaN,NaN
"NWT","2016-08-16","PIKA-117","10:15",3,"10:19","PS",17,NaN,2,NaN,"PIKA-117 2016-08-16 10:15",NaN,NaN
"NWT","2016-08-16","PIKA-117","10:15",4,"10:20","OS",1.5,0.25,1,NaN,"PIKA-117 2016-08-16 10:15",NaN,NaN
"NWT","2016-08-16","PIKA-026","09:40",1,"09:45","FS",NaN,0.5,1,5,"PIKA-026 2016-08-16 9:40",NaN,NaN
"NWT","2016-08-16","PIKA-026","09:40",2,"09:49","OS/FH",NaN,0.25,2.75,NaN,"PIKA-026 2016-08-16 9:40",NaN,NaN
"NWT","2016-08-16","PIKA-026","09:40",3,"09:52","FS/OS",NaN,1,2,10,"PIKA-026 2016-08-16 9:40",NaN,NaN
"NWT","2016-08-16","PIKA-026","09:40",4,"09:56","FS/OS",NaN,0.25,1,NaN,"PIKA-026 2016-08-16 9:40",NaN,NaN
"NWT","2016-08-16","PIKA-026","09:40",5,"09:57","PS",30,NaN,1.5,NaN,"PIKA-026 2016-08-16 9:40",NaN,NaN
"NWT","2016-08-16","PIKA-040","10:44",1,"10:45","OH",NaN,0.25,2,NaN,"PIKA-040 2016-08-16 10:44",NaN,NaN
"NWT","2016-08-16","PIKA-040","10:44",2,"10:46","OS",NaN,1,2,NaN,"PIKA-040 2016-08-16 10:44",NaN,NaN
"NWT","2016-08-16","PIKA-040","10:44",3,"10:49","OS",NaN,0.5,1.75,NaN,"PIKA-040 2016-08-16 10:44",NaN,NaN
"NWT","2016-08-16","PIKA-040","10:44",4,"10:50","OH",NaN,0.5,1.5,NaN,"PIKA-040 2016-08-16 10:44",NaN,NaN
"NWT","2016-08-16","PIKA-040","10:44",5,"10:54","OS",NaN,0.5,2.5,NaN,"PIKA-040 2016-08-16 10:44",NaN,NaN
"NWT","2016-08-16","PIKA-005","11:55",1,"11:51","PC",30,NaN,NaN,NaN,"PIKA-005 2016-08-16 11:55",NaN,NaN
"NWT","2016-08-16","PIKA-005","11:55",2,"11:57","OS",NaN,1.25,2.5,NaN,"PIKA-005 2016-08-16 11:55",NaN,NaN
"NWT","2016-08-16","PIKA-005","11:55",3,"11:58","PC",50,NaN,NaN,NaN,"PIKA-005 2016-08-16 11:55",NaN,NaN
"NWT","2016-08-16","PIKA-005","11:55",5,"12:01","OS",NaN,1,8,NaN,"PIKA-005 2016-08-16 11:55",NaN,NaN
"NWT","2016-08-16","PIKA-005","11:55",6,"12:05","FS",NaN,2,7,5,"PIKA-005 2016-08-16 11:55",NaN,NaN
"NWT","2016-08-16","PIKA-005","11:55",7,NaN,"OS",NaN,2,3.5,NaN,"PIKA-005 2016-08-16 11:55",NaN,NaN
"NWT","2016-08-16","PIKA-008","09:26",1,"09:28","PS",12,1,1.5,NaN,"PIKA-008 2016-08-16 9:26",NaN,NaN
"NWT","2016-08-16","PIKA-008","09:26",2,"09:28","PC",12,1,1.5,NaN,"PIKA-008 2016-08-16 9:26",NaN,NaN
"NWT","2016-08-16","PIKA-008","09:26",3,"09:31","OH",NaN,0.25,1.25,NaN,"PIKA-008 2016-08-16 9:26",NaN,NaN
"NWT","2016-08-16","PIKA-008","09:26",4,"09:34","FS",NaN,1,0.75,5,"PIKA-008 2016-08-16 9:26",NaN,NaN
"NWT","2016-08-16","PIKA-008","09:26",5,"09:34","OH",NaN,1,1,NaN,"PIKA-008 2016-08-16 9:26",NaN,NaN
"NWT","2016-08-16","PIKA-008","09:26",6,"09:38","PC",5,NaN,NaN,NaN,"PIKA-008 2016-08-16 9:26",NaN,NaN
"NWT","2016-08-16","PIKA-008","09:26",7,"09:39","PS",12,1,1.25,NaN,"PIKA-008 2016-08-16 9:26",NaN,NaN
"NWT","2016-08-16","PIKA-008","09:26",8,"09:41","OS",NaN,1.5,2.5,NaN,"PIKA-008 2016-08-16 9:26",NaN,NaN
"NWT","2016-08-16","PIKA-088","11:16",1,"11:25","OH",NaN,0.25,1.5,NaN,"PIKA-088 2016-08-16 11:16",NaN,NaN
"NWT","2016-08-17","PIKA-011","08:49",1,"08:50","PC/PS",24,0.5,2,NaN,"PIKA-011 2016-08-17 8:49",NaN,NaN
"NWT","2016-08-17","PIKA-011","08:49",2,"08:59","OS",NaN,0.25,1,NaN,"PIKA-011 2016-08-17 8:49",NaN,NaN
"NWT","2016-08-17","PIKA-002","10:01",1,"10:01","OS",NaN,0.25,2.5,NaN,"PIKA-002 2016-08-17 10:01",NaN,NaN
"NWT","2016-08-17","PIKA-002","10:01",2,"10:03","OH",NaN,0.25,2.5,NaN,"PIKA-002 2016-08-17 10:01",NaN,NaN
"NWT","2016-08-17","PIKA-002","10:01",3,"10:04","OH",NaN,0.5,1.5,NaN,"PIKA-002 2016-08-17 10:01",NaN,NaN
"NWT","2016-08-17","PIKA-002","10:01",4,"10:05","FH",NaN,0.75,1.5,NaN,"PIKA-002 2016-08-17 10:01",NaN,NaN
"NWT","2016-08-17","PIKA-002","10:01",5,"10:06","OS",NaN,0.75,1.5,NaN,"PIKA-002 2016-08-17 10:01",NaN,NaN
"NWT","2016-08-17","PIKA-002","10:01",6,"10:07","FS",NaN,0.5,2,NaN,"PIKA-002 2016-08-17 10:01",NaN,NaN
"NWT","2016-08-17","PIKA-002","10:01",7,"10:07","PC",NaN,0.5,1.5,NaN,"PIKA-002 2016-08-17 10:01",NaN,NaN
"NWT","2016-08-17","PIKA-002","10:01",8,"10:08","OH",NaN,0.5,2,NaN,"PIKA-002 2016-08-17 10:01",NaN,NaN
"NWT","2016-08-17","PIKA-083","10:39",1,"10:49","OS",NaN,0.75,1.75,NaN,"PIKA-083 2016-08-17 10:39",NaN,NaN
"NWT","2016-08-17","PIKA-083","10:39",2,"10:50","OS",NaN,0.5,1.5,NaN,"PIKA-083 2016-08-17 10:39",NaN,NaN
"NWT","2016-08-17","PIKA-083","10:39",3,"10:51","OS",NaN,0.25,1,NaN,"PIKA-083 2016-08-17 10:39",NaN,NaN
"NWT","2016-08-17","PIKA-083","10:39",4,"10:52","PS",29,NaN,NaN,NaN,"PIKA-083 2016-08-17 10:39",NaN,NaN
"NWT","2016-08-17","PIKA-083","10:39",5,"10:53","FS",NaN,1,1.5,6,"PIKA-083 2016-08-17 10:39",NaN,NaN
"NWT","2016-08-17","PIKA-083","10:39",6,"10:57","FS",NaN,0.25,1.25,6,"PIKA-083 2016-08-17 10:39",NaN,NaN
"NWT","2016-08-17","PIKA-083","10:39",7,"11:04","OS",NaN,0.5,2,NaN,"PIKA-083 2016-08-17 10:39",NaN,NaN
"NWT","2016-08-18","PIKA-116","10:43",1,"10:45","FS",NaN,0.33,0.66,5,"PIKA-116 2016-08-18 10:43",NaN,NaN
"NWT","2016-08-18","PIKA-116","10:43",2,"10:46","PC",5,0.5,1,NaN,"PIKA-116 2016-08-18 10:43",NaN,NaN
"NWT","2016-08-18","PIKA-116","10:43",3,"10:50","PC",2,0.5,1,NaN,"PIKA-116 2016-08-18 10:43",NaN,NaN
"NWT","2016-08-18","PIKA-116","10:43",4,"10:50","FS",10,0.33,0.75,NaN,"PIKA-116 2016-08-18 10:43",NaN,NaN
"NWT","2016-08-18","PIKA-116","10:43",5,"10:55","PC",8,0.33,0.5,1,"PIKA-116 2016-08-18 10:43",NaN,NaN
"NWT","2016-08-18","PIKA-116","10:43",6,"10:59","OH",4,0.66,1,NaN,"PIKA-116 2016-08-18 10:43",NaN,NaN
"NWT","2016-08-18","PIKA-186","09:15",1,"09:15","PC",9,NaN,NaN,NaN,"PIKA-186 2016-08-18 9:15",NaN,NaN
"NWT","2016-08-18","PIKA-186","09:15",2,"09:18","OS",10,0.5,1,NaN,"PIKA-186 2016-08-18 9:15",NaN,NaN
"NWT","2016-08-18","PIKA-186","09:15",3,"09:19","OH",12,0.25,1,NaN,"PIKA-186 2016-08-18 9:15",NaN,NaN
"NWT","2016-08-18","PIKA-195","09:59",1,"09:59","OH",2,0.25,1,NaN,"PIKA-195 2016-08-18 9:59",NaN,NaN
"NWT","2017-08-02","PIKA-003","11:00",1,"11:07","OH",6,0.7,1.1,NaN,"PIKA-003 2017-08-02 11:00",NaN,NaN
"NWT","2017-08-07","PIKA-010","10:49",1,"10:57","OS",8,0.75,1.5,NaN,"PIKA-010 2017-08-07 10:49",NaN,NaN
"NWT","2017-08-07","PIKA-010","10:49",2,"10:57","OH",8,0.75,1.5,NaN,"PIKA-010 2017-08-07 10:49",NaN,NaN
"NWT","2017-08-07","PIKA-010","10:49",3,"11:00","OH",8,0.75,1.25,NaN,"PIKA-010 2017-08-07 10:49",NaN,NaN
"NWT","2017-08-07","PIKA-010","10:49",4,"11:00","OS",8,0.75,1.25,NaN,"PIKA-010 2017-08-07 10:49",NaN,NaN
"NWT","2017-08-07","PIKA-010","10:49",5,"11:02","OH",NaN,NaN,NaN,NaN,"PIKA-010 2017-08-07 10:49",NaN,NaN
"NWT","2017-08-07","PIKA-010","10:49",6,"11:02","OS",NaN,NaN,NaN,NaN,"PIKA-010 2017-08-07 10:49",NaN,NaN
"NWT","2017-08-07","PIKA-050","13:04",1,"12:55","PS",8,NaN,NaN,NaN,"PIKA-050 2017-08-07 13:04",NaN,NaN
"NWT","2017-08-07","PIKA-050","13:04",2,"13:04","FS",6,NaN,NaN,10,"PIKA-050 2017-08-07 13:04",NaN,NaN
"NWT","2017-08-07","PIKA-050","13:04",3,"13:06","FH",2,NaN,NaN,NaN,"PIKA-050 2017-08-07 13:04",NaN,NaN
"NWT","2017-08-07","PIKA-050","13:04",4,"13:08","FH",3,NaN,NaN,NaN,"PIKA-050 2017-08-07 13:04",NaN,NaN
"NWT","2017-08-07","PIKA-050","13:04",5,"13:10","OS",3,NaN,NaN,NaN,"PIKA-050 2017-08-07 13:04",NaN,NaN
"NWT","2017-08-07","PIKA-050","13:04",6,"13:10","FH",8,NaN,NaN,NaN,"PIKA-050 2017-08-07 13:04",NaN,NaN
"NWT","2017-08-07","PIKA-050","13:04",7,"13:10","PS",10,NaN,NaN,NaN,"PIKA-050 2017-08-07 13:04",NaN,NaN
"NWT","2017-08-07","PIKA-050","13:04",8,NaN,"FS",11,NaN,NaN,NaN,"PIKA-050 2017-08-07 13:04",NaN,NaN
"NWT","2017-08-07","PIKA-057","14:02",1,"14:02","PC",25,NaN,NaN,NaN,"PIKA-057 2017-08-07 14:02",NaN,NaN
"NWT","2017-08-07","PIKA-057","14:02",2,"14:06","OS",NaN,0.5,3,NaN,"PIKA-057 2017-08-07 14:02",NaN,NaN
"NWT","2017-08-07","PIKA-057","14:02",3,"14:08","OS",NaN,0.75,2,NaN,"PIKA-057 2017-08-07 14:02",NaN,NaN
"NWT","2017-08-07","PIKA-006","13:57",1,"13:57","PS",18,1.5,1,NaN,"PIKA-006 2017-08-07 13:57",NaN,NaN
"NWT","2017-08-07","PIKA-006","13:57",2,"13:59","PC",15,0.5,2,NaN,"PIKA-006 2017-08-07 13:57",NaN,NaN
"NWT","2017-08-07","PIKA-006","13:57",3,"14:00","PC",18,1,1.5,NaN,"PIKA-006 2017-08-07 13:57",NaN,NaN
"NWT","2017-08-07","PIKA-006","13:57",4,"14:02","FH",NaN,0.5,3,NaN,"PIKA-006 2017-08-07 13:57",NaN,NaN
"NWT","2017-08-07","PIKA-006","13:57",5,"14:03","OS",NaN,1,1.5,NaN,"PIKA-006 2017-08-07 13:57",NaN,NaN
"NWT","2017-08-07","PIKA-006","13:57",6,"14:04","OS",NaN,0.5,1.25,NaN,"PIKA-006 2017-08-07 13:57",NaN,NaN
"NWT","2017-08-07","PIKA-006","13:57",7,"14:07","FH",NaN,1,3.25,NaN,"PIKA-006 2017-08-07 13:57",NaN,NaN
"NWT","2017-08-07","PIKA-006","13:57",8,"14:09","OS",NaN,0.25,4,NaN,"PIKA-006 2017-08-07 13:57",NaN,NaN
"NWT","2017-08-08","PIKA-012","11:09",1,"11:06","PC",25,NaN,NaN,NaN,"PIKA-012 2017-08-08 11:09",NaN,NaN
"NWT","2017-08-08","PIKA-014","10:46",1,"10:56","OH",NaN,1,2,NaN,"PIKA-014 2017-08-08 10:46",NaN,NaN
"NWT","2017-08-08","PIKA-014","10:46",2,"10:56","OS",NaN,1,2,NaN,"PIKA-014 2017-08-08 10:46",NaN,NaN
"NWT","2017-08-08","PIKA-140","10:23",1,"10:07","PC",20,NaN,NaN,NaN,"PIKA-140 2017-08-08 10:23",NaN,NaN
"NWT","2017-08-08","PIKA-140","10:23",2,"10:24","OH",12,0.2,0.5,NaN,"PIKA-140 2017-08-08 10:23",NaN,NaN
"NWT","2017-08-08","PIKA-003","11:21",1,"11:24","OH",6,1,1.25,NaN,"PIKA-003 2017-08-08 11:21",NaN,NaN
"NWT","2017-08-08","PIKA-003","11:21",2,"11:30","OS",1,0.25,0.5,NaN,"PIKA-003 2017-08-08 11:21",NaN,NaN
"NWT","2017-08-08","PIKA-003","11:21",3,"11:36","OS",6,1,1.25,NaN,"PIKA-003 2017-08-08 11:21",NaN,NaN
"NWT","2017-08-08","PIKA-056","12:00",1,"12:04","FS",NaN,0.5,1,9,"PIKA-056 2017-08-08 12:00",NaN,NaN
"NWT","2017-08-08","PIKA-056","12:00",2,"12:05","PS",12,0.25,0.3,NaN,"PIKA-056 2017-08-08 12:00",NaN,NaN
"NWT","2017-08-08","PIKA-056","12:00",3,"12:06","FH",10,0.25,0.3,NaN,"PIKA-056 2017-08-08 12:00",NaN,NaN
"NWT","2017-08-08","PIKA-056","12:00",4,"12:06","PC",15,0.25,0.3,NaN,"PIKA-056 2017-08-08 12:00",NaN,NaN
"NWT","2017-08-08","PIKA-056","12:00",5,"12:09","PS",0.3,0.5,0.5,NaN,"PIKA-056 2017-08-08 12:00",NaN,NaN
"NWT","2017-08-08","PIKA-056","12:00",6,"12:10","PS",10,0.25,0.3,NaN,"PIKA-056 2017-08-08 12:00",NaN,NaN
"NWT","2017-08-08","PIKA-056","12:00",7,"12:10","OH",3,0.3,0.5,NaN,"PIKA-056 2017-08-08 12:00",NaN,NaN
"NWT","2017-08-08","PIKA-056","12:00",8,"12:13","OH",12,0.3,0.5,NaN,"PIKA-056 2017-08-08 12:00",NaN,NaN
"NWT","2017-08-08","PIKA-060","09:13",1,"09:17","PC",50,NaN,NaN,NaN,"PIKA-060 2017-08-08 9:13",NaN,NaN
"NWT","2017-08-08","PIKA-062","11:59",1,"12:09","OS",NaN,1,1.25,NaN,"PIKA-062 2017-08-08 11:59",NaN,NaN
"NWT","2017-08-08","PIKA-062","11:59",2,"12:09","OH",NaN,1,1.25,NaN,"PIKA-062 2017-08-08 11:59",NaN,NaN
"NWT","2017-08-08","PIKA-062","11:59",3,"12:12","OH",NaN,0.5,1,NaN,"PIKA-062 2017-08-08 11:59",NaN,NaN
"NWT","2017-08-08","PIKA-068","09:59",1,"10:00","PC",7,2,2,NaN,"PIKA-068 2017-08-08 9:59",NaN,NaN
"NWT","2017-08-08","PIKA-068","09:59",2,"10:10","FS",12,NaN,NaN,3,"PIKA-068 2017-08-08 9:59",NaN,NaN
"NWT","2017-08-08","PIKA-068","09:59",3,"10:11","OS",12,2,2,NaN,"PIKA-068 2017-08-08 9:59",NaN,NaN
"NWT","2017-08-08","PIKA-068","09:59",4,"10:15","PC",20,NaN,NaN,NaN,"PIKA-068 2017-08-08 9:59",NaN,NaN
"NWT","2017-08-08","PIKA-068","09:59",5,"10:16","OS",12,2,2,NaN,"PIKA-068 2017-08-08 9:59",NaN,NaN
"NWT","2017-08-09","PIKA-004","11:09",1,"11:12","PC",20,NaN,NaN,NaN,"PIKA-004 2017-08-09 11:09",NaN,NaN
"NWT","2017-08-09","PIKA-004","11:09",2,"11:13","OS",2,1,2,NaN,"PIKA-004 2017-08-09 11:09",NaN,NaN
"NWT","2017-08-09","PIKA-004","11:09",3,"11:15","OS",5,0.25,0.5,NaN,"PIKA-004 2017-08-09 11:09",NaN,NaN
"NWT","2017-08-09","PIKA-004","11:09",4,"11:20","FS",12,0.5,1,13,"PIKA-004 2017-08-09 11:09",NaN,NaN
"NWT","2017-08-09","PIKA-004","11:09",5,"11:23","PC/PS",18,NaN,NaN,NaN,"PIKA-004 2017-08-09 11:09",NaN,NaN
"NWT","2017-08-09","PIKA-072","11:39",1,"11:41","PS/PC",15,NaN,1,NaN,"PIKA-072 2017-08-09 11:39",NaN,NaN
"NWT","2017-08-09","PIKA-072","11:39",2,"11:43","OS",NaN,1,2,NaN,"PIKA-072 2017-08-09 11:39",NaN,NaN
"NWT","2017-08-09","PIKA-072","11:39",3,"11:44","FH",NaN,0.25,1,NaN,"PIKA-072 2017-08-09 11:39",NaN,NaN
"NWT","2017-08-09","PIKA-072","11:39",4,"11:44","OS",NaN,1.5,3.5,NaN,"PIKA-072 2017-08-09 11:39",NaN,NaN
"NWT","2017-08-09","PIKA-072","11:39",5,"11:46","FS",NaN,0.5,0.5,9,"PIKA-072 2017-08-09 11:39",NaN,NaN
"NWT","2017-08-09","PIKA-072","11:39",6,"11:49","PC/PS",25,NaN,NaN,NaN,"PIKA-072 2017-08-09 11:39",NaN,NaN
"NWT","2017-08-09","PIKA-072","11:39",7,"11:49","PS",40,NaN,NaN,NaN,"PIKA-072 2017-08-09 11:39",NaN,NaN
"NWT","2017-08-09","PIKA-072","11:39",8,"11:49","PC/PS",25,NaN,NaN,NaN,"PIKA-072 2017-08-09 11:39",NaN,NaN
"NWT","2017-08-09","PIKA-074","10:33",1,"10:33","FS",NaN,0.5,1.5,9,"PIKA-074 2017-08-09 10:33",NaN,NaN
"NWT","2017-08-09","PIKA-074","10:33",2,"10:35","PC",30,NaN,NaN,NaN,"PIKA-074 2017-08-09 10:33",NaN,NaN
"NWT","2017-08-09","PIKA-074","10:33",3,"10:39","OH",NaN,0.5,1,NaN,"PIKA-074 2017-08-09 10:33",NaN,NaN
"NWT","2017-08-09","PIKA-074","10:33",4,"10:40","PC",15,NaN,1,NaN,"PIKA-074 2017-08-09 10:33",NaN,NaN
"NWT","2017-08-09","PIKA-074","10:33",5,"10:40","PS",20,NaN,1,NaN,"PIKA-074 2017-08-09 10:33",NaN,NaN
"NWT","2017-08-09","PIKA-008","12:20",1,"12:20","OH",NaN,1.5,1,NaN,"PIKA-008 2017-08-09 12:20",NaN,NaN
"NWT","2017-08-09","PIKA-008","12:20",2,"12:20","PC",14,NaN,NaN,NaN,"PIKA-008 2017-08-09 12:20",NaN,NaN
"NWT","2017-08-09","PIKA-008","12:20",3,"12:21","FS",NaN,1.5,1,12,"PIKA-008 2017-08-09 12:20",NaN,NaN
"NWT","2017-08-09","PIKA-008","12:20",4,"12:21","PC",20,NaN,NaN,NaN,"PIKA-008 2017-08-09 12:20",NaN,NaN
"NWT","2017-08-09","PIKA-008","12:20",5,"12:22","OS",NaN,0.5,0.5,NaN,"PIKA-008 2017-08-09 12:20",NaN,NaN
"NWT","2017-08-09","PIKA-008","12:20",6,"12:23","PC",30,NaN,NaN,NaN,"PIKA-008 2017-08-09 12:20",NaN,NaN
"NWT","2017-08-09","PIKA-008","12:20",7,"12:24","OH",NaN,0.5,3,NaN,"PIKA-008 2017-08-09 12:20",NaN,NaN
"NWT","2017-08-09","PIKA-008","12:20",8,"12:23","FS",NaN,1,2,NaN,"PIKA-008 2017-08-09 12:20",NaN,NaN
"NWT","2017-08-10","PIKA-011","11:55",1,"11:59","FS",NaN,0.3,1.5,9,"PIKA-011 2017-08-10 11:55",NaN,NaN
"NWT","2017-08-10","PIKA-011","11:55",2,"12:02","OS",NaN,0.3,1.5,NaN,"PIKA-011 2017-08-10 11:55",NaN,NaN
"NWT","2017-08-10","PIKA-011","11:55",3,"12:06","PC",24,NaN,NaN,NaN,"PIKA-011 2017-08-10 11:55",NaN,NaN
"NWT","2017-08-10","PIKA-011","11:55",4,"12:07","FS",NaN,0.3,1,NaN,"PIKA-011 2017-08-10 11:55",NaN,NaN
"NWT","2017-08-10","PIKA-011","11:55",5,"12:11","OH",NaN,0.3,0.75,NaN,"PIKA-011 2017-08-10 11:55",NaN,NaN
"NWT","2017-08-10","PIKA-011","11:55",6,"12:13","FS",NaN,0.3,1.5,NaN,"PIKA-011 2017-08-10 11:55",NaN,NaN
"NWT","2017-08-10","PIKA-011","11:55",7,"12:15","PC",10,1,3,NaN,"PIKA-011 2017-08-10 11:55",NaN,NaN
"NWT","2017-08-10","PIKA-011","12:48",1,"12:43","PS",12,0.7,1.5,NaN,"PIKA-011 2017-08-10 12:48",NaN,NaN
"NWT","2017-08-10","PIKA-011","12:48",2,"12:47","PC",12,0.7,1.5,NaN,"PIKA-011 2017-08-10 12:48",NaN,NaN
"NWT","2017-08-10","PIKA-011","12:48",3,"12:49","OS",8,0.5,0.5,NaN,"PIKA-011 2017-08-10 12:48",NaN,NaN
"NWT","2017-08-10","PIKA-011","12:48",4,"12:53","FS",3,0.3,1.5,NaN,"PIKA-011 2017-08-10 12:48",NaN,NaN
"NWT","2017-08-10","PIKA-011","12:48",5,"12:56","FS",10,0.5,1,NaN,"PIKA-011 2017-08-10 12:48",NaN,NaN
"NWT","2017-08-10","PIKA-011","12:48",6,"12:58","OS",10,0.25,2,NaN,"PIKA-011 2017-08-10 12:48",NaN,NaN
"NWT","2017-08-10","PIKA-019","09:08",1,"09:08","PS",12,0.3,0.5,NaN,"PIKA-019 2017-08-10 9:08",NaN,NaN
"NWT","2017-08-10","PIKA-019","09:08",2,"09:14","FH",11,0.5,1,NaN,"PIKA-019 2017-08-10 9:08",NaN,NaN
"NWT","2017-08-10","PIKA-019","09:08",3,"09:19","FS",12,0.3,0.5,NaN,"PIKA-019 2017-08-10 9:08",NaN,NaN
"NWT","2017-08-10","PIKA-019","09:08",4,"09:23","FS",12,0.3,1,NaN,"PIKA-019 2017-08-10 9:08",NaN,NaN
"NWT","2017-08-10","PIKA-019","09:08",5,"09:26","PC",15,0.3,0.5,NaN,"PIKA-019 2017-08-10 9:08",NaN,NaN
"NWT","2017-08-10","PIKA-019","09:32",1,"09:40","FS",NaN,0.5,1,NaN,"PIKA-019 2017-08-10 9:32",NaN,NaN
"NWT","2017-08-10","PIKA-019","09:32",2,"09:41","OH",NaN,1,2,NaN,"PIKA-019 2017-08-10 9:32",NaN,NaN
"NWT","2017-08-10","PIKA-019","09:32",3,"09:43","OS",NaN,1,2,NaN,"PIKA-019 2017-08-10 9:32",NaN,NaN
"NWT","2017-08-10","PIKA-019","09:32",4,"09:48","FH",NaN,0.5,1.5,NaN,"PIKA-019 2017-08-10 9:32",NaN,NaN
"NWT","2017-08-10","PIKA-023","11:32",1,"11:32","FH",2,1,1.5,NaN,"PIKA-023 2017-08-10 11:32",NaN,NaN
"NWT","2017-08-10","PIKA-023","11:32",2,"11:35","FS",3,1,1,NaN,"PIKA-023 2017-08-10 11:32",NaN,NaN
"NWT","2017-08-10","PIKA-023","11:32",3,"11:37","FS",5,1,1,14,"PIKA-023 2017-08-10 11:32",NaN,NaN
"NWT","2017-08-10","PIKA-023","11:32",4,"11:39","FH",10,1,1,NaN,"PIKA-023 2017-08-10 11:32",NaN,NaN
"NWT","2017-08-10","PIKA-023","11:32",5,"11:42","PS",4,1,1.5,NaN,"PIKA-023 2017-08-10 11:32",NaN,NaN
"NWT","2017-08-10","PIKA-023","09:20",1,"09:22","FH",NaN,1,0.5,NaN,"PIKA-023 2017-08-10 9:20",NaN,NaN
"NWT","2017-08-10","PIKA-023","09:20",2,"09:26","PC",30,NaN,NaN,NaN,"PIKA-023 2017-08-10 9:20",NaN,NaN
"NWT","2017-08-10","PIKA-023","09:20",3,"09:28","FS",NaN,1,1.5,NaN,"PIKA-023 2017-08-10 9:20",NaN,NaN
"NWT","2017-08-10","PIKA-023","09:20",4,"09:28","PC/PS",2,1.5,2.5,NaN,"PIKA-023 2017-08-10 9:20",NaN,NaN
"NWT","2017-08-10","PIKA-023","09:20",5,"09:30","FH",NaN,1,2,NaN,"PIKA-023 2017-08-10 9:20",NaN,NaN
"NWT","2017-08-10","PIKA-023","09:20",6,"09:31","PC",12,0.5,1.5,NaN,"PIKA-023 2017-08-10 9:20",NaN,NaN
"NWT","2017-08-10","PIKA-023","09:20",7,"09:33","PS",12,0.5,0.5,NaN,"PIKA-023 2017-08-10 9:20",NaN,NaN
"NWT","2017-08-10","PIKA-023","09:20",8,"09:39","FH",NaN,1.5,3,NaN,"PIKA-023 2017-08-10 9:20",NaN,NaN
"NWT","2017-08-10","PIKA-071","13:38",1,"13:40","OS",NaN,0.5,2.5,NaN,"PIKA-071 2017-08-10 13:38",NaN,NaN
"NWT","2017-08-10","PIKA-071","13:38",2,"13:48","OS",NaN,1,1.5,NaN,"PIKA-071 2017-08-10 13:38",NaN,NaN
"NWT","2017-08-10","PIKA-075","10:51",1,"10:54","OS",NaN,5,2.5,NaN,"PIKA-075 2017-08-10 10:51",NaN,NaN
"NWT","2017-08-10","PIKA-075","10:51",2,"10:58","FS",NaN,0.3,2.5,NaN,"PIKA-075 2017-08-10 10:51",NaN,NaN
"NWT","2017-08-10","PIKA-075","10:51",3,"11:04","FS",NaN,1,3,9,"PIKA-075 2017-08-10 10:51",NaN,NaN
"NWT","2017-08-10","PIKA-075","10:51",4,"11:07","FS",NaN,0.3,2.5,NaN,"PIKA-075 2017-08-10 10:51",NaN,NaN
"NWT","2017-08-10","PIKA-075","10:51",5,"11:10","FS",NaN,1,4,NaN,"PIKA-075 2017-08-10 10:51",NaN,NaN
"NWT","2017-08-10","PIKA-075","10:51",6,"11:11","FH",NaN,3,4,NaN,"PIKA-075 2017-08-10 10:51",NaN,NaN
"NWT","2017-08-10","PIKA-075","10:51",7,"11:14","PC",20,NaN,NaN,NaN,"PIKA-075 2017-08-10 10:51",NaN,NaN
"NWT","2017-08-10","PIKA-075","10:51",8,"11:14","FS",NaN,0.3,4,NaN,"PIKA-075 2017-08-10 10:51",NaN,NaN
"NWT","2017-08-11","PIKA-007","10:05",1,"10:18","PC",20,NaN,NaN,NaN,"PIKA-007 2017-08-11 10:05",NaN,NaN
"NWT","2017-08-11","PIKA-007","10:05",2,"10:20","OS/FS",5,1,1,20,"PIKA-007 2017-08-11 10:05",NaN,NaN
"NWT","2017-08-11","PIKA-007","09:45",1,"09:45","PC",20,1,1,NaN,"PIKA-007 2017-08-11 9:45",NaN,NaN
"NWT","2017-08-11","PIKA-007","09:45",2,"09:46","PC",5,1,2,NaN,"PIKA-007 2017-08-11 9:45",NaN,NaN
"NWT","2017-08-11","PIKA-007","09:45",3,"09:49","OS",5,1,3,NaN,"PIKA-007 2017-08-11 9:45",NaN,NaN
"NWT","2017-08-11","PIKA-007","09:45",4,"09:54","PC",20,NaN,NaN,NaN,"PIKA-007 2017-08-11 9:45",NaN,NaN
"NWT","2017-08-11","PIKA-007","09:45",5,"09:55","PC",5,1,2,NaN,"PIKA-007 2017-08-11 9:45",NaN,NaN
"NWT","2017-08-11","PIKA-007","09:45",6,"09:55","PC",7,1,2,NaN,"PIKA-007 2017-08-11 9:45",NaN,NaN
"NWT","2017-08-11","PIKA-007","09:45",7,"09:56","OS",4,1,1.5,NaN,"PIKA-007 2017-08-11 9:45",NaN,NaN
"NWT","2017-08-11","PIKA-007","09:45",8,"09:57","OS",4,1,2.5,NaN,"PIKA-007 2017-08-11 9:45",NaN,NaN
"NWT","2017-08-14","PIKA-117","10:32",1,"10:36","OH",NaN,0.3,1.5,NaN,"PIKA-117 2017-08-14 10:32",NaN,NaN
"NWT","2017-08-14","PIKA-117","10:32",2,"10:38","PS",30,0.5,1,NaN,"PIKA-117 2017-08-14 10:32",NaN,NaN
"NWT","2017-08-14","PIKA-117","10:32",3,"10:39","FS",NaN,0.75,1.5,12,"PIKA-117 2017-08-14 10:32",NaN,NaN
"NWT","2017-08-14","PIKA-117","13:36",1,"13:38","PC",15,NaN,NaN,NaN,"PIKA-117 2017-08-14 13:36",NaN,NaN
"NWT","2017-08-14","PIKA-117","13:36",2,"13:40","PC/PS",25,NaN,NaN,NaN,"PIKA-117 2017-08-14 13:36",NaN,NaN
"NWT","2017-08-14","PIKA-117","13:36",3,"13:42","PC",10,0.3,1.5,NaN,"PIKA-117 2017-08-14 13:36",NaN,NaN
"NWT","2017-08-14","PIKA-022","10:49",1,"10:49","PC",20,NaN,NaN,NaN,"PIKA-022 2017-08-14 10:49",NaN,NaN
"NWT","2017-08-14","PIKA-022","10:49",2,"10:50","PC",25,NaN,NaN,NaN,"PIKA-022 2017-08-14 10:49",NaN,NaN
"NWT","2017-08-14","PIKA-022","10:49",3,"10:52","PC",20,NaN,NaN,NaN,"PIKA-022 2017-08-14 10:49",NaN,NaN
"NWT","2017-08-14","PIKA-022","10:49",4,"10:55","PC",20,NaN,NaN,NaN,"PIKA-022 2017-08-14 10:49",NaN,NaN
"NWT","2017-08-14","PIKA-022","10:49",5,"10:59","PC",30,NaN,NaN,NaN,"PIKA-022 2017-08-14 10:49",NaN,NaN
"NWT","2017-08-14","PIKA-022","11:20",1,"11:25","PC",30,NaN,NaN,NaN,"PIKA-022 2017-08-14 11:20",NaN,NaN
"NWT","2017-08-14","PIKA-022","11:20",2,"11:27","PC",25,NaN,NaN,NaN,"PIKA-022 2017-08-14 11:20",NaN,NaN
"NWT","2017-08-14","PIKA-022","11:20",3,"11:30","PC",20,NaN,NaN,NaN,"PIKA-022 2017-08-14 11:20",NaN,NaN
"NWT","2017-08-14","PIKA-022","11:20",4,"11:36","PC",100,NaN,NaN,NaN,"PIKA-022 2017-08-14 11:20",NaN,NaN
"NWT","2017-08-14","PIKA-049","12:40",1,"11:41","PC",20,NaN,NaN,NaN,"PIKA-049 2017-08-14 12:40",NaN,NaN
"NWT","2017-08-14","PIKA-049","12:40",2,"11:49","PS",50,NaN,NaN,NaN,"PIKA-049 2017-08-14 12:40",NaN,NaN
"NWT","2017-08-14","PIKA-053","13:35",1,"13:38","OH",3,1.5,1,NaN,"PIKA-053 2017-08-14 13:35",NaN,NaN
"NWT","2017-08-14","PIKA-053","13:35",2,"13:38","OS",3,1.5,1,NaN,"PIKA-053 2017-08-14 13:35",NaN,NaN
"NWT","2017-08-14","PIKA-097","11:29",1,"11:32","FS",10,1.5,3,NaN,"PIKA-097 2017-08-14 11:29",NaN,NaN
"NWT","2017-08-14","PIKA-097","11:29",2,"11:41","FS",8,1,2,14,"PIKA-097 2017-08-14 11:29",NaN,NaN
"NWT","2017-08-14","PIKA-097","11:29",3,"11:48","PC",40,0.5,2,NaN,"PIKA-097 2017-08-14 11:29",NaN,NaN
"NWT","2017-08-14","PIKA-097","12:32",1,"12:34","FS",NaN,0.5,1.5,NaN,"PIKA-097 2017-08-14 12:32",NaN,NaN
"NWT","2017-08-14","PIKA-097","12:32",2,"12:35","PC",15,NaN,NaN,NaN,"PIKA-097 2017-08-14 12:32",NaN,NaN
"NWT","2017-08-14","PIKA-097","12:32",3,"12:37","FS",NaN,0.5,3,NaN,"PIKA-097 2017-08-14 12:32",NaN,NaN
"NWT","2017-08-14","PIKA-097","12:32",4,"12:38","PS/PC",20,NaN,3.5,NaN,"PIKA-097 2017-08-14 12:32",NaN,NaN
"NWT","2017-08-14","PIKA-097","12:32",5,"12:45","PS/PC",12,2,3.5,NaN,"PIKA-097 2017-08-14 12:32",NaN,NaN
"NWT","2017-08-14","PIKA-097","12:32",6,"12:47","FS",NaN,1.5,2,NaN,"PIKA-097 2017-08-14 12:32",NaN,NaN
"NWT","2017-08-14","PIKA-097","12:32",7,"12:52","FS",NaN,2,2,NaN,"PIKA-097 2017-08-14 12:32",NaN,NaN
"NWT","2017-08-15","PIKA-100","14:04",1,"14:04","OH",NaN,0.3,0.5,NaN,"PIKA-100 2017-08-15 14:04",NaN,NaN
"NWT","2017-08-15","PIKA-100","14:04",2,"14:07","OH/OS",NaN,0.3,0.5,NaN,"PIKA-100 2017-08-15 14:04",NaN,NaN
"NWT","2017-08-15","PIKA-100","14:04",3,"14:14","OH",NaN,0.2,0.5,NaN,"PIKA-100 2017-08-15 14:04",NaN,NaN
"NWT","2017-08-15","PIKA-100","14:04",4,"14:16","OH",NaN,0.2,0.5,NaN,"PIKA-100 2017-08-15 14:04",NaN,NaN
"NWT","2017-08-15","PIKA-017","10:07",1,"10:09","OH",NaN,0.3,2,NaN,"PIKA-017 2017-08-15 10:07",NaN,NaN
"NWT","2017-08-15","PIKA-017","10:07",2,"10:11","PC",25,NaN,NaN,NaN,"PIKA-017 2017-08-15 10:07",NaN,NaN
"NWT","2017-08-15","PIKA-017","10:07",3,"10:12","OH",NaN,0.3,2.5,NaN,"PIKA-017 2017-08-15 10:07",NaN,NaN
"NWT","2017-08-15","PIKA-017","10:07",4,"10:13","PC",15,0.3,2.5,NaN,"PIKA-017 2017-08-15 10:07",NaN,NaN
"NWT","2017-08-15","PIKA-017","10:07",5,"10:14","OH",NaN,0.2,1,NaN,"PIKA-017 2017-08-15 10:07",NaN,NaN
"NWT","2017-08-15","PIKA-017","10:07",6,"10:16","FH",NaN,0.3,1.5,NaN,"PIKA-017 2017-08-15 10:07",NaN,NaN
"NWT","2017-08-15","PIKA-017","10:07",7,"10:18","FS",NaN,0.5,3,10,"PIKA-017 2017-08-15 10:07",NaN,NaN
"NWT","2017-08-15","PIKA-017","10:07",8,"10:18","PC",12,0.5,3,NaN,"PIKA-017 2017-08-15 10:07",NaN,NaN
"NWT","2017-08-15","PIKA-017",NaN,1,"10:26","OH",NaN,0.5,2,NaN,"PIKA-017 2017-08-15 NA",NaN,NaN
"NWT","2017-08-15","PIKA-017",NaN,2,"10:27","PC",30,NaN,1.5,NaN,"PIKA-017 2017-08-15 NA",NaN,NaN
"NWT","2017-08-15","PIKA-017",NaN,3,"10:27","PS",30,NaN,1.5,NaN,"PIKA-017 2017-08-15 NA",NaN,NaN
"NWT","2017-08-15","PIKA-017",NaN,4,"10:29","OS",NaN,0.5,1,NaN,"PIKA-017 2017-08-15 NA",NaN,NaN
"NWT","2017-08-15","PIKA-017",NaN,5,"10:31","FH",NaN,0.3,1,NaN,"PIKA-017 2017-08-15 NA",NaN,NaN
"NWT","2017-08-15","PIKA-017",NaN,6,"10:33","FH",NaN,0.5,1.5,NaN,"PIKA-017 2017-08-15 NA",NaN,NaN
"NWT","2017-08-15","PIKA-017",NaN,7,"10:35","FH",NaN,1,1,NaN,"PIKA-017 2017-08-15 NA",NaN,NaN
"NWT","2017-08-15","PIKA-017",NaN,8,"10:38","FH",NaN,0.3,1,NaN,"PIKA-017 2017-08-15 NA",NaN,NaN
"NWT","2017-08-15","PIKA-065","11:42",1,"11:42","OS",3,0.5,2.5,NaN,"PIKA-065 2017-08-15 11:42",NaN,NaN
"NWT","2017-08-15","PIKA-065","11:42",2,"11:44","PC",20,NaN,NaN,NaN,"PIKA-065 2017-08-15 11:42",NaN,NaN
"NWT","2017-08-15","PIKA-065","11:42",3,"11:46","OS",4,2,4,NaN,"PIKA-065 2017-08-15 11:42",NaN,NaN
"NWT","2017-08-15","PIKA-065","11:42",4,"11:47","OS",6,2,4,NaN,"PIKA-065 2017-08-15 11:42",NaN,NaN
"NWT","2017-08-15","PIKA-065","11:42",5,"11:48","OH/OS",4,1,4,NaN,"PIKA-065 2017-08-15 11:42",NaN,NaN
"NWT","2017-08-15","PIKA-065","11:42",6,"11:51","FS",6,1,1.5,NaN,"PIKA-065 2017-08-15 11:42",NaN,NaN
"NWT","2017-08-15","PIKA-065","11:42",7,"11:51","OS",4,0.25,1,NaN,"PIKA-065 2017-08-15 11:42",NaN,NaN
"NWT","2017-08-16","PIKA-151","13:03",1,"13:03","OS",NaN,0.75,1.5,NaN,"PIKA-151 2017-08-16 13:03",NaN,NaN
"NWT","2017-08-16","PIKA-151","13:03",2,"13:19","OS",NaN,0.3,2,NaN,"PIKA-151 2017-08-16 13:03",NaN,NaN
"NWT","2017-08-16","PIKA-151","13:03",3,"13:21","OS",NaN,0.25,1.5,NaN,"PIKA-151 2017-08-16 13:03",NaN,NaN
"NWT","2017-08-16","PIKA-002","10:00",1,"10:00","OH/OS",NaN,1,2,NaN,"PIKA-002 2017-08-16 10:00",NaN,NaN
"NWT","2017-08-16","PIKA-002","10:00",2,"10:01","OH/FH/OS",NaN,1,3,NaN,"PIKA-002 2017-08-16 10:00",NaN,NaN
"NWT","2017-08-16","PIKA-002","10:00",3,"10:02","OH/FH",NaN,1,1,NaN,"PIKA-002 2017-08-16 10:00",NaN,NaN
"NWT","2017-08-16","PIKA-002","10:00",4,"10:03","OS",NaN,0.5,1.5,NaN,"PIKA-002 2017-08-16 10:00",NaN,NaN
"NWT","2017-08-16","PIKA-002","10:00",5,"10:04","OS/OH",NaN,0.5,1,NaN,"PIKA-002 2017-08-16 10:00",NaN,NaN
"NWT","2017-08-16","PIKA-002","10:00",6,"10:05","PC",10,1,2,NaN,"PIKA-002 2017-08-16 10:00",NaN,NaN
"NWT","2017-08-16","PIKA-002","10:00",7,"10:06","PC",8,1,2,NaN,"PIKA-002 2017-08-16 10:00",NaN,NaN
"NWT","2017-08-16","PIKA-002","10:00",8,"10:07","OS",NaN,1,2.5,NaN,"PIKA-002 2017-08-16 10:00",NaN,NaN
"NWT","2017-08-16","PIKA-002","09:46",1,"09:48","FH",NaN,1,2.5,NaN,"PIKA-002 2017-08-16 9:46",NaN,NaN
"NWT","2017-08-16","PIKA-002","09:46",2,"09:49","OH",NaN,0.5,1,NaN,"PIKA-002 2017-08-16 9:46",NaN,NaN
"NWT","2017-08-16","PIKA-002","09:46",3,"09:49","OS",NaN,0.5,1,NaN,"PIKA-002 2017-08-16 9:46",NaN,NaN
"NWT","2017-08-16","PIKA-002","09:46",4,"09:50","FS",NaN,1,1.5,NaN,"PIKA-002 2017-08-16 9:46",NaN,NaN
"NWT","2017-08-16","PIKA-002","09:46",5,"09:52","FS",NaN,0.5,1.5,14,"PIKA-002 2017-08-16 9:46",NaN,NaN
"NWT","2017-08-16","PIKA-002","09:46",6,"09:54","OH/OS",NaN,0.5,2,NaN,"PIKA-002 2017-08-16 9:46",NaN,NaN
"NWT","2017-08-16","PIKA-002","09:46",7,"09:55","OH",NaN,0.3,1.5,NaN,"PIKA-002 2017-08-16 9:46",NaN,NaN
"NWT","2017-08-16","PIKA-002","09:46",8,"09:56","OS",NaN,0.75,2,NaN,"PIKA-002 2017-08-16 9:46",NaN,NaN
"NWT","2017-08-16","PIKA-005","11:47",1,"11:48","FS/OS",NaN,1,3,2,"PIKA-005 2017-08-16 11:47",NaN,NaN
"NWT","2017-08-16","PIKA-005","11:47",2,"11:51","FS/OS",NaN,1,3.5,2,"PIKA-005 2017-08-16 11:47",NaN,NaN
"NWT","2017-08-16","PIKA-005","11:47",3,"11:52","OS",NaN,1.5,5,NaN,"PIKA-005 2017-08-16 11:47",NaN,NaN
"NWT","2017-08-16","PIKA-005","11:47",4,"11:53","OS/FS",NaN,2,6,NaN,"PIKA-005 2017-08-16 11:47",NaN,NaN
"NWT","2017-08-16","PIKA-005","11:47",5,"11:55","FS/OS",NaN,2,3,NaN,"PIKA-005 2017-08-16 11:47",NaN,NaN
"NWT","2017-08-16","PIKA-005","11:47",6,"11:56","FS",NaN,1,5,3,"PIKA-005 2017-08-16 11:47",NaN,NaN
"NWT","2017-08-16","PIKA-005","11:47",7,"11:58","FS",NaN,2,3,9,"PIKA-005 2017-08-16 11:47",NaN,NaN
"NWT","2017-08-16","PIKA-005","11:47",8,"11:59","OS",NaN,1,2,NaN,"PIKA-005 2017-08-16 11:47",NaN,NaN
"NWT","2017-08-16","PIKA-005","11:52",1,"11:52","FS",NaN,1,5,NaN,"PIKA-005 2017-08-16 11:52",NaN,NaN
"NWT","2017-08-16","PIKA-005","11:52",2,"11:53","FS",NaN,2,7,NaN,"PIKA-005 2017-08-16 11:52",NaN,NaN
"NWT","2017-08-16","PIKA-005","11:52",3,"11:54","FS",NaN,1.5,7,NaN,"PIKA-005 2017-08-16 11:52",NaN,NaN
"NWT","2017-08-16","PIKA-005","11:52",4,"11:55","FS",NaN,1,2,NaN,"PIKA-005 2017-08-16 11:52",NaN,NaN
"NWT","2017-08-16","PIKA-005","11:52",5,"11:56","OS",NaN,0.5,1,NaN,"PIKA-005 2017-08-16 11:52",NaN,NaN
"NWT","2017-08-16","PIKA-005","11:52",6,"11:58","FS",NaN,1,2.5,NaN,"PIKA-005 2017-08-16 11:52",NaN,NaN
"NWT","2017-08-16","PIKA-005","11:52",7,"11:59","PC",40,NaN,NaN,NaN,"PIKA-005 2017-08-16 11:52",NaN,NaN
"NWT","2017-08-16","PIKA-005","11:52",8,"11:59","OS",NaN,1.5,3,NaN,"PIKA-005 2017-08-16 11:52",NaN,NaN
"NWT","2017-08-16","PIKA-059","09:26",1,"09:26","PS",20,NaN,0.5,NaN,"PIKA-059 2017-08-16 9:26",NaN,NaN
"NWT","2017-08-16","PIKA-059","09:26",2,"09:26","FH",NaN,0.25,0.5,NaN,"PIKA-059 2017-08-16 9:26",NaN,NaN
"NWT","2017-08-16","PIKA-059","09:26",3,"09:26","FH",NaN,0.25,0.75,NaN,"PIKA-059 2017-08-16 9:26",NaN,NaN
"NWT","2017-08-16","PIKA-059","09:26",4,"09:27","FS",NaN,0.25,1,NaN,"PIKA-059 2017-08-16 9:26",NaN,NaN
"NWT","2017-08-16","PIKA-059","09:26",5,"09:29","OS",NaN,0.25,1,NaN,"PIKA-059 2017-08-16 9:26",NaN,NaN
"NWT","2017-08-16","PIKA-059","09:26",6,"09:31","FH",NaN,0.25,1,NaN,"PIKA-059 2017-08-16 9:26",NaN,NaN
"NWT","2017-08-16","PIKA-059","09:26",7,"09:31","OH",NaN,0.25,1,NaN,"PIKA-059 2017-08-16 9:26",NaN,NaN
"NWT","2017-08-16","PIKA-059","09:26",8,"09:34","FH",NaN,0.25,0.5,NaN,"PIKA-059 2017-08-16 9:26",NaN,NaN
"NWT","2017-08-16","PIKA-069","10:30",1,"10:35","OH",NaN,0.3,1,NaN,"PIKA-069 2017-08-16 10:30",NaN,NaN
"NWT","2017-08-16","PIKA-069","10:30",2,"10:36","FS",NaN,0.3,1,9,"PIKA-069 2017-08-16 10:30",NaN,NaN
"NWT","2017-08-16","PIKA-069","10:30",3,"10:38","OS",NaN,0.25,0.5,NaN,"PIKA-069 2017-08-16 10:30",NaN,NaN
"NWT","2017-08-16","PIKA-069","10:30",4,"10:40","OS",NaN,0.5,0.5,NaN,"PIKA-069 2017-08-16 10:30",NaN,NaN
"NWT","2017-08-16","PIKA-069","10:30",5,"10:42","FS",NaN,0.25,1,NaN,"PIKA-069 2017-08-16 10:30",NaN,NaN
"NWT","2017-08-16","PIKA-069","10:30",6,"10:45","OS",NaN,0.5,1,NaN,"PIKA-069 2017-08-16 10:30",NaN,NaN
"NWT","2017-08-16","PIKA-069","10:30",7,"10:47","OS",NaN,0,0.5,NaN,"PIKA-069 2017-08-16 10:30",NaN,NaN
"NWT","2017-08-16","PIKA-069","10:30",8,"10:49","FS",NaN,0.5,1,NaN,"PIKA-069 2017-08-16 10:30",NaN,NaN
"NWT","2017-08-16","PIKA-082","11:16",1,"11:17","OS",NaN,0.25,2,NaN,"PIKA-082 2017-08-16 11:16",NaN,NaN
"NWT","2017-08-16","PIKA-082","11:16",2,"11:18","FS",NaN,0.25,2,NaN,"PIKA-082 2017-08-16 11:16",NaN,NaN
"NWT","2017-08-16","PIKA-082","11:16",3,"11:19","OH",NaN,0.25,2,NaN,"PIKA-082 2017-08-16 11:16",NaN,NaN
"NWT","2017-08-16","PIKA-082","11:16",4,"11:19","OH/OS",NaN,0.25,0.5,NaN,"PIKA-082 2017-08-16 11:16",NaN,NaN
"NWT","2017-08-16","PIKA-082","11:16",5,"11:20","FH",NaN,0.5,1,NaN,"PIKA-082 2017-08-16 11:16",NaN,NaN
"NWT","2017-08-16","PIKA-082","11:16",6,"11:27","FS/OS",NaN,1,3,9,"PIKA-082 2017-08-16 11:16",NaN,NaN
"NWT","2017-08-16","PIKA-082","11:16",7,"11:29","FS",NaN,0.5,5,NaN,"PIKA-082 2017-08-16 11:16",NaN,NaN
"NWT","2017-08-16","PIKA-082","11:16",8,"11:31","FS",NaN,0.5,2,NaN,"PIKA-082 2017-08-16 11:16",NaN,NaN
"NWT","2017-08-16","PIKA-085","10:34",1,"10:36","PC",30,NaN,NaN,NaN,"PIKA-085 2017-08-16 10:34",NaN,NaN
"NWT","2017-08-16","PIKA-085","10:34",2,"10:44","FS",NaN,0.3,1,NaN,"PIKA-085 2017-08-16 10:34",NaN,NaN
"NWT","2017-08-17","PIKA-102","10:15",1,"10:15","OS",NaN,0.25,1.5,NaN,"PIKA-102 2017-08-17 10:15",NaN,NaN
"NWT","2017-08-17","PIKA-102","10:15",2,"10:16","OS",NaN,0.5,1.5,NaN,"PIKA-102 2017-08-17 10:15",NaN,NaN
"NWT","2017-08-17","PIKA-102","10:15",3,"10:16","FS",NaN,0.5,1.5,NaN,"PIKA-102 2017-08-17 10:15",NaN,NaN
"NWT","2017-08-17","PIKA-102","10:15",4,"10:17","FS",NaN,1,2.5,NaN,"PIKA-102 2017-08-17 10:15",NaN,NaN
"NWT","2017-08-17","PIKA-102","10:15",5,"10:20","PC",10,1,1,NaN,"PIKA-102 2017-08-17 10:15",NaN,NaN
"NWT","2017-08-17","PIKA-102","10:15",6,"10:20","FS",NaN,0.5,3.5,NaN,"PIKA-102 2017-08-17 10:15",NaN,NaN
"NWT","2017-08-17","PIKA-102","10:15",7,"10:22","FS",NaN,0.5,3.5,NaN,"PIKA-102 2017-08-17 10:15",NaN,NaN
"NWT","2017-08-17","PIKA-102","10:15",8,"10:23","FH",NaN,1,3.5,NaN,"PIKA-102 2017-08-17 10:15",NaN,NaN
"NWT","2017-08-17","PIKA-144","13:06",1,"13:08","PC",30,NaN,NaN,NaN,"PIKA-144 2017-08-17 13:06",NaN,NaN
"NWT","2017-08-17","PIKA-091","10:48",1,"10:48","PC",15,NaN,NaN,NaN,"PIKA-091 2017-08-17 10:48",NaN,NaN
"NWT","2017-08-17","PIKA-091","10:48",2,"10:50","PC",12,NaN,NaN,NaN,"PIKA-091 2017-08-17 10:48",NaN,NaN
"NWT","2017-08-17","PIKA-091","10:48",3,"10:50","OH",12,0.2,1.5,NaN,"PIKA-091 2017-08-17 10:48",NaN,NaN
"NWT","2017-08-17","PIKA-091","10:48",4,"10:50","OS",12,0.2,1.5,NaN,"PIKA-091 2017-08-17 10:48",NaN,NaN
"NWT","2017-08-17","PIKA-091","10:48",5,"10:52","FS",12,1,2,NaN,"PIKA-091 2017-08-17 10:48",NaN,NaN
"NWT","2017-08-17","PIKA-091","10:48",6,"10:54","OS",12,1,2,NaN,"PIKA-091 2017-08-17 10:48",NaN,NaN
"NWT","2017-08-17","PIKA-091","10:48",7,"10:55","OS",10,0.25,2,NaN,"PIKA-091 2017-08-17 10:48",NaN,NaN
"NWT","2017-08-17","PIKA-091","10:48",8,"10:55","FS",10,0.25,2,NaN,"PIKA-091 2017-08-17 10:48",NaN,NaN
"NWT","2018-08-06","PIKA-019","12:43",1,"12:45","FS",NaN,0.5,1,NaN,"PIKA-019 2018-08-06 12:43",NaN,NaN
"NWT","2018-08-06","PIKA-019","12:43",2,"12:46","PC",25,NaN,1,NaN,"PIKA-019 2018-08-06 12:43",NaN,NaN
"NWT","2018-08-06","PIKA-019","12:43",3,"12:48","FS",NaN,0.5,0.5,NaN,"PIKA-019 2018-08-06 12:43",NaN,NaN
"NWT","2018-08-06","PIKA-019","12:43",4,"12:48","OH",NaN,0.5,1,NaN,"PIKA-019 2018-08-06 12:43",NaN,NaN
"NWT","2018-08-06","PIKA-019","12:43",5,"12:50","FS",NaN,0.3,1.5,NaN,"PIKA-019 2018-08-06 12:43",NaN,NaN
"NWT","2018-08-06","PIKA-019","12:43",6,"12:54","OH",NaN,0.3,1.5,NaN,"PIKA-019 2018-08-06 12:43",NaN,NaN
"NWT","2018-08-06","PIKA-019","12:43",7,"12:56","OH",NaN,0.3,2,NaN,"PIKA-019 2018-08-06 12:43",NaN,NaN
"NWT","2018-08-06","PIKA-019","12:43",8,"12:57","FS",NaN,0.3,1,NaN,"PIKA-019 2018-08-06 12:43",NaN,NaN
"NWT","2018-08-06","PIKA-019","13:13",1,"13:18","OS",NaN,1,0.75,NaN,"PIKA-019 2018-08-06 13:13",NaN,NaN
"NWT","2018-08-06","PIKA-019","13:13",2,"13:20","OS",NaN,1,1.5,NaN,"PIKA-019 2018-08-06 13:13",NaN,NaN
"NWT","2018-08-06","PIKA-019","13:13",3,"13:21","FS",NaN,1,2,1,"PIKA-019 2018-08-06 13:13",NaN,NaN
"NWT","2018-08-06","PIKA-019","13:13",4,"13:21","OH",NaN,1,2,NaN,"PIKA-019 2018-08-06 13:13",NaN,NaN
"NWT","2018-08-06","PIKA-019","13:13",5,"13:22","FS",NaN,1,2,7,"PIKA-019 2018-08-06 13:13",NaN,NaN
"NWT","2018-08-06","PIKA-019","13:13",6,"13:35","OH",NaN,0.1,0.75,NaN,"PIKA-019 2018-08-06 13:13",NaN,NaN
"NWT","2018-08-06","PIKA-019","13:13",7,"13:40","PC",12,1,2,NaN,"PIKA-019 2018-08-06 13:13",NaN,NaN
"NWT","2018-08-06","PIKA-031","10:12",1,"10:16","OS",NaN,0.5,3,NaN,"PIKA-031 2018-08-06 10:12",NaN,NaN
"NWT","2018-08-06","PIKA-031","10:12",2,"10:17","OS",NaN,0.25,2,NaN,"PIKA-031 2018-08-06 10:12",NaN,NaN
"NWT","2018-08-06","PIKA-031","10:12",3,"10:18","PC",100,0.5,0.5,NaN,"PIKA-031 2018-08-06 10:12",NaN,NaN
"NWT","2018-08-06","PIKA-031","10:12",4,"10:18","PS",100,0.5,0.5,NaN,"PIKA-031 2018-08-06 10:12",NaN,NaN
"NWT","2018-08-06","PIKA-043","11:20",1,"11:24","FH",NaN,1,4,NaN,"PIKA-043 2018-08-06 11:20",NaN,NaN
"NWT","2018-08-06","PIKA-073","09:52",1,"10:04","OH",NaN,0.5,2,NaN,"PIKA-073 2018-08-06 9:52",NaN,NaN
"NWT","2018-08-06","PIKA-073","09:52",2,"10:08","OH",NaN,0.2,4,NaN,"PIKA-073 2018-08-06 9:52",NaN,NaN
"NWT","2018-08-06","PIKA-083","11:23",1,"11:24","PS",50,1,1.5,NaN,"PIKA-083 2018-08-06 11:23",NaN,NaN
"NWT","2018-08-06","PIKA-083","11:23",2,"11:25","OS",NaN,0.5,3,NaN,"PIKA-083 2018-08-06 11:23",NaN,NaN
"NWT","2018-08-06","PIKA-083","11:23",3,"11:26","PC",40,1,2,NaN,"PIKA-083 2018-08-06 11:23",NaN,NaN
"NWT","2018-08-06","PIKA-083","11:23",4,"11:26","FH",NaN,1,2,NaN,"PIKA-083 2018-08-06 11:23",NaN,NaN
"NWT","2018-08-06","PIKA-083","11:23",5,"11:29","OS",NaN,0.5,1.5,NaN,"PIKA-083 2018-08-06 11:23",NaN,NaN
"NWT","2018-08-06","PIKA-083","11:23",6,"11:31","OH",NaN,1.5,2,NaN,"PIKA-083 2018-08-06 11:23",NaN,NaN
"NWT","2018-08-06","PIKA-095",NaN,1,"10:50","PC",100,0.5,2,NaN,"PIKA-095 2018-08-06 NA",NaN,NaN
"NWT","2018-08-07","PIKA-014","09:29",1,"09:34","OH",NaN,0.3,1,NaN,"PIKA-014 2018-08-07 9:29",NaN,NaN
"NWT","2018-08-07","PIKA-140","13:20",1,"13:23","PC",25,NaN,NaN,NaN,"PIKA-140 2018-08-07 13:20",NaN,NaN
"NWT","2018-08-07","PIKA-024","12:27",1,"12:42","PC",30,NaN,1,NaN,"PIKA-024 2018-08-07 12:27",NaN,NaN
"NWT","2018-08-07","PIKA-003","10:22",1,"10:22","OS",NaN,0.25,0.5,NaN,"PIKA-003 2018-08-07 10:22",NaN,NaN
"NWT","2018-08-07","PIKA-030","09:37",1,"09:37","OH",NaN,1.5,1.5,NaN,"PIKA-030 2018-08-07 9:37",NaN,NaN
"NWT","2018-08-07","PIKA-030","09:37",2,"09:37","FH",NaN,1,1.5,NaN,"PIKA-030 2018-08-07 9:37",NaN,NaN
"NWT","2018-08-07","PIKA-030","09:37",3,"09:38","FS",NaN,1,1.5,NaN,"PIKA-030 2018-08-07 9:37",NaN,NaN
"NWT","2018-08-07","PIKA-030","09:37",4,"09:40","FS",NaN,0.5,2,NaN,"PIKA-030 2018-08-07 9:37",NaN,NaN
"NWT","2018-08-07","PIKA-030","09:37",5,"09:42","PC",15,0.5,3,NaN,"PIKA-030 2018-08-07 9:37",NaN,NaN
"NWT","2018-08-07","PIKA-030","09:37",6,"09:42","PS",15,1,3,NaN,"PIKA-030 2018-08-07 9:37",NaN,NaN
"NWT","2018-08-07","PIKA-030","09:37",7,"09:44","OS",NaN,1,3,NaN,"PIKA-030 2018-08-07 9:37",NaN,NaN
"NWT","2018-08-07","PIKA-030","09:37",8,"09:44","FH",NaN,1,1.5,NaN,"PIKA-030 2018-08-07 9:37",NaN,NaN
"NWT","2018-08-07","PIKA-042","11:08",1,"11:08","PC",20,0.25,1,NaN,"PIKA-042 2018-08-07 11:08",NaN,NaN
"NWT","2018-08-07","PIKA-042","11:08",2,"11:10","PC",30,0.25,1,NaN,"PIKA-042 2018-08-07 11:08",NaN,NaN
"NWT","2018-08-07","PIKA-042","11:08",3,"11:10","PC",50,1,2,NaN,"PIKA-042 2018-08-07 11:08",NaN,NaN
"NWT","2018-08-07","PIKA-084","12:41",1,"12:43","OH",NaN,0.2,0.5,NaN,"PIKA-084 2018-08-07 12:41",NaN,NaN
"NWT","2018-08-08","PIKA-117","13:17",1,"13:18","PC",20,0.1,10,NaN,"PIKA-117 2018-08-08 13:17",NaN,NaN
"NWT","2018-08-08","PIKA-117","13:17",2,"13:20","PC",75,0.5,2,NaN,"PIKA-117 2018-08-08 13:17",NaN,NaN
"NWT","2018-08-08","PIKA-117","13:17",3,"13:20","FH",NaN,1,1,NaN,"PIKA-117 2018-08-08 13:17",NaN,NaN
"NWT","2018-08-08","PIKA-117","13:17",4,"13:21","PC",50,0.1,10,NaN,"PIKA-117 2018-08-08 13:17",NaN,NaN
"NWT","2018-08-08","PIKA-117","13:17",5,"13:23","PC",10,0.25,3,NaN,"PIKA-117 2018-08-08 13:17",NaN,NaN
"NWT","2018-08-08","PIKA-117","13:17",6,"13:27","PS",50,0.5,0.5,NaN,"PIKA-117 2018-08-08 13:17",NaN,NaN
"NWT","2018-08-08","PIKA-117","13:45",1,"13:45","PC",12,0.25,1,NaN,"PIKA-117 2018-08-08 13:45",NaN,NaN
"NWT","2018-08-08","PIKA-117","13:45",2,"13:46","OH",12,0.25,1.5,NaN,"PIKA-117 2018-08-08 13:45",NaN,NaN
"NWT","2018-08-08","PIKA-117","13:45",3,"13:48","OH",12,0.5,5,NaN,"PIKA-117 2018-08-08 13:45",NaN,NaN
"NWT","2018-08-08","PIKA-117","13:45",4,"13:48","FS",12,0.25,0.5,NaN,"PIKA-117 2018-08-08 13:45",NaN,NaN
"NWT","2018-08-08","PIKA-117","13:45",5,"13:50","PC",20,NaN,NaN,NaN,"PIKA-117 2018-08-08 13:45",NaN,NaN
"NWT","2018-08-08","PIKA-117","13:45",6,"13:55","PC",10,0,0.5,NaN,"PIKA-117 2018-08-08 13:45",NaN,NaN
"NWT","2018-08-08","PIKA-117","13:45",7,"13:57","OH",10,0.5,0.75,NaN,"PIKA-117 2018-08-08 13:45",NaN,NaN
"NWT","2018-08-08","PIKA-117","13:45",8,"13:57","OS",10,0.25,0.5,NaN,"PIKA-117 2018-08-08 13:45",NaN,NaN
"NWT","2018-08-08","PIKA-002","13:15",1,"13:17","OH",3,1,2,NaN,"PIKA-002 2018-08-08 13:15",NaN,NaN
"NWT","2018-08-08","PIKA-002","13:15",2,"13:18","PC",20,0.5,2,NaN,"PIKA-002 2018-08-08 13:15",NaN,NaN
"NWT","2018-08-08","PIKA-002","13:15",3,"13:19","FS",12,1,1,8,"PIKA-002 2018-08-08 13:15",NaN,NaN
"NWT","2018-08-08","PIKA-002","13:15",4,"13:21","OH",10,0.5,2,NaN,"PIKA-002 2018-08-08 13:15",NaN,NaN
"NWT","2018-08-08","PIKA-002","13:15",5,"13:22","OH",12,0.25,2,NaN,"PIKA-002 2018-08-08 13:15",NaN,NaN
"NWT","2018-08-08","PIKA-002","13:15",6,"13:23","FH",12,0.5,2,NaN,"PIKA-002 2018-08-08 13:15",NaN,NaN
"NWT","2018-08-08","PIKA-002","13:15",7,"13:25","OS",10,0.5,2,NaN,"PIKA-002 2018-08-08 13:15",NaN,NaN
"NWT","2018-08-08","PIKA-002","13:15",8,"13:27","PC",10,NaN,NaN,NaN,"PIKA-002 2018-08-08 13:15",NaN,NaN
"NWT","2018-08-08","PIKA-002","13:47",1,"13:47","OH",NaN,0.5,2,NaN,"PIKA-002 2018-08-08 13:47",NaN,NaN
"NWT","2018-08-08","PIKA-002","13:47",2,"13:47","OS",NaN,1,1.5,NaN,"PIKA-002 2018-08-08 13:47",NaN,NaN
"NWT","2018-08-08","PIKA-002","13:47",3,"13:50","PC",10,0.5,2,NaN,"PIKA-002 2018-08-08 13:47",NaN,NaN
"NWT","2018-08-08","PIKA-002","13:47",4,"13:51","FH",NaN,0.5,2,NaN,"PIKA-002 2018-08-08 13:47",NaN,NaN
"NWT","2018-08-08","PIKA-002","13:47",5,"13:53","FH",NaN,1,2.5,NaN,"PIKA-002 2018-08-08 13:47",NaN,NaN
"NWT","2018-08-08","PIKA-002","13:47",6,"13:54","FH",NaN,1,3.5,NaN,"PIKA-002 2018-08-08 13:47",NaN,NaN
"NWT","2018-08-08","PIKA-002","13:47",7,"14:01","PS",15,0.5,4,NaN,"PIKA-002 2018-08-08 13:47",NaN,NaN
"NWT","2018-08-08","PIKA-002","13:47",8,"14:04","PC",10,0.1,3,NaN,"PIKA-002 2018-08-08 13:47",NaN,NaN
"NWT","2018-08-08","PIKA-022","12:46",1,"12:50","PC",30,NaN,NaN,NaN,"PIKA-022 2018-08-08 12:46",NaN,NaN
"NWT","2018-08-08","PIKA-033","13:41",1,"13:49","PS",14,1,2,NaN,"PIKA-033 2018-08-08 13:41",NaN,NaN
"NWT","2018-08-08","PIKA-033","13:41",2,"13:50","PC",12,NaN,NaN,NaN,"PIKA-033 2018-08-08 13:41",NaN,NaN
"NWT","2018-08-08","PIKA-033","13:41",3,"13:57","FS",NaN,1.5,1.5,2,"PIKA-033 2018-08-08 13:41",NaN,NaN
"NWT","2018-08-08","PIKA-005","10:45",1,"10:46","OS",NaN,2.5,3,NaN,"PIKA-005 2018-08-08 10:45",NaN,NaN
"NWT","2018-08-08","PIKA-005","10:45",2,"10:46","PC",5,5,7,NaN,"PIKA-005 2018-08-08 10:45",NaN,NaN
"NWT","2018-08-08","PIKA-005","10:45",3,"10:49","OH",NaN,6,7,NaN,"PIKA-005 2018-08-08 10:45",NaN,NaN
"NWT","2018-08-08","PIKA-005","10:45",4,"10:50","OS",NaN,5,4,NaN,"PIKA-005 2018-08-08 10:45",NaN,NaN
"NWT","2018-08-08","PIKA-005","10:45",5,"10:52","PC",3,1,6,NaN,"PIKA-005 2018-08-08 10:45",NaN,NaN
"NWT","2018-08-08","PIKA-005","10:45",6,"10:53","FH",NaN,0.5,10,NaN,"PIKA-005 2018-08-08 10:45",NaN,NaN
"NWT","2018-08-08","PIKA-005","10:45",7,"10:59","PC",2,5,4,NaN,"PIKA-005 2018-08-08 10:45",NaN,NaN
"NWT","2018-08-08","PIKA-005","10:45",8,"11:02","PS",2,5,4,NaN,"PIKA-005 2018-08-08 10:45",NaN,NaN
"NWT","2018-08-08","PIKA-005","12:08",1,"12:09","PC",15,NaN,3,NaN,"PIKA-005 2018-08-08 12:08",NaN,NaN
"NWT","2018-08-08","PIKA-005","12:08",2,"12:11","OS",NaN,0.5,5,NaN,"PIKA-005 2018-08-08 12:08",NaN,NaN
"NWT","2018-08-08","PIKA-005","12:08",3,"12:11","OH",NaN,0.5,5,NaN,"PIKA-005 2018-08-08 12:08",NaN,NaN
"NWT","2018-08-08","PIKA-005","12:08",4,"12:12","PC",10,0.5,2.5,NaN,"PIKA-005 2018-08-08 12:08",NaN,NaN
"NWT","2018-08-08","PIKA-005","12:08",5,"12:14","OS",10,2,3,NaN,"PIKA-005 2018-08-08 12:08",NaN,NaN
"NWT","2018-08-08","PIKA-005","12:08",6,"12:17","OH",12,2.5,5,NaN,"PIKA-005 2018-08-08 12:08",NaN,NaN
"NWT","2018-08-08","PIKA-005","12:08",7,"12:19","PC",5,NaN,NaN,NaN,"PIKA-005 2018-08-08 12:08",NaN,NaN
"NWT","2018-08-08","PIKA-005","12:08",8,"12:20","OH",10,1,5,NaN,"PIKA-005 2018-08-08 12:08",NaN,NaN
"NWT","2018-08-08","PIKA-082","12:39",1,"12:39","PS",15,0.5,0.5,NaN,"PIKA-082 2018-08-08 12:39",NaN,NaN
"NWT","2018-08-08","PIKA-082","12:39",2,"12:39","FS",NaN,0.5,3.5,NaN,"PIKA-082 2018-08-08 12:39",NaN,NaN
"NWT","2018-08-08","PIKA-082","12:39",3,"12:40","OS",NaN,0.25,3,NaN,"PIKA-082 2018-08-08 12:39",NaN,NaN
"NWT","2018-08-08","PIKA-082","12:39",4,"12:41","OS",NaN,1,1.5,NaN,"PIKA-082 2018-08-08 12:39",NaN,NaN
"NWT","2018-08-08","PIKA-082","12:39",5,"12:45","FH",NaN,2.5,1,NaN,"PIKA-082 2018-08-08 12:39",NaN,NaN
"NWT","2018-08-08","PIKA-082","12:39",6,"12:46","PC",20,NaN,NaN,NaN,"PIKA-082 2018-08-08 12:39",NaN,NaN
"NWT","2018-08-08","PIKA-082","12:39",7,"12:49","FH",NaN,0.5,1,NaN,"PIKA-082 2018-08-08 12:39",NaN,NaN
"NWT","2018-08-08","PIKA-082","12:39",8,"12:52","OS",NaN,0.5,1,NaN,"PIKA-082 2018-08-08 12:39",NaN,NaN
"NWT","2018-08-08","PIKA-097","10:51",1,"10:55","PC",20,NaN,NaN,NaN,"PIKA-097 2018-08-08 10:51",NaN,NaN
"NWT","2018-08-08","PIKA-097","10:51",2,"10:56","PC",10,NaN,NaN,NaN,"PIKA-097 2018-08-08 10:51",NaN,NaN
"NWT","2018-08-08","PIKA-097","11:46",1,"11:47","OS",NaN,3,2,NaN,"PIKA-097 2018-08-08 11:46",NaN,NaN
"NWT","2018-08-08","PIKA-097","11:46",2,"11:49","PC",2,0.1,3,NaN,"PIKA-097 2018-08-08 11:46",NaN,NaN
"NWT","2018-08-08","PIKA-097","11:46",3,"11:51","PS",5,1,5,NaN,"PIKA-097 2018-08-08 11:46",NaN,NaN
"NWT","2018-08-08","PIKA-097","11:46",4,"11:52","OS",NaN,0.5,4,NaN,"PIKA-097 2018-08-08 11:46",NaN,NaN
"NWT","2018-08-08","PIKA-097","11:46",5,"11:56","FH",NaN,1,6,NaN,"PIKA-097 2018-08-08 11:46",NaN,NaN
"NWT","2018-08-08","PIKA-097","11:46",6,"11:57","PC",4,0.25,3,NaN,"PIKA-097 2018-08-08 11:46",NaN,NaN
"NWT","2018-08-08","PIKA-097","11:46",7,"12:00","PS",20,0.1,4,NaN,"PIKA-097 2018-08-08 11:46",NaN,NaN
"NWT","2018-08-08","PIKA-097","11:46",8,"12:04","PC",3,0.25,3,NaN,"PIKA-097 2018-08-08 11:46",NaN,NaN
"NWT","2018-08-09","PIKA-116","10:22",1,"10:22","PS",1,0.1,1,NaN,"PIKA-116 2018-08-09 10:22",NaN,NaN
"NWT","2018-08-09","PIKA-116","10:22",2,"10:23","PC",1,0.1,1,NaN,"PIKA-116 2018-08-09 10:22",NaN,NaN
"NWT","2018-08-09","PIKA-116","10:22",3,"10:24","PS",0.5,0.25,0.5,NaN,"PIKA-116 2018-08-09 10:22",NaN,NaN
"NWT","2018-08-09","PIKA-116","10:22",4,"10:27","FH",NaN,0.1,0.5,NaN,"PIKA-116 2018-08-09 10:22",NaN,NaN
"NWT","2018-08-09","PIKA-116","10:22",5,"10:28","OS",NaN,0.25,1,NaN,"PIKA-116 2018-08-09 10:22",NaN,NaN
"NWT","2018-08-09","PIKA-116","10:22",6,"10:30","FH",NaN,0.25,1.5,NaN,"PIKA-116 2018-08-09 10:22",NaN,NaN
"NWT","2018-08-09","PIKA-116","10:22",7,"10:35","OS",NaN,0.5,0.5,NaN,"PIKA-116 2018-08-09 10:22",NaN,NaN
"NWT","2018-08-09","PIKA-116","10:22",8,"10:41","FH",NaN,0.5,1,NaN,"PIKA-116 2018-08-09 10:22",NaN,NaN
"NWT","2018-08-09","PIKA-026","10:02",1,"10:07","OS",NaN,NaN,0.5,NaN,"PIKA-026 2018-08-09 10:02",NaN,NaN
"NWT","2018-08-09","PIKA-026","10:02",2,"10:08","FS",NaN,NaN,1,12,"PIKA-026 2018-08-09 10:02",NaN,NaN
"NWT","2018-08-09","PIKA-026","10:02",3,"10:08","OH",NaN,NaN,1,NaN,"PIKA-026 2018-08-09 10:02",NaN,NaN
"NWT","2018-08-09","PIKA-026","10:02",4,"10:09","PC",4,NaN,NaN,NaN,"PIKA-026 2018-08-09 10:02",NaN,NaN
"NWT","2018-08-09","PIKA-026","10:02",5,"10:13","PS",12,NaN,NaN,NaN,"PIKA-026 2018-08-09 10:02",NaN,NaN
"NWT","2018-08-09","PIKA-026","10:02",6,"10:15","OH",5,NaN,0.75,NaN,"PIKA-026 2018-08-09 10:02",NaN,NaN
"NWT","2018-08-09","PIKA-026","10:02",7,"10:16","FS",NaN,NaN,0.25,6,"PIKA-026 2018-08-09 10:02",NaN,NaN
"NWT","2018-08-09","PIKA-026","10:02",8,"10:20","FH",NaN,NaN,0.5,NaN,"PIKA-026 2018-08-09 10:02",NaN,NaN
"NWT","2018-08-09","PIKA-032","09:36",1,"09:36","PC",30,NaN,NaN,NaN,"PIKA-032 2018-08-09 9:36",NaN,NaN
"NWT","2018-08-09","PIKA-032","09:36",2,"09:43","PC",40,NaN,NaN,NaN,"PIKA-032 2018-08-09 9:36",NaN,NaN
"NWT","2018-08-09","PIKA-032","09:36",3,"09:47","PC",40,NaN,NaN,NaN,"PIKA-032 2018-08-09 9:36",NaN,NaN
"NWT","2018-08-09","PIKA-036","09:43",1,"09:45","OH",NaN,0.25,0.75,NaN,"PIKA-036 2018-08-09 9:43",NaN,NaN
"NWT","2018-08-09","PIKA-036","09:43",2,"09:47","PC",5,NaN,NaN,NaN,"PIKA-036 2018-08-09 9:43",NaN,NaN
"NWT","2018-08-09","PIKA-036","09:43",3,"09:48","OH",NaN,0.25,1,NaN,"PIKA-036 2018-08-09 9:43",NaN,NaN
"NWT","2018-08-09","PIKA-036","09:43",4,"09:48","OS",NaN,0.25,1,NaN,"PIKA-036 2018-08-09 9:43",NaN,NaN
"NWT","2018-08-09","PIKA-036","09:43",5,"09:51","PS",15,NaN,NaN,NaN,"PIKA-036 2018-08-09 9:43",NaN,NaN
"NWT","2018-08-09","PIKA-036","09:43",6,"09:55","PC",3,0.2,1,NaN,"PIKA-036 2018-08-09 9:43",NaN,NaN
"NWT","2018-08-09","PIKA-036","09:43",7,"09:59","FS",NaN,0.1,1,NaN,"PIKA-036 2018-08-09 9:43",NaN,NaN
"NWT","2018-08-09","PIKA-036","09:43",8,"10:02","PS",2,0.1,0.75,NaN,"PIKA-036 2018-08-09 9:43",NaN,NaN
"NWT","2018-08-09","PIKA-004","10:37",1,"10:42","PC",30,NaN,NaN,NaN,"PIKA-004 2018-08-09 10:37",NaN,NaN
"NWT","2018-08-09","PIKA-004","10:37",2,"10:47","FS",NaN,1,1,NaN,"PIKA-004 2018-08-09 10:37",NaN,NaN
"NWT","2018-08-09","PIKA-004","10:37",3,"10:51","PC",50,NaN,NaN,NaN,"PIKA-004 2018-08-09 10:37",NaN,NaN
"NWT","2018-08-09","PIKA-004","10:37",4,"10:52","FS",NaN,1,1,NaN,"PIKA-004 2018-08-09 10:37",NaN,NaN
"NWT","2018-08-09","PIKA-004","10:37",5,"10:54","PS",18,NaN,1,NaN,"PIKA-004 2018-08-09 10:37",NaN,NaN
"NWT","2018-08-09","PIKA-040","12:46",1,"12:50","OS",NaN,1,1,NaN,"PIKA-040 2018-08-09 12:46",NaN,NaN
"NWT","2018-08-09","PIKA-040","12:46",2,"12:51","OH",NaN,0.5,0.75,NaN,"PIKA-040 2018-08-09 12:46",NaN,NaN
"NWT","2018-08-09","PIKA-040","12:46",3,"12:53","OS",NaN,0.1,1,NaN,"PIKA-040 2018-08-09 12:46",NaN,NaN
"NWT","2018-08-09","PIKA-040","12:46",4,"12:57","OS",NaN,3,2,NaN,"PIKA-040 2018-08-09 12:46",NaN,NaN
"NWT","2018-08-09","PIKA-008","11:13",1,"11:15","PC",5,0.5,0.5,NaN,"PIKA-008 2018-08-09 11:13",NaN,NaN
"NWT","2018-08-09","PIKA-008","11:13",2,"11:15","FH",2,0.75,1,NaN,"PIKA-008 2018-08-09 11:13",NaN,NaN
"NWT","2018-08-09","PIKA-008","11:13",3,"11:16","PS",12,0.5,1,NaN,"PIKA-008 2018-08-09 11:13",NaN,NaN
"NWT","2018-08-09","PIKA-008","11:13",4,"11:20","PC",12,NaN,NaN,NaN,"PIKA-008 2018-08-09 11:13",NaN,NaN
"NWT","2018-08-09","PIKA-008","11:13",5,"11:23","OH",NaN,1.5,3,NaN,"PIKA-008 2018-08-09 11:13",NaN,NaN
"NWT","2018-08-09","PIKA-008","11:13",6,"11:23","FS",NaN,1.5,3,10,"PIKA-008 2018-08-09 11:13",NaN,NaN
"NWT","2018-08-09","PIKA-008","11:13",7,"11:29","PS",12,1,1.5,NaN,"PIKA-008 2018-08-09 11:13",NaN,NaN
"NWT","2018-08-09","PIKA-008","11:13",8,"11:30","OS",NaN,0.5,0.75,NaN,"PIKA-008 2018-08-09 11:13",NaN,NaN
"NWT","2018-08-13","PIKA-017","11:17",1,"11:18","PS",20,0.5,0.75,NaN,"PIKA-017 2018-08-13 11:17",NaN,NaN
"NWT","2018-08-13","PIKA-017","11:17",2,"11:21","FH",12,0.4,0.75,NaN,"PIKA-017 2018-08-13 11:17",NaN,NaN
"NWT","2018-08-13","PIKA-017","11:17",3,"11:22","OS",12,0.4,0.75,NaN,"PIKA-017 2018-08-13 11:17",NaN,NaN
"NWT","2018-08-13","PIKA-017","11:17",4,"11:24","OH",12,0.5,0.5,NaN,"PIKA-017 2018-08-13 11:17",NaN,NaN
"NWT","2018-08-13","PIKA-017","11:17",5,"11:26","FH",11,1,2,NaN,"PIKA-017 2018-08-13 11:17",NaN,NaN
"NWT","2018-08-13","PIKA-017","11:17",6,"11:27","OS",11,1,2,NaN,"PIKA-017 2018-08-13 11:17",NaN,NaN
"NWT","2018-08-13","PIKA-017","11:17",7,"11:28","FS",12,0.3,0.75,1,"PIKA-017 2018-08-13 11:17",NaN,NaN
"NWT","2018-08-13","PIKA-017","11:17",8,"11:35","PC",12,0.5,1,NaN,"PIKA-017 2018-08-13 11:17",NaN,NaN
"NWT","2018-08-13","PIKA-017","11:40",1,"11:41","FH",NaN,0.5,1.5,NaN,"PIKA-017 2018-08-13 11:40",NaN,NaN
"NWT","2018-08-13","PIKA-017","11:40",2,"11:43","FH",NaN,0.5,2,NaN,"PIKA-017 2018-08-13 11:40",NaN,NaN
"NWT","2018-08-13","PIKA-017","11:40",3,"11:45","FS",NaN,0.5,2,6,"PIKA-017 2018-08-13 11:40",NaN,NaN
"NWT","2018-08-13","PIKA-017","11:40",4,"11:53","FH",NaN,0.5,1,NaN,"PIKA-017 2018-08-13 11:40",NaN,NaN
"NWT","2018-08-13","PIKA-017","11:40",5,"11:55","OH",NaN,0.2,1,NaN,"PIKA-017 2018-08-13 11:40",NaN,NaN
"NWT","2018-08-13","PIKA-017","11:40",6,"11:58","OH",NaN,0.25,0.75,NaN,"PIKA-017 2018-08-13 11:40",NaN,NaN
"NWT","2018-08-13","PIKA-029","11:25",1,"11:27","FS",NaN,3,4,NaN,"PIKA-029 2018-08-13 11:25",NaN,NaN
"NWT","2018-08-13","PIKA-029","11:25",2,"11:28","PC",5,2,2,NaN,"PIKA-029 2018-08-13 11:25",NaN,NaN
"NWT","2018-08-13","PIKA-029","11:25",3,"11:30","PC",10,1,3,NaN,"PIKA-029 2018-08-13 11:25",NaN,NaN
"NWT","2018-08-13","PIKA-029","11:25",4,"11:32","FS",NaN,1.5,3,15,"PIKA-029 2018-08-13 11:25",NaN,NaN
"NWT","2018-08-13","PIKA-029","11:25",5,"11:34","OS",NaN,2,2,NaN,"PIKA-029 2018-08-13 11:25",NaN,NaN
"NWT","2018-08-13","PIKA-029","11:25",6,"11:35","FH",NaN,2,2,NaN,"PIKA-029 2018-08-13 11:25",NaN,NaN
"NWT","2018-08-13","PIKA-029","11:25",7,"11:40","PC",10,NaN,NaN,NaN,"PIKA-029 2018-08-13 11:25",NaN,NaN
"NWT","2018-08-13","PIKA-029","11:25",8,"11:42","PC",15,NaN,NaN,NaN,"PIKA-029 2018-08-13 11:25",NaN,NaN
"NWT","2018-08-13","PIKA-034","10:33",1,"10:33","OS",NaN,0.75,1.5,NaN,"PIKA-034 2018-08-13 10:33",NaN,NaN
"NWT","2018-08-13","PIKA-034","10:33",2,"10:34","OH",NaN,0.5,2,NaN,"PIKA-034 2018-08-13 10:33",NaN,NaN
"NWT","2018-08-13","PIKA-034","10:33",3,"10:34","OS",NaN,1,2,NaN,"PIKA-034 2018-08-13 10:33",NaN,NaN
"NWT","2018-08-13","PIKA-034","10:33",4,"10:38","PC",20,NaN,NaN,NaN,"PIKA-034 2018-08-13 10:33",NaN,NaN
"NWT","2018-08-13","PIKA-034","10:33",5,"10:38","OH",NaN,0.5,2.5,NaN,"PIKA-034 2018-08-13 10:33",NaN,NaN
"NWT","2018-08-13","PIKA-034","10:33",6,"10:40","PC",30,NaN,NaN,NaN,"PIKA-034 2018-08-13 10:33",NaN,NaN
"NWT","2018-08-13","PIKA-034","10:33",7,"10:45","OS",NaN,1,4,NaN,"PIKA-034 2018-08-13 10:33",NaN,NaN
"NWT","2018-08-13","PIKA-034","10:33",8,"10:50","PC",50,NaN,NaN,NaN,"PIKA-034 2018-08-13 10:33",NaN,NaN
"NWT","2018-08-13","PIKA-006","12:20",1,"12:22","OS",NaN,0.1,1,NaN,"PIKA-006 2018-08-13 12:20",NaN,NaN
"NWT","2018-08-13","PIKA-006","12:20",2,"12:23","OH",NaN,0.25,0.75,NaN,"PIKA-006 2018-08-13 12:20",NaN,NaN
"NWT","2018-08-13","PIKA-006","12:20",3,"12:26","PC",15,NaN,NaN,NaN,"PIKA-006 2018-08-13 12:20",NaN,NaN
"NWT","2018-08-13","PIKA-006","12:20",4,"12:30","PC",10,1,1,NaN,"PIKA-006 2018-08-13 12:20",NaN,NaN
"NWT","2018-08-13","PIKA-006","12:20",5,"12:35","FH",NaN,0.25,1.5,NaN,"PIKA-006 2018-08-13 12:20",NaN,NaN
"NWT","2018-08-13","PIKA-006","12:20",6,"12:36","FH",NaN,0.5,3,NaN,"PIKA-006 2018-08-13 12:20",NaN,NaN
"NWT","2018-08-13","PIKA-006","12:20",7,"12:38","PC",20,0,3,NaN,"PIKA-006 2018-08-13 12:20",NaN,NaN
"NWT","2018-08-13","PIKA-006","12:20",8,"12:40","PS",20,0,3,NaN,"PIKA-006 2018-08-13 12:20",NaN,NaN
"NWT","2018-08-14","PIKA-011","11:09",1,"11:10","PS",3,0.25,2,NaN,"PIKA-011 2018-08-14 11:09",NaN,NaN
"NWT","2018-08-14","PIKA-011","11:09",2,"11:11","PC",10,0.1,5,NaN,"PIKA-011 2018-08-14 11:09",NaN,NaN
"NWT","2018-08-14","PIKA-011","11:09",3,"11:13","OS",NaN,0.5,1,NaN,"PIKA-011 2018-08-14 11:09",NaN,NaN
"NWT","2018-08-14","PIKA-011","11:09",4,"11:13","PS",5,0.25,2,NaN,"PIKA-011 2018-08-14 11:09",NaN,NaN
"NWT","2018-08-14","PIKA-011","11:09",5,"11:14","FH",NaN,0.5,0.5,NaN,"PIKA-011 2018-08-14 11:09",NaN,NaN
"NWT","2018-08-14","PIKA-011","11:09",6,"11:15","OH",NaN,0.5,2,NaN,"PIKA-011 2018-08-14 11:09",NaN,NaN
"NWT","2018-08-14","PIKA-011","11:09",7,"11:17","PC",10,NaN,NaN,NaN,"PIKA-011 2018-08-14 11:09",NaN,NaN
"NWT","2018-08-14","PIKA-011","11:09",8,"11:18","PS",7,0.5,0.5,NaN,"PIKA-011 2018-08-14 11:09",NaN,NaN
"NWT","2018-08-14","PIKA-011","09:48",1,"09:48","PS",10,NaN,0.75,NaN,"PIKA-011 2018-08-14 9:48",NaN,NaN
"NWT","2018-08-14","PIKA-011","09:48",2,"09:50","PS",8,NaN,0.75,NaN,"PIKA-011 2018-08-14 9:48",NaN,NaN
"NWT","2018-08-14","PIKA-011","09:48",3,"09:55","PC",4,NaN,NaN,NaN,"PIKA-011 2018-08-14 9:48",NaN,NaN
"NWT","2018-08-14","PIKA-011","09:48",4,"09:56","FS",12,0.2,1,13,"PIKA-011 2018-08-14 9:48",NaN,NaN
"NWT","2018-08-14","PIKA-011","09:48",5,"10:01","FH",12,0.2,1,NaN,"PIKA-011 2018-08-14 9:48",NaN,NaN
"NWT","2018-08-14","PIKA-011","09:48",6,"10:02","FH",10,0.2,1,NaN,"PIKA-011 2018-08-14 9:48",NaN,NaN
"NWT","2018-08-14","PIKA-011","09:48",7,"10:05","OS",5,0.2,1,NaN,"PIKA-011 2018-08-14 9:48",NaN,NaN
"NWT","2018-08-14","PIKA-011","09:48",8,"10:06","FH",7,0.25,0.75,NaN,"PIKA-011 2018-08-14 9:48",NaN,NaN
"NWT","2018-08-14","PIKA-023","10:15",1,"10:16","OH",NaN,1.25,NaN,NaN,"PIKA-023 2018-08-14 10:15",NaN,NaN
"NWT","2018-08-14","PIKA-023","10:15",2,"10:18","OH",NaN,1,NaN,NaN,"PIKA-023 2018-08-14 10:15",NaN,NaN
"NWT","2018-08-14","PIKA-023","10:15",3,"10:19","PC",20,NaN,NaN,NaN,"PIKA-023 2018-08-14 10:15",NaN,NaN
"NWT","2018-08-14","PIKA-023","10:15",4,"10:23","OS",NaN,1,NaN,NaN,"PIKA-023 2018-08-14 10:15",NaN,NaN
"NWT","2018-08-14","PIKA-023","10:15",5,"10:30","PS",20,1,NaN,NaN,"PIKA-023 2018-08-14 10:15",NaN,NaN
"NWT","2018-08-14","PIKA-023","10:15",6,"10:31","PC",20,1,NaN,NaN,"PIKA-023 2018-08-14 10:15",NaN,NaN
"NWT","2018-08-14","PIKA-023","10:53",1,"10:53","PS",15,NaN,1.5,NaN,"PIKA-023 2018-08-14 10:53",NaN,NaN
"NWT","2018-08-14","PIKA-023","10:53",2,"10:57","FS",2,1,1,NaN,"PIKA-023 2018-08-14 10:53",NaN,NaN
"NWT","2018-08-14","PIKA-023","10:53",3,"10:59","OH",NaN,0.4,1,NaN,"PIKA-023 2018-08-14 10:53",NaN,NaN
"NWT","2018-08-14","PIKA-023","10:53",4,"11:09","FH",NaN,1,2,NaN,"PIKA-023 2018-08-14 10:53",NaN,NaN
"NWT","2018-08-14","PIKA-023","10:53",5,"11:09","FS",NaN,1,2,NaN,"PIKA-023 2018-08-14 10:53",NaN,NaN
"NWT","2018-08-14","PIKA-023","10:53",6,"11:10","OS",NaN,0.5,2,NaN,"PIKA-023 2018-08-14 10:53",NaN,NaN
"NWT","2018-08-14","PIKA-023","10:53",7,"11:16","OS",NaN,1,1,NaN,"PIKA-023 2018-08-14 10:53",NaN,NaN
"NWT","2018-08-14","PIKA-023","10:53",8,"11:18","OH",NaN,0.3,3,NaN,"PIKA-023 2018-08-14 10:53",NaN,NaN
"NWT","2018-08-14","PIKA-007","12:24",1,"12:27","FS",NaN,0.3,1.3,3,"PIKA-007 2018-08-14 12:24",NaN,NaN
"NWT","2018-08-14","PIKA-007","12:24",2,"12:37","OS",NaN,0.5,1.5,NaN,"PIKA-007 2018-08-14 12:24",NaN,NaN
"NWT","2018-08-14","PIKA-007","12:24",3,"12:40","OS",NaN,0.75,1,NaN,"PIKA-007 2018-08-14 12:24",NaN,NaN
"NWT","2018-08-14","PIKA-007","12:24",4,"12:42","FH",NaN,0.5,1,NaN,"PIKA-007 2018-08-14 12:24",NaN,NaN
"NWT","2018-08-14","PIKA-007","12:24",5,"12:42","FS",NaN,0.5,1,2,"PIKA-007 2018-08-14 12:24",NaN,NaN
"NWT","2018-08-14","PIKA-007","12:24",6,"12:45","FS",NaN,0.75,0.75,6,"PIKA-007 2018-08-14 12:24",NaN,NaN
"NWT","2018-08-14","PIKA-007","12:24",7,"12:48","FS",NaN,0.75,1,2,"PIKA-007 2018-08-14 12:24",NaN,NaN
"NWT","2018-08-14","PIKA-087","09:39",1,"09:45","PC",20,NaN,NaN,NaN,"PIKA-087 2018-08-14 9:39",NaN,NaN
"NWT","2018-08-15","PIKA-010","11:05",1,"11:15","PC",30,NaN,NaN,NaN,"PIKA-010 2018-08-15 11:05",NaN,NaN
"NWT","2018-08-15","PIKA-016","08:50",1,"09:06","OH",NaN,0.5,2,NaN,"PIKA-016 2018-08-15 8:50",NaN,NaN
"NWT","2018-08-15","PIKA-016","08:50",2,"09:07","OH",NaN,0.5,0.75,NaN,"PIKA-016 2018-08-15 8:50",NaN,NaN
"NWT","2019-07-31","PIKA-056","11:14",1,"11:14","OH",NaN,0.25,0.75,NaN,"PIKA-056 2019-07-31 11:14",NaN,NaN
"NWT","2019-07-31","PIKA-056","11:14",2,"11:15","OH",NaN,0.25,1,NaN,"PIKA-056 2019-07-31 11:14",NaN,NaN
"NWT","2019-07-31","PIKA-056","11:14",3,"11:16","FS",2,0.25,0.75,2,"PIKA-056 2019-07-31 11:14",NaN,NaN
"NWT","2019-07-31","PIKA-056","11:14",4,"11:18","PC",20,NaN,NaN,NaN,"PIKA-056 2019-07-31 11:14",NaN,NaN
"NWT","2019-07-31","PIKA-056","11:14",5,"11:20","PC",10,0.1,0.5,NaN,"PIKA-056 2019-07-31 11:14",NaN,NaN
"NWT","2019-07-31","PIKA-056","11:14",6,"11:23","FH",NaN,0.5,0.5,NaN,"PIKA-056 2019-07-31 11:14",NaN,NaN
"NWT","2019-07-31","PIKA-056","11:14",7,"11:14","FS",3,0.25,0.5,3,"PIKA-056 2019-07-31 11:14",NaN,NaN
"NWT","2019-07-31","PIKA-056","11:14",8,"11:25","FS",5,0.1,0.25,NaN,"PIKA-056 2019-07-31 11:14",NaN,NaN
"NWT","2019-08-05","PIKA-014","12:17",1,"12:37","OH",NaN,0.5,1,NaN,"PIKA-014 2019-08-05 12:17",NaN,NaN
"NWT","2019-08-05","PIKA-140","12:43",1,"12:44","OH?",NaN,0.25,0.1,NaN,"PIKA-140 2019-08-05 12:43",NaN,NaN
"NWT","2019-08-05","PIKA-058","10:20",1,"10:24","OH",NaN,0.5,1.5,NaN,"PIKA-058 2019-08-05 10:20",NaN,NaN
"NWT","2019-08-05","PIKA-058","10:20",2,"10:26","OH",NaN,0.75,2.5,NaN,"PIKA-058 2019-08-05 10:20",NaN,NaN
"NWT","2019-08-05","PIKA-062","13:20",1,"13:25","OH",NaN,0.25,0.75,NaN,"PIKA-062 2019-08-05 13:20",NaN,NaN
"NWT","2019-08-05","PIKA-072","09:40",1,"09:45","PC",4,0.5,1.5,NaN,"PIKA-072 2019-08-05 9:40",NaN,NaN
"NWT","2019-08-05","PIKA-072","09:40",2,"09:46","OS",4,0.5,1.5,NaN,"PIKA-072 2019-08-05 9:40",NaN,NaN
"NWT","2019-08-05","PIKA-072","09:40",3,"09:50","FS",NaN,0.5,1,13,"PIKA-072 2019-08-05 9:40",NaN,NaN
"NWT","2019-08-05","PIKA-072","09:40",4,"09:52","FS",NaN,0.5,2,NaN,"PIKA-072 2019-08-05 9:40",NaN,NaN
"NWT","2019-08-05","PIKA-072","09:40",5,"09:55","OH",NaN,0.5,1.5,NaN,"PIKA-072 2019-08-05 9:40",NaN,NaN
"NWT","2019-08-05","PIKA-072","09:40",6,"09:58","PC",30,NaN,1.25,NaN,"PIKA-072 2019-08-05 9:40",NaN,NaN
"NWT","2019-08-05","PIKA-072","09:40",7,"09:59","FS",NaN,0.25,1.25,NaN,"PIKA-072 2019-08-05 9:40",NaN,NaN
"NWT","2019-08-05","PIKA-008","10:50",1,"10:50","PS",12,0.25,1.5,NaN,"PIKA-008 2019-08-05 10:50",NaN,NaN
"NWT","2019-08-05","PIKA-008","10:50",2,"10:50","OH",NaN,0.25,1,NaN,"PIKA-008 2019-08-05 10:50",NaN,NaN
"NWT","2019-08-05","PIKA-008","10:50",3,"10:52","PS",5,0.25,1.5,NaN,"PIKA-008 2019-08-05 10:50",NaN,NaN
"NWT","2019-08-05","PIKA-008","10:50",4,"10:53","FH",NaN,0.5,1.5,13,"PIKA-008 2019-08-05 10:50",NaN,NaN
"NWT","2019-08-05","PIKA-008","10:50",5,"10:58","FH",NaN,0.25,1.5,NaN,"PIKA-008 2019-08-05 10:50",NaN,NaN
"NWT","2019-08-05","PIKA-008","10:50",6,"11:00","FS",NaN,0.25,2,NaN,"PIKA-008 2019-08-05 10:50",NaN,NaN
"NWT","2019-08-05","PIKA-008","10:50",7,"11:03","PS",13,0.5,1.5,NaN,"PIKA-008 2019-08-05 10:50",NaN,NaN
"NWT","2019-08-05","PIKA-008","10:50",8,"11:08","FS",NaN,0.25,1,NaN,"PIKA-008 2019-08-05 10:50",NaN,NaN
"NWT","2019-08-06","PIKA-102","10:10",1,"10:13","PC",7,0.5,2,NaN,"PIKA-102 2019-08-06 10:10",NaN,NaN
"NWT","2019-08-06","PIKA-102","10:10",2,"10:13","FH",7,0.5,2,NaN,"PIKA-102 2019-08-06 10:10",NaN,NaN
"NWT","2019-08-06","PIKA-102","10:10",3,"10:18","OS",NaN,0.5,0.5,NaN,"PIKA-102 2019-08-06 10:10",NaN,NaN
"NWT","2019-08-06","PIKA-102","10:10",4,"10:27","OS",NaN,0.25,1.5,NaN,"PIKA-102 2019-08-06 10:10",NaN,NaN
"NWT","2019-08-06","PIKA-102","10:10",5,"10:29","PC",10,NaN,NaN,NaN,"PIKA-102 2019-08-06 10:10",NaN,NaN
"NWT","2019-08-06","PIKA-002","14:05",1,"14:08","FH",NaN,0.1,1.5,NaN,"PIKA-002 2019-08-06 14:05",NaN,NaN
"NWT","2019-08-06","PIKA-002","14:05",2,"14:10","OS",NaN,0.1,1.5,NaN,"PIKA-002 2019-08-06 14:05",NaN,NaN
"NWT","2019-08-06","PIKA-002","14:05",3,"14:12","OH",NaN,0.25,1.5,NaN,"PIKA-002 2019-08-06 14:05",NaN,NaN
"NWT","2019-08-06","PIKA-002","14:05",4,"14:13","FS",NaN,1.3,0.5,NaN,"PIKA-002 2019-08-06 14:05",NaN,NaN
"NWT","2019-08-06","PIKA-002","14:05",5,"14:15","FS",NaN,0.1,1,8,"PIKA-002 2019-08-06 14:05",NaN,NaN
"NWT","2019-08-06","PIKA-002","14:05",6,"14:16","PC",NaN,0.1,1.5,NaN,"PIKA-002 2019-08-06 14:05",NaN,NaN
"NWT","2019-08-06","PIKA-002","14:05",7,"14:18","FS",NaN,0.1,1.5,NaN,"PIKA-002 2019-08-06 14:05",NaN,NaN
"NWT","2019-08-06","PIKA-002","14:05",8,"14:20","FS",NaN,0.1,1,NaN,"PIKA-002 2019-08-06 14:05",NaN,NaN
"NWT","2019-08-06","PIKA-005","11:38",1,"11:38","OS",NaN,0.5,2,NaN,"PIKA-005 2019-08-06 11:38",NaN,NaN
"NWT","2019-08-06","PIKA-005","11:38",2,"11:39","OH",NaN,0.25,0.5,NaN,"PIKA-005 2019-08-06 11:38",NaN,NaN
"NWT","2019-08-06","PIKA-005","11:38",3,"11:41","FS",NaN,0.5,10,9,"PIKA-005 2019-08-06 11:38",NaN,NaN
"NWT","2019-08-06","PIKA-005","11:38",4,"11:52","OS",NaN,0.5,3,NaN,"PIKA-005 2019-08-06 11:38",NaN,NaN
"NWT","2019-08-06","PIKA-005","11:38",5,"11:52","OH",NaN,1,3,NaN,"PIKA-005 2019-08-06 11:38",NaN,NaN
"NWT","2019-08-06","PIKA-005","11:38",6,"11:52","PC",11,0.25,1.5,NaN,"PIKA-005 2019-08-06 11:38",NaN,NaN
"NWT","2019-08-06","PIKA-005","11:38",7,"11:53","FS",NaN,0.25,1.5,NaN,"PIKA-005 2019-08-06 11:38",NaN,NaN
"NWT","2019-08-06","PIKA-005","11:38",8,"11:53","PS",10,0.25,1.5,NaN,"PIKA-005 2019-08-06 11:38",NaN,NaN
"NWT","2019-08-06","PIKA-069","13:18",1,"13:18","OS",NaN,0.1,0.1,NaN,"PIKA-069 2019-08-06 13:18",NaN,NaN
"NWT","2019-08-06","PIKA-069","13:18",2,"13:19","OS",NaN,0.2,0.5,NaN,"PIKA-069 2019-08-06 13:18",NaN,NaN
"NWT","2019-08-06","PIKA-069","13:18",3,"13:20","PC",20,NaN,NaN,NaN,"PIKA-069 2019-08-06 13:18",NaN,NaN
"NWT","2019-08-06","PIKA-069","13:18",4,"13:21","OH",NaN,0.25,1,NaN,"PIKA-069 2019-08-06 13:18",NaN,NaN
"NWT","2019-08-06","PIKA-069","13:18",5,"13:22","OS",NaN,0.1,0.75,NaN,"PIKA-069 2019-08-06 13:18",NaN,NaN
"NWT","2019-08-06","PIKA-069","13:18",6,"13:35","OH",NaN,0.5,0.5,NaN,"PIKA-069 2019-08-06 13:18",NaN,NaN
"NWT","2019-08-06","PIKA-069","13:18",7,"13:36","OS",NaN,0.25,0.5,NaN,"PIKA-069 2019-08-06 13:18",NaN,NaN
"NWT","2019-08-06","PIKA-069","13:18",8,"13:37","OH",NaN,0.2,0.5,NaN,"PIKA-069 2019-08-06 13:18",NaN,NaN
"NWT","2019-08-06","PIKA-082","12:40",1,"12:45","OS",NaN,1,1,NaN,"PIKA-082 2019-08-06 12:40",NaN,NaN
"NWT","2019-08-06","PIKA-082","12:40",2,"12:47","OS",NaN,0.5,0.5,NaN,"PIKA-082 2019-08-06 12:40",NaN,NaN
"NWT","2019-08-06","PIKA-082","12:40",3,"12:50","OS",NaN,0.25,0.75,NaN,"PIKA-082 2019-08-06 12:40",NaN,NaN
"NWT","2019-08-06","PIKA-082","12:40",4,"12:53","FS",NaN,0.25,1.25,NaN,"PIKA-082 2019-08-06 12:40",NaN,NaN
"NWT","2019-08-06","PIKA-082","12:40",5,"12:57","FS",NaN,0.5,1,9,"PIKA-082 2019-08-06 12:40",NaN,NaN
"NWT","2019-08-06","PIKA-082","12:40",6,"12:58","FS",NaN,0.25,2,NaN,"PIKA-082 2019-08-06 12:40",NaN,NaN
"NWT","2019-08-06","PIKA-082","12:40",7,"12:59","FH",NaN,0.25,1,NaN,"PIKA-082 2019-08-06 12:40",NaN,NaN
"NWT","2019-08-06","PIKA-097","11:58",1,"11:58","OS",5,2,2.5,NaN,"PIKA-097 2019-08-06 11:58",NaN,NaN
"NWT","2019-08-06","PIKA-097","11:58",2,"12:00","FS",5,2,2.5,6,"PIKA-097 2019-08-06 11:58",NaN,NaN
"NWT","2019-08-06","PIKA-097","11:58",3,"12:07","PC",18,NaN,NaN,NaN,"PIKA-097 2019-08-06 11:58",NaN,NaN
"NWT","2019-08-06","PIKA-097","11:58",4,"12:08","OS",4,0.5,1.5,NaN,"PIKA-097 2019-08-06 11:58",NaN,NaN
"NWT","2019-08-07","PIKA-100","11:15",1,"11:15","OS",NaN,0.1,0.3,NaN,"PIKA-100 2019-08-07 11:15",NaN,NaN
"NWT","2019-08-07","PIKA-100","11:15",2,"11:18","FS",NaN,0.1,0.3,3,"PIKA-100 2019-08-07 11:15",NaN,NaN
"NWT","2019-08-07","PIKA-100","11:15",3,"11:23","FH",NaN,0.25,0.5,NaN,"PIKA-100 2019-08-07 11:15",NaN,NaN
"NWT","2019-08-07","PIKA-100","11:15",4,"11:27","FH",NaN,0.1,0.5,NaN,"PIKA-100 2019-08-07 11:15",NaN,NaN
"NWT","2019-08-07","PIKA-100","11:15",5,"11:30","FH",NaN,0.1,0.3,NaN,"PIKA-100 2019-08-07 11:15",NaN,NaN
"NWT","2019-08-07","PIKA-003","09:35",1,"09:38","OH",NaN,0.4,0.5,NaN,"PIKA-003 2019-08-07 9:35",NaN,NaN
"NWT","2019-08-07","PIKA-004","10:07",1,"10:12","OS",NaN,0.2,0.5,NaN,"PIKA-004 2019-08-07 10:07",NaN,NaN
"NWT","2019-08-07","PIKA-004","10:07",2,"10:13","FS",NaN,0.2,0.5,3,"PIKA-004 2019-08-07 10:07",NaN,NaN
"NWT","2019-08-07","PIKA-004","10:07",3,"10:25","FS",NaN,0.25,1,NaN,"PIKA-004 2019-08-07 10:07",NaN,NaN
"NWT","2019-08-07","PIKA-079","11:06",1,"11:07","PC",75,NaN,NaN,NaN,"PIKA-079 2019-08-07 11:06",NaN,NaN
"NWT","2019-08-07","PIKA-079","11:06",2,"11:19","PC",75,NaN,NaN,NaN,"PIKA-079 2019-08-07 11:06",NaN,NaN
"NWT","2019-08-08","PIKA-144","13:00",1,"13:14","OS",NaN,0.1,0.5,NaN,"PIKA-144 2019-08-08 13:00",NaN,NaN
"NWT","2019-08-08","PIKA-144","13:00",2,"13:16","FS",NaN,0.1,0.5,6,"PIKA-144 2019-08-08 13:00",NaN,NaN
"NWT","2019-08-08","PIKA-151","09:27",1,"09:38","OH",NaN,0.75,1,NaN,"PIKA-151 2019-08-08 9:27",NaN,NaN
"NWT","2019-08-08","PIKA-151","09:27",2,"09:39","OS",NaN,0.25,0.5,NaN,"PIKA-151 2019-08-08 9:27",NaN,NaN
"NWT","2019-08-08","PIKA-151","09:27",3,"09:40","FS",NaN,0.25,0.5,NaN,"PIKA-151 2019-08-08 9:27",NaN,NaN
"NWT","2019-08-08","PIKA-151","09:27",4,"09:41","FS",NaN,0.25,0.5,NaN,"PIKA-151 2019-08-08 9:27",NaN,NaN
"NWT","2019-08-08","PIKA-151","09:27",5,"09:43","FS",NaN,0.5,1.5,NaN,"PIKA-151 2019-08-08 9:27",NaN,NaN
"NWT","2019-08-08","PIKA-151","09:27",6,"09:44","OH",NaN,0.25,0.75,NaN,"PIKA-151 2019-08-08 9:27",NaN,NaN
"NWT","2019-08-08","PIKA-019","10:56",1,"10:57","PS",15,0.25,0.5,NaN,"PIKA-019 2019-08-08 10:56",NaN,NaN
"NWT","2019-08-08","PIKA-019","10:56",2,"11:00","FS",8,0.25,1,2,"PIKA-019 2019-08-08 10:56",NaN,NaN
"NWT","2019-08-08","PIKA-019","10:56",3,"11:03","PS",25,0.5,1,NaN,"PIKA-019 2019-08-08 10:56",NaN,NaN
"NWT","2019-08-08","PIKA-019","10:56",4,"11:09","PS",20,0.25,0.5,NaN,"PIKA-019 2019-08-08 10:56",NaN,NaN
"NWT","2019-08-08","PIKA-019","09:42",1,"09:42","PS",12,0.25,0.25,NaN,"PIKA-019 2019-08-08 9:42",NaN,NaN
"NWT","2019-08-08","PIKA-019","09:42",2,"09:44","OH",NaN,0.5,1.5,NaN,"PIKA-019 2019-08-08 9:42",NaN,NaN
"NWT","2019-08-08","PIKA-019","09:42",3,"09:45","FS",NaN,0.25,1,NaN,"PIKA-019 2019-08-08 9:42",NaN,NaN
"NWT","2019-08-08","PIKA-019","09:42",4,"09:47","FS",12,0.25,0.75,NaN,"PIKA-019 2019-08-08 9:42",NaN,NaN
"NWT","2019-08-08","PIKA-019","09:42",5,"09:48","OH",12,0.25,0.75,NaN,"PIKA-019 2019-08-08 9:42",NaN,NaN
"NWT","2019-08-08","PIKA-019","09:42",6,"09:50","FS",11,0.5,0.5,NaN,"PIKA-019 2019-08-08 9:42",NaN,NaN
"NWT","2019-08-08","PIKA-019","09:42",7,"09:51","PC",10,NaN,NaN,NaN,"PIKA-019 2019-08-08 9:42",NaN,NaN
"NWT","2019-08-08","PIKA-019","09:42",8,"09:58","FS",7,0.5,1,NaN,"PIKA-019 2019-08-08 9:42",NaN,NaN
"NWT","2019-08-08","PIKA-023","10:03",1,"10:06","FH",10,1,2,NaN,"PIKA-023 2019-08-08 10:03",NaN,NaN
"NWT","2019-08-08","PIKA-023","10:03",2,"10:18","OH",8,0.25,1.5,NaN,"PIKA-023 2019-08-08 10:03",NaN,NaN
"NWT","2019-08-08","PIKA-023","10:03",3,"10:21","OS",10,1,2,6,"PIKA-023 2019-08-08 10:03",NaN,NaN
"NWT","2019-08-08","PIKA-023","11:15",1,"11:26","OH",NaN,0.75,1,NaN,"PIKA-023 2019-08-08 11:15",NaN,NaN
"NWT","2019-08-08","PIKA-023","11:15",2,"11:31","OH",NaN,0.5,1,NaN,"PIKA-023 2019-08-08 11:15",NaN,NaN
"NWT","2019-08-08","PIKA-023","11:15",3,"11:33","FH",NaN,1,1,NaN,"PIKA-023 2019-08-08 11:15",NaN,NaN
"NWT","2019-08-08","PIKA-023","11:15",4,"11:34","FH",NaN,1,1.5,NaN,"PIKA-023 2019-08-08 11:15",NaN,NaN
"NWT","2019-08-08","PIKA-007","11:43",1,"11:44","FS",NaN,0.5,0.75,7,"PIKA-007 2019-08-08 11:43",NaN,NaN
"NWT","2019-08-08","PIKA-007","11:43",2,"11:44","FH",NaN,0.5,0.75,NaN,"PIKA-007 2019-08-08 11:43",NaN,NaN
"NWT","2019-08-08","PIKA-007","12:03",1,"12:08","OS",NaN,0.25,0.5,NaN,"PIKA-007 2019-08-08 12:03",NaN,NaN
"NWT","2019-08-08","PIKA-007","12:03",2,"12:14","FS",NaN,0.1,1.25,12,"PIKA-007 2019-08-08 12:03",NaN,NaN
"NWT","2019-08-08","PIKA-007","12:03",3,"12:20","FS",NaN,0.5,1.5,NaN,"PIKA-007 2019-08-08 12:03",NaN,NaN
"NWT","2019-08-08","PIKA-071","10:38",1,"10:43","PC",25,NaN,NaN,NaN,"PIKA-071 2019-08-08 10:38",NaN,NaN
"NWT","2019-08-08","PIKA-071","10:38",2,"10:48","PS",12,0.25,1,NaN,"PIKA-071 2019-08-08 10:38",NaN,NaN
"NWT","2019-08-08","PIKA-071","10:38",3,"10:51","OS",NaN,0.5,1.5,NaN,"PIKA-071 2019-08-08 10:38",NaN,NaN
"NWT","2019-08-08","PIKA-071","10:38",4,"10:52","OS",NaN,0.5,2,NaN,"PIKA-071 2019-08-08 10:38",NaN,NaN
"NWT","2019-08-08","PIKA-071","10:38",5,"10:54","OH",NaN,0.5,5,NaN,"PIKA-071 2019-08-08 10:38",NaN,NaN
"NWT","2019-08-08","PIKA-071","10:38",6,"10:56","OS",NaN,0.5,2,NaN,"PIKA-071 2019-08-08 10:38",NaN,NaN
"NWT","2019-08-08","PIKA-071","10:38",7,"10:57","OH",NaN,0.25,2.5,NaN,"PIKA-071 2019-08-08 10:38",NaN,NaN
"NWT","2019-08-12","PIKA-001","13:30",1,"13:33","OH",NaN,0.25,0.5,NaN,"PIKA-001 2019-08-12 13:30",NaN,NaN
"NWT","2019-08-12","PIKA-001","13:30",2,"13:34","OH",NaN,0.2,0.5,NaN,"PIKA-001 2019-08-12 13:30",NaN,NaN
"NWT","2019-08-12","PIKA-001","13:30",3,"13:35","OH",NaN,0.2,0.75,NaN,"PIKA-001 2019-08-12 13:30",NaN,NaN
"NWT","2019-08-12","PIKA-001","13:40",1,"13:41","OH",NaN,0.25,1.5,NaN,"PIKA-001 2019-08-12 13:40",NaN,NaN
"NWT","2019-08-12","PIKA-001","13:40",2,"13:46","OH",NaN,0.5,1.5,NaN,"PIKA-001 2019-08-12 13:40",NaN,NaN
"NWT","2019-08-12","PIKA-001","13:40",3,"13:49","OH",NaN,0.5,1,NaN,"PIKA-001 2019-08-12 13:40",NaN,NaN
"NWT","2019-08-12","PIKA-010","09:03",1,"09:07","OH",NaN,0.25,1.5,NaN,"PIKA-010 2019-08-12 9:03",NaN,NaN
"NWT","2019-08-12","PIKA-010","09:03",2,"09:07","OS",NaN,0.25,1.5,NaN,"PIKA-010 2019-08-12 9:03",NaN,NaN
"NWT","2019-08-12","PIKA-010","09:03",3,"09:10","OH",NaN,0.5,1.75,NaN,"PIKA-010 2019-08-12 9:03",NaN,NaN
"NWT","2019-08-12","PIKA-010","09:03",4,"09:13","FS",NaN,0.25,1,3,"PIKA-010 2019-08-12 9:03",NaN,NaN
"NWT","2019-08-12","PIKA-121","09:00",1,"09:03","PC",10,1,1,NaN,"PIKA-121 2019-08-12 9:00",NaN,NaN
"NWT","2019-08-12","PIKA-121","09:00",2,"09:03","PS",10,1,1,NaN,"PIKA-121 2019-08-12 9:00",NaN,NaN
"NWT","2019-08-12","PIKA-121","09:00",3,"09:04","OH",NaN,0.25,0.5,NaN,"PIKA-121 2019-08-12 9:00",NaN,NaN
"NWT","2019-08-12","PIKA-121","09:00",4,"09:05","OS",NaN,0.25,0.5,NaN,"PIKA-121 2019-08-12 9:00",NaN,NaN
"NWT","2019-08-12","PIKA-121","09:00",5,"09:08","OH",NaN,1,1.5,NaN,"PIKA-121 2019-08-12 9:00",NaN,NaN
"NWT","2019-08-12","PIKA-121","09:00",6,"09:10","FH",NaN,1,3,NaN,"PIKA-121 2019-08-12 9:00",NaN,NaN
"NWT","2019-08-12","PIKA-121","09:00",7,"09:11","FS",NaN,1,3,8,"PIKA-121 2019-08-12 9:00",NaN,NaN
"NWT","2019-08-12","PIKA-121","09:00",8,"09:18","PS",10,0.25,1,NaN,"PIKA-121 2019-08-12 9:00",NaN,NaN
"NWT","2019-08-12","PIKA-017","12:18",1,"12:18","PC",10,0.5,1,NaN,"PIKA-017 2019-08-12 12:18",NaN,NaN
"NWT","2019-08-12","PIKA-017","12:18",2,"12:20","OH",8,0.2,1,NaN,"PIKA-017 2019-08-12 12:18",NaN,NaN
"NWT","2019-08-12","PIKA-017","12:18",3,"12:21","OS",12,0.25,0.5,NaN,"PIKA-017 2019-08-12 12:18",NaN,NaN
"NWT","2019-08-12","PIKA-017","12:18",4,"12:22","OS",10,0.2,0.75,NaN,"PIKA-017 2019-08-12 12:18",NaN,NaN
"NWT","2019-08-12","PIKA-017","12:18",5,"12:23","OH",12,0.5,2,NaN,"PIKA-017 2019-08-12 12:18",NaN,NaN
"NWT","2019-08-12","PIKA-017","12:18",6,"12:24","OS",10,0.2,0.5,NaN,"PIKA-017 2019-08-12 12:18",NaN,NaN
"NWT","2019-08-12","PIKA-017","12:18",7,"12:25","PS",3,0.5,2.5,NaN,"PIKA-017 2019-08-12 12:18",NaN,NaN
"NWT","2019-08-12","PIKA-017","12:18",8,"12:28","PS",5,0.5,0.75,NaN,"PIKA-017 2019-08-12 12:18",NaN,NaN
"NWT","2019-08-12","PIKA-017","13:01",1,"13:03","PC",10,0.5,1.5,NaN,"PIKA-017 2019-08-12 13:01",NaN,NaN
"NWT","2019-08-12","PIKA-017","13:01",2,"13:05","OH",NaN,0.25,1.5,NaN,"PIKA-017 2019-08-12 13:01",NaN,NaN
"NWT","2019-08-12","PIKA-017","13:01",3,"13:06","OH",NaN,0.5,1.75,NaN,"PIKA-017 2019-08-12 13:01",NaN,NaN
"NWT","2019-08-12","PIKA-017","13:01",4,"13:07","FH",NaN,0.5,2.5,NaN,"PIKA-017 2019-08-12 13:01",NaN,NaN
"NWT","2019-08-12","PIKA-017","13:01",5,"13:08","FH",NaN,0.5,2.5,NaN,"PIKA-017 2019-08-12 13:01",NaN,NaN
"NWT","2019-08-12","PIKA-017","13:01",6,"13:09","OH",NaN,0.25,2.5,NaN,"PIKA-017 2019-08-12 13:01",NaN,NaN
"NWT","2019-08-12","PIKA-017","13:01",7,"13:11","OS",NaN,0.25,1.75,NaN,"PIKA-017 2019-08-12 13:01",NaN,NaN
"NWT","2019-08-12","PIKA-017","13:01",8,"13:13","OH",NaN,0.25,1,NaN,"PIKA-017 2019-08-12 13:01",NaN,NaN
"NWT","2019-08-12","PIKA-050","11:10",1,"11:11","OH",NaN,0.25,1.5,NaN,"PIKA-050 2019-08-12 11:10",NaN,NaN
"NWT","2019-08-12","PIKA-050","11:10",2,"11:12","OH",NaN,0.5,1.5,NaN,"PIKA-050 2019-08-12 11:10",NaN,NaN
"NWT","2019-08-12","PIKA-050","11:10",3,"11:13","OH",12,0.25,1,NaN,"PIKA-050 2019-08-12 11:10",NaN,NaN
"NWT","2019-08-12","PIKA-050","11:10",4,"11:13","OS",12,0.25,1,NaN,"PIKA-050 2019-08-12 11:10",NaN,NaN
"NWT","2019-08-12","PIKA-050","11:10",5,"11:15","OS",NaN,0.5,1,NaN,"PIKA-050 2019-08-12 11:10",NaN,NaN
"NWT","2019-08-12","PIKA-050","11:10",6,"11:16","OH",NaN,0.5,0.5,NaN,"PIKA-050 2019-08-12 11:10",NaN,NaN
"NWT","2019-08-12","PIKA-050","11:10",7,"11:16","OH",NaN,0.25,1,NaN,"PIKA-050 2019-08-12 11:10",NaN,NaN
"NWT","2019-08-12","PIKA-050","11:10",8,"11:21","FS",3,0.15,1,8,"PIKA-050 2019-08-12 11:10",NaN,NaN
"NWT","2019-08-12","PIKA-057","10:05",1,"10:08","OS",NaN,0.25,2.5,NaN,"PIKA-057 2019-08-12 10:05",NaN,NaN
"NWT","2019-08-12","PIKA-006","11:34",1,"11:34","FS",NaN,0.5,1.5,NaN,"PIKA-006 2019-08-12 11:34",NaN,NaN
"NWT","2019-08-12","PIKA-006","11:34",2,"11:36","FS",NaN,0.5,3,NaN,"PIKA-006 2019-08-12 11:34",NaN,NaN
"NWT","2019-08-12","PIKA-006","11:34",3,"11:38","FS",NaN,0.25,1,NaN,"PIKA-006 2019-08-12 11:34",NaN,NaN
"NWT","2019-08-12","PIKA-006","11:34",4,"11:40","OS",NaN,0.5,2.5,NaN,"PIKA-006 2019-08-12 11:34",NaN,NaN
"NWT","2019-08-12","PIKA-006","11:34",5,"11:44","PC",14,0.25,2,NaN,"PIKA-006 2019-08-12 11:34",NaN,NaN
"NWT","2019-08-12","PIKA-006","11:34",6,"11:45","FS",NaN,0.25,1,NaN,"PIKA-006 2019-08-12 11:34",NaN,NaN
"NWT","2019-08-12","PIKA-006","11:34",7,"11:47","OH",NaN,0.25,1.25,NaN,"PIKA-006 2019-08-12 11:34",NaN,NaN
"NWT","2019-08-12","PIKA-006","11:34",8,"11:49","FS",NaN,0.25,1.25,NaN,"PIKA-006 2019-08-12 11:34",NaN,NaN
"NWT","2019-08-12","PIKA-065","12:45",1,"12:47","OH",NaN,1.5,2,NaN,"PIKA-065 2019-08-12 12:45",NaN,NaN
"NWT","2019-08-12","PIKA-065","12:45",2,"12:58","OS",NaN,1,2,NaN,"PIKA-065 2019-08-12 12:45",NaN,NaN
"NWT","2019-08-12","PIKA-065","12:45",3,"12:59","FH",NaN,1,2,NaN,"PIKA-065 2019-08-12 12:45",NaN,NaN
"NWT","2019-08-12","PIKA-065","12:45",4,"13:01","FS",NaN,2,5,NaN,"PIKA-065 2019-08-12 12:45",NaN,NaN
"NWT","2019-08-12","PIKA-065","12:45",5,"13:03","PC",5,0.5,0.5,NaN,"PIKA-065 2019-08-12 12:45",NaN,NaN
"NWT","2019-08-12","PIKA-074","10:35",1,"10:38","OH",5,0.25,1,NaN,"PIKA-074 2019-08-12 10:35",NaN,NaN
"NWT","2019-08-12","PIKA-074","10:35",2,"10:43","PC",20,NaN,NaN,NaN,"PIKA-074 2019-08-12 10:35",NaN,NaN
"NWT","2019-08-12","PIKA-074","10:35",3,"10:45","OH",NaN,0.1,0.5,NaN,"PIKA-074 2019-08-12 10:35",NaN,NaN
"NWT","2019-08-12","PIKA-097","10:43",1,"10:44","FS",NaN,1,2.5,NaN,"PIKA-097 2019-08-12 10:43",NaN,NaN
"NWT","2019-08-12","PIKA-097","10:43",2,"10:49","OS",NaN,0.25,3,NaN,"PIKA-097 2019-08-12 10:43",NaN,NaN
"NWT","2019-08-12","PIKA-097","10:43",3,"10:58","PC",25,NaN,NaN,NaN,"PIKA-097 2019-08-12 10:43",NaN,NaN
"NWT","2019-08-13","PIKA-117","10:12",1,"10:12","PC",50,0.5,2,NaN,"PIKA-117 2019-08-13 10:12",NaN,NaN
"NWT","2019-08-13","PIKA-117","10:12",2,"10:14","OS",3,0.5,1,NaN,"PIKA-117 2019-08-13 10:12",NaN,NaN
"NWT","2019-08-13","PIKA-002","10:17",1,"10:19","OH",NaN,1,1,NaN,"PIKA-002 2019-08-13 10:17",NaN,NaN
"NWT","2019-08-13","PIKA-002","10:17",2,"10:21","FS",NaN,0.75,1,NaN,"PIKA-002 2019-08-13 10:17",NaN,NaN
"NWT","2019-08-13","PIKA-002","10:17",3,"10:22","PC",12,NaN,NaN,NaN,"PIKA-002 2019-08-13 10:17",NaN,NaN
"NWT","2019-08-13","PIKA-002","10:17",4,"10:25","OH",NaN,1,1,NaN,"PIKA-002 2019-08-13 10:17",NaN,NaN
"NWT","2019-08-13","PIKA-002","10:17",5,"10:26","OS",NaN,1,1,NaN,"PIKA-002 2019-08-13 10:17",NaN,NaN
"NWT","2019-08-13","PIKA-002","10:17",6,"10:27","PC",12,NaN,NaN,NaN,"PIKA-002 2019-08-13 10:17",NaN,NaN
"NWT","2019-08-13","PIKA-002","10:17",7,"10:30","FS",NaN,0.5,2,NaN,"PIKA-002 2019-08-13 10:17",NaN,NaN
"NWT","2019-08-13","PIKA-002","10:17",8,"10:32","FS",NaN,0.25,2,NaN,"PIKA-002 2019-08-13 10:17",NaN,NaN
"NWT","2019-08-13","PIKA-005","10:35",1,"10:38","FS",NaN,1,1.5,2,"PIKA-005 2019-08-13 10:35",NaN,NaN
"NWT","2019-08-13","PIKA-005","10:35",2,"10:42","OS",NaN,0.5,2.5,NaN,"PIKA-005 2019-08-13 10:35",NaN,NaN
"NWT","2019-08-13","PIKA-005","10:35",3,"10:43","OS",NaN,1.5,2.5,NaN,"PIKA-005 2019-08-13 10:35",NaN,NaN
"NWT","2019-08-13","PIKA-005","10:35",4,"10:50","OS",NaN,1.5,1.5,NaN,"PIKA-005 2019-08-13 10:35",NaN,NaN
"NWT","2019-08-13","PIKA-091","13:24",1,"13:26","PC",12,0.5,0.5,NaN,"PIKA-091 2019-08-13 13:24",NaN,NaN
"NWT","2019-08-13","PIKA-091","13:24",2,"13:30","OS",12,0.1,0.5,NaN,"PIKA-091 2019-08-13 13:24",NaN,NaN
"NWT","2019-08-13","PIKA-091","13:24",3,"13:31","FS",12,0.5,1,NaN,"PIKA-091 2019-08-13 13:24",NaN,NaN
"NWT","2019-08-13","PIKA-091","13:24",4,"13:32","FS",12,0.25,1,NaN,"PIKA-091 2019-08-13 13:24",NaN,NaN
"NWT","2019-08-13","PIKA-091","13:24",5,"13:32","OH",12,0.25,1,NaN,"PIKA-091 2019-08-13 13:24",NaN,NaN
"NWT","2019-08-13","PIKA-091","13:24",6,"13:33","OS",10,0.1,1.5,NaN,"PIKA-091 2019-08-13 13:24",NaN,NaN
"NWT","2019-08-13","PIKA-091","13:24",7,"13:46","PS",14,0.25,0.5,NaN,"PIKA-091 2019-08-13 13:24",NaN,NaN
"NWT","2019-08-14","PIKA-011","10:23",1,"10:25","OS",NaN,0.25,1.75,NaN,"PIKA-011 2019-08-14 10:23",NaN,NaN
"NWT","2019-08-14","PIKA-011","10:23",2,"10:27","OS",NaN,0.25,1.75,NaN,"PIKA-011 2019-08-14 10:23",NaN,NaN
"NWT","2019-08-14","PIKA-011","10:23",3,"10:29","OH",NaN,0.1,1,NaN,"PIKA-011 2019-08-14 10:23",NaN,NaN
"NWT","2019-08-14","PIKA-011","10:23",4,"10:30","OS",NaN,0.1,1,NaN,"PIKA-011 2019-08-14 10:23",NaN,NaN
"NWT","2019-08-14","PIKA-011","10:23",5,"10:31","FS",NaN,0.1,1,NaN,"PIKA-011 2019-08-14 10:23",NaN,NaN
"NWT","2019-08-14","PIKA-011","10:23",6,"10:31","OH",NaN,0.1,1.25,NaN,"PIKA-011 2019-08-14 10:23",NaN,NaN
"NWT","2019-08-14","PIKA-011","10:23",7,"10:32","FS",NaN,0.25,1.5,0,"PIKA-011 2019-08-14 10:23",NaN,NaN
"NWT","2019-08-14","PIKA-011","10:50",1,"10:54","OS",12,0.2,1,NaN,"PIKA-011 2019-08-14 10:50",NaN,NaN
"NWT","2019-08-14","PIKA-011","10:50",2,"10:55","OS",12,0.3,1,NaN,"PIKA-011 2019-08-14 10:50",NaN,NaN
"NWT","2019-08-14","PIKA-011","10:50",3,"10:56","PC",15,0.5,1.5,NaN,"PIKA-011 2019-08-14 10:50",NaN,NaN
"NWT","2019-08-14","PIKA-011","10:50",4,"10:56","OS",10,0.2,0.5,NaN,"PIKA-011 2019-08-14 10:50",NaN,NaN
"NWT","2019-08-14","PIKA-011","10:50",5,"11:00","OH",10,0.25,0.5,NaN,"PIKA-011 2019-08-14 10:50",NaN,NaN
"NWT","2019-08-14","PIKA-011","10:50",6,"11:01","PS",5,0.5,1,NaN,"PIKA-011 2019-08-14 10:50",NaN,NaN
"NWT","2019-08-14","PIKA-011","10:50",7,"11:10","PS",12,0.25,0.5,NaN,"PIKA-011 2019-08-14 10:50",NaN,NaN
"NWT","2019-08-14","PIKA-016","12:50",1,"12:59","OH?",12,0.1,1,NaN,"PIKA-016 2019-08-14 12:50",NaN,NaN
"NWT","2019-08-14","PIKA-016","12:50",2,"13:00","OH",12,0.25,0.75,NaN,"PIKA-016 2019-08-14 12:50",NaN,NaN
"NWT","2019-08-14","PIKA-055","12:23",1,"12:27","OH",NaN,0.25,1,NaN,"PIKA-055 2019-08-14 12:23",NaN,NaN
"NWT","2019-08-14","PIKA-059","11:05",1,"11:10","FS",NaN,0.25,1.25,NaN,"PIKA-059 2019-08-14 11:05",NaN,NaN
"NWT","2019-08-14","PIKA-059","11:05",2,"11:12","OH",NaN,0.5,1,NaN,"PIKA-059 2019-08-14 11:05",NaN,NaN
"NWT","2019-08-14","PIKA-059","11:05",3,"11:16","OH",NaN,0.25,1,NaN,"PIKA-059 2019-08-14 11:05",NaN,NaN
"NWT","2019-08-14","PIKA-059","11:05",4,"11:17","FH",NaN,0.25,1.25,NaN,"PIKA-059 2019-08-14 11:05",NaN,NaN
"NWT","2019-08-14","PIKA-059","11:05",5,"11:20","FS",NaN,0.25,1.25,NaN,"PIKA-059 2019-08-14 11:05",NaN,NaN
"NWT","2019-08-14","PIKA-059","11:05",6,"11:21","FS",NaN,0.25,1,3,"PIKA-059 2019-08-14 11:05",NaN,NaN
"NWT","2019-08-14","PIKA-059","11:05",7,"11:21","FH",NaN,0.25,1,NaN,"PIKA-059 2019-08-14 11:05",NaN,NaN
"NWT","2019-08-14","PIKA-059","11:05",8,"11:25","FS",NaN,0.25,1.5,3,"PIKA-059 2019-08-14 11:05",NaN,NaN
"NWT","2019-08-14","PIKA-075","09:37",1,"09:38","OH",NaN,0.5,2,NaN,"PIKA-075 2019-08-14 9:37",NaN,NaN
"NWT","2019-08-14","PIKA-075","09:37",2,"09:39","OS",NaN,0.5,2,NaN,"PIKA-075 2019-08-14 9:37",NaN,NaN
"NWT","2019-08-14","PIKA-075","09:37",3,"09:40","OH",NaN,0.5,1.5,NaN,"PIKA-075 2019-08-14 9:37",NaN,NaN
"NWT","2019-08-14","PIKA-075","09:37",4,"09:43","OS",NaN,0.25,0.5,NaN,"PIKA-075 2019-08-14 9:37",NaN,NaN
"NWT","2019-08-14","PIKA-075","09:37",5,"09:44","OH",NaN,0.25,2.5,NaN,"PIKA-075 2019-08-14 9:37",NaN,NaN
"NWT","2019-08-14","PIKA-075","09:37",6,"09:45","FS",NaN,0.5,1,4,"PIKA-075 2019-08-14 9:37",NaN,NaN
"NWT","2019-08-14","PIKA-075","09:37",7,"09:46","FS",NaN,0.5,1,2,"PIKA-075 2019-08-14 9:37",NaN,NaN
"NWT","2019-08-14","PIKA-075","09:37",8,"09:49","FS",NaN,0.25,1.5,NaN,"PIKA-075 2019-08-14 9:37",NaN,NaN
"NWT","2019-08-14","PIKA-085","09:50",1,"09:55","PC",25,NaN,NaN,NaN,"PIKA-085 2019-08-14 9:50",NaN,NaN
"NWT","2020-08-17","PIKA-010","08:14",1,"08:18","PC",10,0.5,1,NaN,"NWT-10 2020-08-17 8:14",NaN,NaN
"NWT","2020-08-17","PIKA-010","08:14",2,"08:20","PS",7,0.5,4,NaN,"NWT-10 2020-08-17 8:14",NaN,NaN
"NWT","2020-08-17","PIKA-010","08:14",3,"08:24","FH",7,0.5,4,NaN,"NWT-10 2020-08-17 8:14",NaN,NaN
"NWT","2020-08-17","PIKA-010","08:14",4,"08:25","PC",11,0.5,1,NaN,"NWT-10 2020-08-17 8:14",NaN,NaN
"NWT","2020-08-17","PIKA-010","08:14",5,"08:36","OH",8,0.5,4,NaN,"NWT-10 2020-08-17 8:14",NaN,NaN
"NWT","2020-08-18","PIKA-011","12:40",1,"12:41","OS",NaN,0.25,1,NaN,"NWT-11 2020-08-18 12:40",NaN,NaN
"NWT","2020-08-18","PIKA-011","12:40",2,"12:42","FH",NaN,0.25,0.5,NaN,"NWT-11 2020-08-18 12:40",NaN,NaN
"NWT","2020-08-18","PIKA-011","12:40",3,"12:42","FS",NaN,0.25,0.5,7,"NWT-11 2020-08-18 12:40",NaN,NaN
"NWT","2020-08-18","PIKA-011","12:40",4,"12:45","PC",20,0.25,0.5,NaN,"NWT-11 2020-08-18 12:40",NaN,NaN
"NWT","2020-08-18","PIKA-011","12:40",5,"12:49","PC",35,0.25,0.75,NaN,"NWT-11 2020-08-18 12:40",NaN,NaN
"NWT","2020-08-18","PIKA-011","12:40",6,"12:56","PC",30,0.25,0.5,NaN,"NWT-11 2020-08-18 12:40",NaN,NaN
"NWT","2020-08-18","PIKA-011","12:40",7,"12:58","PC",25,0.25,0.5,NaN,"NWT-11 2020-08-18 12:40",NaN,NaN
"NWT","2020-08-18","PIKA-011","12:40",8,"12:59","PC",32,0.25,0.5,NaN,"NWT-11 2020-08-18 12:40",NaN,NaN
"NWT","2020-08-20","PIKA-116","08:55",1,"08:55","OH",NaN,0.25,0.25,NaN,"NWT-116 2020-08-20 8:55",NaN,NaN
"NWT","2020-08-20","PIKA-116","08:55",2,"08:56","FH",NaN,0.25,0.25,NaN,"NWT-116 2020-08-20 8:55",NaN,NaN
"NWT","2020-08-20","PIKA-116","08:55",3,"08:56","OS",NaN,0.25,0.25,NaN,"NWT-116 2020-08-20 8:55",NaN,NaN
"NWT","2020-08-20","PIKA-116","08:55",4,"08:57","FS",NaN,0.25,0.5,6,"NWT-116 2020-08-20 8:55",NaN,NaN
"NWT","2020-08-20","PIKA-116","08:55",5,"08:58","OS",NaN,0.25,0.25,NaN,"NWT-116 2020-08-20 8:55",NaN,NaN
"NWT","2020-08-20","PIKA-116","08:55",6,"08:59","OS",NaN,0.25,0.25,NaN,"NWT-116 2020-08-20 8:55",NaN,NaN
"NWT","2020-08-20","PIKA-116","08:55",7,"09:00","OS",NaN,0.25,0.75,NaN,"NWT-116 2020-08-20 8:55",NaN,NaN
"NWT","2020-08-20","PIKA-116","08:55",8,"09:01","PC",12,0.25,0.5,NaN,"NWT-116 2020-08-20 8:55",NaN,NaN
"NWT","2020-08-11","PIKA-117","10:25",1,"10:29","PC",18,0,1,NaN,"NWT-117 2020-08-11 10:25",NaN,NaN
"NWT","2020-08-11","PIKA-117","10:25",2,"10:38","PC",12,1,2,NaN,"NWT-117 2020-08-11 10:25",NaN,NaN
"NWT","2020-08-11","PIKA-117","10:25",3,"10:40","FH",12,1,2,NaN,"NWT-117 2020-08-11 10:25",NaN,NaN
"NWT","2020-08-11","PIKA-117","10:25",4,"10:49","PS",16,0.5,1,NaN,"NWT-117 2020-08-11 10:25",NaN,NaN
"NWT","2020-08-17","PIKA-121","09:25",1,"09:25","FS",NaN,1,3,12,"NWT-121 2020-08-17 9:25",NaN,NaN
"NWT","2020-08-17","PIKA-121","09:25",2,"09:27","OS",NaN,1,3,NaN,"NWT-121 2020-08-17 9:25",NaN,NaN
"NWT","2020-08-17","PIKA-121","09:25",3,"09:32","FH",NaN,0.5,1.5,NaN,"NWT-121 2020-08-17 9:25",NaN,NaN
"NWT","2020-08-17","PIKA-121","09:25",4,"09:33","OS",NaN,0.5,1.5,NaN,"NWT-121 2020-08-17 9:25",NaN,NaN
"NWT","2020-08-17","PIKA-121","09:25",5,"09:34","OS",NaN,0.5,1.5,NaN,"NWT-121 2020-08-17 9:25",NaN,NaN
"NWT","2020-08-17","PIKA-121","09:25",6,"09:35","OH",NaN,0.75,2,NaN,"NWT-121 2020-08-17 9:25",NaN,NaN
"NWT","2020-08-17","PIKA-121","09:25",7,"09:39","PC",10,0.5,1,NaN,"NWT-121 2020-08-17 9:25",NaN,NaN
"NWT","2020-08-17","PIKA-121","09:25",8,"09:39","PS",10,0.5,1,NaN,"NWT-121 2020-08-17 9:25",NaN,NaN
"NWT","2020-08-12","PIKA-014","09:35",1,"09:36","OS",4,0.25,1,NaN,"NWT-14 2020-08-12 9:35",NaN,NaN
"NWT","2020-08-12","PIKA-014","09:35",2,"09:38","OS",5,0.25,1,NaN,"NWT-14 2020-08-12 9:35",NaN,NaN
"NWT","2020-08-12","PIKA-014","09:35",3,"09:40","OS",5,0.25,2,NaN,"NWT-14 2020-08-12 9:35",NaN,NaN
"NWT","2020-08-12","PIKA-140","08:38",1,"08:49","PC",70,0.5,0.5,NaN,"NWT-140 2020-08-12 8:38",NaN,NaN
"NWT","2020-08-12","PIKA-140","08:38",2,"08:52","PC",15,0.5,0.5,NaN,"NWT-140 2020-08-12 8:38",NaN,NaN
"NWT","2020-08-12","PIKA-140","08:38",3,"08:56","PC",15,0.5,0.5,NaN,"NWT-140 2020-08-12 8:38",NaN,NaN
"NWT","2020-08-12","PIKA-140","08:38",4,"08:57","PC",15,0.5,0.5,NaN,"NWT-140 2020-08-12 8:38",NaN,NaN
"NWT","2020-08-12","PIKA-015","11:55",1,"11:56","PC",45,0.25,0.5,NaN,"NWT-15 2020-08-12 11:55",NaN,NaN
"NWT","2020-08-17","PIKA-017","12:09",1,"12:09","PS",6,0.5,1.5,NaN,"NWT-17 2020-08-17 12:09",NaN,NaN
"NWT","2020-08-17","PIKA-017","12:09",2,"12:11","OH",7,0.5,1.5,NaN,"NWT-17 2020-08-17 12:09",NaN,NaN
"NWT","2020-08-17","PIKA-017","12:09",3,"12:13","OS",6,1,1.5,NaN,"NWT-17 2020-08-17 12:09",NaN,NaN
"NWT","2020-08-17","PIKA-017","12:09",4,"12:16","FH",8,0.5,2,NaN,"NWT-17 2020-08-17 12:09",NaN,NaN
"NWT","2020-08-17","PIKA-017","12:09",5,"12:20","OS",5,0.5,1,NaN,"NWT-17 2020-08-17 12:09",NaN,NaN
"NWT","2020-08-17","PIKA-017","12:09",6,"12:20","OH",5,0.5,1,NaN,"NWT-17 2020-08-17 12:09",NaN,NaN
"NWT","2020-08-17","PIKA-017","12:09",7,"12:24","PS",5,0.5,0.75,NaN,"NWT-17 2020-08-17 12:09",NaN,NaN
"NWT","2020-08-17","PIKA-017","12:09",8,"12:26","PS",10,0.5,1,NaN,"NWT-17 2020-08-17 12:09",NaN,NaN
"NWT","2020-08-20","PIKA-186","10:30",1,"10:31","OS",NaN,0.5,0.5,NaN,"NWT-186 2020-08-20 10:30",NaN,NaN
"NWT","2020-08-20","PIKA-186","10:30",2,"10:35","OS",NaN,0.25,0.5,NaN,"NWT-186 2020-08-20 10:30",NaN,NaN
"NWT","2020-08-20","PIKA-186","10:30",3,"10:37","OS",NaN,0.5,1,NaN,"NWT-186 2020-08-20 10:30",NaN,NaN
"NWT","2020-08-20","PIKA-186","10:30",4,"10:42","PC",20,0.25,1,NaN,"NWT-186 2020-08-20 10:30",NaN,NaN
"NWT","2020-08-19","PIKA-019","10:40",1,"10:40","PC",15,0.5,0.5,NaN,"NWT-19 2020-08-19 10:40",NaN,NaN
"NWT","2020-08-19","PIKA-019","10:40",2,"10:41","PS",15,0.5,0.5,NaN,"NWT-19 2020-08-19 10:40",NaN,NaN
"NWT","2020-08-19","PIKA-019","10:40",3,"10:42","OS",NaN,0.5,0.5,NaN,"NWT-19 2020-08-19 10:40",NaN,NaN
"NWT","2020-08-19","PIKA-019","10:40",4,"10:43","OS",NaN,0.5,0.75,NaN,"NWT-19 2020-08-19 10:40",NaN,NaN
"NWT","2020-08-19","PIKA-019","10:40",5,"10:43","OS",NaN,0.5,0.5,NaN,"NWT-19 2020-08-19 10:40",NaN,NaN
"NWT","2020-08-19","PIKA-019","10:40",6,"10:44","FH",NaN,0.5,0.5,NaN,"NWT-19 2020-08-19 10:40",NaN,NaN
"NWT","2020-08-19","PIKA-019","10:40",7,"10:44","FH",NaN,0.5,0.5,NaN,"NWT-19 2020-08-19 10:40",NaN,NaN
"NWT","2020-08-19","PIKA-019","10:40",8,"10:45","FS",NaN,0.5,1,15,"NWT-19 2020-08-19 10:40",NaN,NaN
"NWT","2020-08-11","PIKA-002","10:25",1,"10:25","OH",1,0.25,1,NaN,"NWT-2 2020-08-11 10:25",NaN,NaN
"NWT","2020-08-11","PIKA-002","10:25",2,"10:25","OS",1,0.25,1,NaN,"NWT-2 2020-08-11 10:25",NaN,NaN
"NWT","2020-08-11","PIKA-002","10:25",3,"10:27","PC",15,0.25,0.5,NaN,"NWT-2 2020-08-11 10:25",NaN,NaN
"NWT","2020-08-11","PIKA-002","10:25",4,"10:30","OS",NaN,0.5,1,NaN,"NWT-2 2020-08-11 10:25",NaN,NaN
"NWT","2020-08-11","PIKA-002","10:25",5,"10:32","OH",NaN,0.5,1,NaN,"NWT-2 2020-08-11 10:25",NaN,NaN
"NWT","2020-08-11","PIKA-002","10:25",6,"10:32","OS",NaN,0.5,1,NaN,"NWT-2 2020-08-11 10:25",NaN,NaN
"NWT","2020-08-11","PIKA-002","10:25",7,"10:33","FS",NaN,0.25,1,4,"NWT-2 2020-08-11 10:25",NaN,NaN
"NWT","2020-08-11","PIKA-002","10:25",8,"10:34","OH",NaN,0.25,1,NaN,"NWT-2 2020-08-11 10:25",NaN,NaN
"NWT","2020-08-10","PIKA-022","12:05",1,"12:11","PC",25,1,3,NaN,"NWT-22 2020-08-10 12:05",NaN,NaN
"NWT","2020-08-18","PIKA-023","11:55",1,"11:55","PC",20,0.5,1,NaN,"NWT-23 2020-08-18 11:55",NaN,NaN
"NWT","2020-08-18","PIKA-023","11:55",2,"11:59","PC",12,0.75,1,NaN,"NWT-23 2020-08-18 11:55",NaN,NaN
"NWT","2020-08-18","PIKA-023","11:55",3,"11:59","PS",12,1,1,NaN,"NWT-23 2020-08-18 11:55",NaN,NaN
"NWT","2020-08-18","PIKA-023","11:55",4,"12:05","FH",NaN,0.5,1.5,NaN,"NWT-23 2020-08-18 11:55",NaN,NaN
"NWT","2020-08-18","PIKA-023","11:55",5,"12:07","OS",NaN,0.5,1.5,NaN,"NWT-23 2020-08-18 11:55",NaN,NaN
"NWT","2020-08-18","PIKA-023","11:55",6,"12:15","PC",20,0.5,1,NaN,"NWT-23 2020-08-18 11:55",NaN,NaN
"NWT","2020-08-19","PIKA-024","11:25",1,"11:25","PC",12,0.25,0.25,NaN,"NWT-24 2020-08-19 11:25",NaN,NaN
"NWT","2020-08-19","PIKA-024","11:25",2,"11:28","FH",NaN,0.25,0.5,NaN,"NWT-24 2020-08-19 11:25",NaN,NaN
"NWT","2020-08-19","PIKA-024","11:25",3,"11:32","OS",NaN,0.25,0.5,NaN,"NWT-24 2020-08-19 11:25",NaN,NaN
"NWT","2020-08-19","PIKA-024","11:25",4,"11:34","OS",NaN,0.25,1,NaN,"NWT-24 2020-08-19 11:25",NaN,NaN
"NWT","2020-08-19","PIKA-024","11:25",5,"11:40","OS",NaN,0.25,0.25,NaN,"NWT-24 2020-08-19 11:25",NaN,NaN
"NWT","2020-08-17","PIKA-026","09:40",1,"09:40","PS",15,0.5,0.5,NaN,"NWT-26 2020-08-17 9:40",NaN,NaN
"NWT","2020-08-17","PIKA-026","09:40",2,"09:40","PC",15,0.5,0.5,NaN,"NWT-26 2020-08-17 9:40",NaN,NaN
"NWT","2020-08-17","PIKA-026","09:40",3,"09:45","OH",5,0.25,1,NaN,"NWT-26 2020-08-17 9:40",NaN,NaN
"NWT","2020-08-17","PIKA-026","09:40",4,"09:48","PC",13,0.25,1,NaN,"NWT-26 2020-08-17 9:40",NaN,NaN
"NWT","2020-08-17","PIKA-026","09:40",5,"09:53","OS",5,0.5,1,NaN,"NWT-26 2020-08-17 9:40",NaN,NaN
"NWT","2020-08-17","PIKA-026","09:40",6,"10:01","OS",7,0.5,1,NaN,"NWT-26 2020-08-17 9:40",NaN,NaN
"NWT","2020-08-17","PIKA-029","09:33",1,"09:34","PC",5,1,2,NaN,"NWT-29 2020-08-17 9:33",NaN,NaN
"NWT","2020-08-17","PIKA-029","09:33",2,"09:35","PC",12,1,2.5,NaN,"NWT-29 2020-08-17 9:33",NaN,NaN
"NWT","2020-08-17","PIKA-029","09:33",3,"09:37","FS",12,1.5,2.5,16,"NWT-29 2020-08-17 9:33",NaN,NaN
"NWT","2020-08-17","PIKA-029","09:33",4,"09:37","PS",12,1.5,2.5,NaN,"NWT-29 2020-08-17 9:33",NaN,NaN
"NWT","2020-08-17","PIKA-029","09:33",5,"09:42","PC",9,0.5,1.5,NaN,"NWT-29 2020-08-17 9:33",NaN,NaN
"NWT","2020-08-17","PIKA-029","09:33",6,"09:47","PS",3,0.5,2,NaN,"NWT-29 2020-08-17 9:33",NaN,NaN
"NWT","2020-08-17","PIKA-029","09:33",7,"09:47","PC",3,0.5,2,NaN,"NWT-29 2020-08-17 9:33",NaN,NaN
"NWT","2020-08-17","PIKA-029","09:33",8,"09:48","PC",6,0.5,1,NaN,"NWT-29 2020-08-17 9:33",NaN,NaN
"NWT","2020-08-12","PIKA-003","11:30",1,"11:40","PC",30,0.25,0.5,NaN,"NWT-3 2020-08-12 11:30",NaN,NaN
"NWT","2020-08-12","PIKA-003","11:30",2,"11:45","PC",30,0.25,0.5,NaN,"NWT-3 2020-08-12 11:30",NaN,NaN
"NWT","2020-08-12","PIKA-030","08:40",1,"08:41","PC",8,0.25,0.25,NaN,"NWT-30 2020-08-12 8:40",NaN,NaN
"NWT","2020-08-12","PIKA-030","08:40",2,"08:43","PS",7,0.25,0.25,NaN,"NWT-30 2020-08-12 8:40",NaN,NaN
"NWT","2020-08-12","PIKA-030","08:40",3,"08:44","PC",20,0.25,0.5,NaN,"NWT-30 2020-08-12 8:40",NaN,NaN
"NWT","2020-08-12","PIKA-030","08:40",4,"08:45","FH",9,0.25,0.5,NaN,"NWT-30 2020-08-12 8:40",NaN,NaN
"NWT","2020-08-12","PIKA-030","08:40",5,"08:46","OH",8,0.25,0.5,NaN,"NWT-30 2020-08-12 8:40",NaN,NaN
"NWT","2020-08-12","PIKA-030","08:40",6,"08:46","FS",10,0.25,0.5,9,"NWT-30 2020-08-12 8:40",NaN,NaN
"NWT","2020-08-12","PIKA-030","08:40",7,"08:46","FS",9,0.25,0.25,NaN,"NWT-30 2020-08-12 8:40",NaN,NaN
"NWT","2020-08-12","PIKA-030","08:40",8,"08:47","FH",6,0.25,1,NaN,"NWT-30 2020-08-12 8:40",NaN,NaN
"NWT","2020-08-18","PIKA-031","09:35",1,"09:35","OS",NaN,0.25,0.5,NaN,"NWT-31 2020-08-18 9:35",NaN,NaN
"NWT","2020-08-18","PIKA-031","09:35",2,"09:37","OS",NaN,0.25,0.5,NaN,"NWT-31 2020-08-18 9:35",NaN,NaN
"NWT","2020-08-18","PIKA-031","09:35",3,"09:41","OS",NaN,0.25,1,NaN,"NWT-31 2020-08-18 9:35",NaN,NaN
"NWT","2020-08-18","PIKA-031","09:35",4,"09:42","OS",NaN,0.25,0.5,NaN,"NWT-31 2020-08-18 9:35",NaN,NaN
"NWT","2020-08-18","PIKA-031","09:35",5,"09:48","FH",NaN,0.25,0.5,NaN,"NWT-31 2020-08-18 9:35",NaN,NaN
"NWT","2020-08-18","PIKA-031","09:35",6,"09:50","OS",NaN,0.25,0.5,NaN,"NWT-31 2020-08-18 9:35",NaN,NaN
"NWT","2020-08-18","PIKA-031","09:35",7,"09:50","PC",20,0.25,0.5,NaN,"NWT-31 2020-08-18 9:35",NaN,NaN
"NWT","2020-08-18","PIKA-031","09:35",8,"09:54","FH",NaN,0.5,1,NaN,"NWT-31 2020-08-18 9:35",NaN,NaN
"NWT","2020-08-17","PIKA-032","12:56",1,"13:03","PC",26,0.5,1,NaN,"NWT-32 2020-08-17 12:56",NaN,NaN
"NWT","2020-08-17","PIKA-032","12:56",2,"13:08","PC",28,0.5,1,NaN,"NWT-32 2020-08-17 12:56",NaN,NaN
"NWT","2020-08-17","PIKA-032","12:56",3,"13:15","PC",25,0.5,1,NaN,"NWT-32 2020-08-17 12:56",NaN,NaN
"NWT","2020-08-10","PIKA-033","12:55",1,"12:55","PS",12,0.25,1,NaN,"NWT-33 2020-08-10 12:55",NaN,NaN
"NWT","2020-08-10","PIKA-033","12:55",2,"12:55","PC",12,0.25,1,NaN,"NWT-33 2020-08-10 12:55",NaN,NaN
"NWT","2020-08-10","PIKA-033","12:55",3,"12:58","PC",10,0.25,0.5,NaN,"NWT-33 2020-08-10 12:55",NaN,NaN
"NWT","2020-08-10","PIKA-033","12:55",4,"13:12","PS",12,0.25,0.25,NaN,"NWT-33 2020-08-10 12:55",NaN,NaN
"NWT","2020-08-17","PIKA-034","10:57",1,"10:57","FS",3.5,0.5,3,20,"NWT-34 2020-08-17 10:57",NaN,NaN
"NWT","2020-08-17","PIKA-034","10:57",2,"10:59","PC",10,1,1.5,NaN,"NWT-34 2020-08-17 10:57",NaN,NaN
"NWT","2020-08-17","PIKA-034","10:57",3,"11:04","PS",10,1,2,NaN,"NWT-34 2020-08-17 10:57",NaN,NaN
"NWT","2020-08-17","PIKA-034","10:57",4,"11:08","FH",3.5,0.5,0.3,NaN,"NWT-34 2020-08-17 10:57",NaN,NaN
"NWT","2020-08-17","PIKA-034","10:57",5,"11:14","FS",9,1,2,9,"NWT-34 2020-08-17 10:57",NaN,NaN
"NWT","2020-08-17","PIKA-034","10:57",6,"11:14","PC",9,1,2,NaN,"NWT-34 2020-08-17 10:57",NaN,NaN
"NWT","2020-08-17","PIKA-034","10:57",7,"11:14","PS",9,1,2,NaN,"NWT-34 2020-08-17 10:57",NaN,NaN
"NWT","2020-08-17","PIKA-034","10:57",8,"11:16","FH",7,1,1,NaN,"NWT-34 2020-08-17 10:57",NaN,NaN
"NWT","2020-08-17","PIKA-036","11:15",1,"11:24","PC",20,0.25,0.25,NaN,"NWT-36 2020-08-17 11:15",NaN,NaN
"NWT","2020-08-17","PIKA-036","11:15",2,"11:30","OH",10,0.25,0.5,NaN,"NWT-36 2020-08-17 11:15",NaN,NaN
"NWT","2020-08-17","PIKA-036","11:15",3,"11:30","OS",10,0.25,0.5,NaN,"NWT-36 2020-08-17 11:15",NaN,NaN
"NWT","2020-08-17","PIKA-036","11:15",4,"11:34","PC",14,0.25,0.5,NaN,"NWT-36 2020-08-17 11:15",NaN,NaN
"NWT","2020-08-10","PIKA-038","10:18",1,"10:22","PC",30,0.5,0.5,NaN,"NWT-38 2020-08-10 10:18",NaN,NaN
"NWT","2020-08-10","PIKA-038","10:18",2,"10:29","PC",29,0.5,1,NaN,"NWT-38 2020-08-10 10:18",NaN,NaN
"NWT","2020-08-10","PIKA-038","10:18",3,"10:27","PC",27,0.5,2,NaN,"NWT-38 2020-08-10 10:18",NaN,NaN
"NWT","2020-08-10","PIKA-038","10:18",4,"10:32","PS",26,0.5,1,NaN,"NWT-38 2020-08-10 10:18",NaN,NaN
"NWT","2020-08-10","PIKA-038","10:18",5,"10:35","PC",31,0.5,1,NaN,"NWT-38 2020-08-10 10:18",NaN,NaN
"NWT","2020-08-17","PIKA-004","12:05",1,"12:18","PC",20,1,0.5,NaN,"NWT-4 2020-08-17 12:05",NaN,NaN
"NWT","2020-08-17","PIKA-004","12:05",2,"12:23","PC",23,0.5,0.5,NaN,"NWT-4 2020-08-17 12:05",NaN,NaN
"NWT","2020-08-17","PIKA-004","12:05",3,"12:24","PC",22,0.5,0.5,NaN,"NWT-4 2020-08-17 12:05",NaN,NaN
"NWT","2020-08-17","PIKA-004","12:05",4,"12:24","OS",5,0.5,1,NaN,"NWT-4 2020-08-17 12:05",NaN,NaN
"NWT","2020-08-12","PIKA-040","10:50",1,"10:50","PS",10,0.5,1.5,NaN,"NWT-40 2020-08-12 10:50",NaN,NaN
"NWT","2020-08-12","PIKA-040","10:50",2,"10:55","PC",5,0.5,1,NaN,"NWT-40 2020-08-12 10:50",NaN,NaN
"NWT","2020-08-12","PIKA-040","10:50",3,"11:00","OS",2,0.5,1.5,19,"NWT-40 2020-08-12 10:50",NaN,NaN
"NWT","2020-08-12","PIKA-040","10:50",4,"11:00","OH",2,0.5,1.5,NaN,"NWT-40 2020-08-12 10:50",NaN,NaN
"NWT","2020-08-12","PIKA-040","10:50",5,"11:05","OS",4,0.75,1.5,2,"NWT-40 2020-08-12 10:50",NaN,NaN
"NWT","2020-08-12","PIKA-040","10:50",6,"11:08","PC",7,0.75,1,NaN,"NWT-40 2020-08-12 10:50",NaN,NaN
"NWT","2020-08-12","PIKA-040","10:50",7,"11:15","PS",10,0.5,1.5,NaN,"NWT-40 2020-08-12 10:50",NaN,NaN
"NWT","2020-08-12","PIKA-040","10:50",8,"11:18","PC",20,0.5,1,NaN,"NWT-40 2020-08-12 10:50",NaN,NaN
"NWT","2020-08-12","PIKA-042","10:45",1,"10:46","PC",25,0.25,0.25,NaN,"NWT-42 2020-08-12 10:45",NaN,NaN
"NWT","2020-08-12","PIKA-042","10:45",2,"10:54","PC",18,0.25,0.25,NaN,"NWT-42 2020-08-12 10:45",NaN,NaN
"NWT","2020-08-11","PIKA-043","12:20",1,"12:21","PC",30,0.25,0.5,NaN,"NWT-43 2020-08-11 12:20",NaN,NaN
"NWT","2020-08-11","PIKA-043","12:20",2,"12:30","PC",30,0.25,0.75,NaN,"NWT-43 2020-08-11 12:20",NaN,NaN
"NWT","2020-08-11","PIKA-043","12:20",3,"12:33","PC",25,0.25,0.25,NaN,"NWT-43 2020-08-11 12:20",NaN,NaN
"NWT","2020-08-10","PIKA-005","14:32",1,"14:34","PC",8,1,5,NaN,"NWT-5 2020-08-10 14:32",NaN,NaN
"NWT","2020-08-10","PIKA-005","14:32",2,"14:37","PC",7,1,3,NaN,"NWT-5 2020-08-10 14:32",NaN,NaN
"NWT","2020-08-10","PIKA-005","14:32",3,"14:37","PS",7,1,3,NaN,"NWT-5 2020-08-10 14:32",NaN,NaN
"NWT","2020-08-10","PIKA-005","14:32",4,"14:40","OS",5,1,2,NaN,"NWT-5 2020-08-10 14:32",NaN,NaN
"NWT","2020-08-10","PIKA-005","14:32",5,"14:42","OH",9,1,6,NaN,"NWT-5 2020-08-10 14:32",NaN,NaN
"NWT","2020-08-10","PIKA-005","14:32",6,"14:45","OS",6,0.5,4,NaN,"NWT-5 2020-08-10 14:32",NaN,NaN
"NWT","2020-08-10","PIKA-005","14:32",7,"14:47","OS",7,1,3,NaN,"NWT-5 2020-08-10 14:32",NaN,NaN
"NWT","2020-08-10","PIKA-005","14:32",8,"14:50","OS",8,1,4,NaN,"NWT-5 2020-08-10 14:32",NaN,NaN
"NWT","2020-08-17","PIKA-006","11:15",1,"11:15","PC",8,0.25,0.5,NaN,"NWT-6 2020-08-17 11:15",NaN,NaN
"NWT","2020-08-17","PIKA-006","11:15",2,"11:16","FH",NaN,0.25,0.5,NaN,"NWT-6 2020-08-17 11:15",NaN,NaN
"NWT","2020-08-17","PIKA-006","11:15",3,"11:17","OS",NaN,0.25,0.5,NaN,"NWT-6 2020-08-17 11:15",NaN,NaN
"NWT","2020-08-17","PIKA-006","11:15",4,"11:19","OS",NaN,0.25,1,NaN,"NWT-6 2020-08-17 11:15",NaN,NaN
"NWT","2020-08-17","PIKA-006","11:15",5,"11:21","OS",NaN,0.5,1.5,NaN,"NWT-6 2020-08-17 11:15",NaN,NaN
"NWT","2020-08-17","PIKA-006","11:15",6,"11:23","FS",NaN,0.25,1,3,"NWT-6 2020-08-17 11:15",NaN,NaN
"NWT","2020-08-17","PIKA-006","11:15",7,"11:25","FH",NaN,0.25,1,NaN,"NWT-6 2020-08-17 11:15",NaN,NaN
"NWT","2020-08-17","PIKA-006","11:15",8,"11:27","PC",9,0.25,1,NaN,"NWT-6 2020-08-17 11:15",NaN,NaN
"NWT","2020-08-19","PIKA-007","12:35",1,"12:41","OS",NaN,0.5,1,NaN,"NWT-7 2020-08-19 12:35",NaN,NaN
"NWT","2020-08-19","PIKA-007","12:35",2,"12:48","OS",NaN,0.5,1,NaN,"NWT-7 2020-08-19 12:35",NaN,NaN
"NWT","2020-08-19","PIKA-007","12:35",3,"12:51","OS",NaN,0.5,1,NaN,"NWT-7 2020-08-19 12:35",NaN,NaN
"NWT","2020-08-11","PIKA-073","11:23",1,"11:25","OH",NaN,0.25,2,NaN,"NWT-73 2020-08-11 11:23",NaN,NaN
"NWT","2020-08-11","PIKA-073","11:23",2,"11:33","OS",NaN,0.25,1,NaN,"NWT-73 2020-08-11 11:23",NaN,NaN
"NWT","2020-08-11","PIKA-073","11:23",3,"11:41","PC",15,0.25,1,NaN,"NWT-73 2020-08-11 11:23",NaN,NaN
"NWT","2020-08-12","PIKA-008","10:52",1,"10:55","PC",10,0.5,0.5,NaN,"NWT-8 2020-08-12 10:52",NaN,NaN
"NWT","2020-08-12","PIKA-008","10:52",2,"10:56","PS",9,0.5,0.5,NaN,"NWT-8 2020-08-12 10:52",NaN,NaN
"NWT","2020-08-12","PIKA-008","10:52",3,"10:57","OH",3,0.5,0.75,NaN,"NWT-8 2020-08-12 10:52",NaN,NaN
"NWT","2020-08-12","PIKA-008","10:52",4,"10:57","PS",8,0.5,1,NaN,"NWT-8 2020-08-12 10:52",NaN,NaN
"NWT","2020-08-12","PIKA-008","10:52",5,"11:01","PS",12,0.5,1,NaN,"NWT-8 2020-08-12 10:52",NaN,NaN
"NWT","2020-08-12","PIKA-008","10:52",6,"11:05","FH",11,1,1,NaN,"NWT-8 2020-08-12 10:52",NaN,NaN
"NWT","2020-08-12","PIKA-008","10:52",7,"11:07","OS",12,1,1,NaN,"NWT-8 2020-08-12 10:52",NaN,NaN
"NWT","2020-08-11","PIKA-082","09:30",1,"09:30","PC",10,1,0.75,NaN,"NWT-82 2020-08-11 9:30",NaN,NaN
"NWT","2020-08-11","PIKA-082","09:30",2,"09:31","OS",8,0.25,0.5,NaN,"NWT-82 2020-08-11 9:30",NaN,NaN
"NWT","2020-08-11","PIKA-082","09:30",3,"09:32","PC",7,1,1,NaN,"NWT-82 2020-08-11 9:30",NaN,NaN
"NWT","2020-08-11","PIKA-082","09:30",4,"09:36","OS",1,1,2.5,NaN,"NWT-82 2020-08-11 9:30",NaN,NaN
"NWT","2020-08-11","PIKA-082","09:30",5,"09:38","OS",1,1,2.5,NaN,"NWT-82 2020-08-11 9:30",NaN,NaN
"NWT","2020-08-11","PIKA-082","09:30",6,"09:40","PC",12,0.25,1,NaN,"NWT-82 2020-08-11 9:30",NaN,NaN
"NWT","2020-08-11","PIKA-082","09:30",7,"09:41","PS",10,0.5,1,NaN,"NWT-82 2020-08-11 9:30",NaN,NaN
"NWT","2020-08-11","PIKA-082","09:30",8,"09:42","FS",0.5,0.5,2.5,8,"NWT-82 2020-08-11 9:30",NaN,NaN
"NWT","2020-08-19","PIKA-083","09:40",1,"09:40","FH",NaN,0.25,1,NaN,"NWT-83 2020-08-19 9:40",NaN,NaN
"NWT","2020-08-19","PIKA-083","09:40",2,"09:42","PC",12,0.25,NaN,NaN,"NWT-83 2020-08-19 9:40",NaN,NaN
"NWT","2020-08-19","PIKA-083","09:40",3,"09:43","PC",10,0.25,0.75,NaN,"NWT-83 2020-08-19 9:40",NaN,NaN
"NWT","2020-08-19","PIKA-083","09:40",4,"09:45","OS",NaN,0.25,1,NaN,"NWT-83 2020-08-19 9:40",NaN,NaN
"NWT","2020-08-19","PIKA-083","09:40",5,"09:46","PS",17,0.25,0.5,NaN,"NWT-83 2020-08-19 9:40",NaN,NaN
"NWT","2020-08-19","PIKA-083","09:40",6,"09:47","OS",NaN,0.25,0.5,NaN,"NWT-83 2020-08-19 9:40",NaN,NaN
"NWT","2020-08-19","PIKA-083","09:40",7,"09:48","PC",15,0.25,0.5,NaN,"NWT-83 2020-08-19 9:40",NaN,NaN
"NWT","2020-08-19","PIKA-083","09:40",8,"09:51","FS",NaN,0.25,0.5,3,"NWT-83 2020-08-19 9:40",NaN,NaN
"NWT","2020-08-12","PIKA-088","09:30",1,"09:31","PC",10,0.5,2,NaN,"NWT-88 2020-08-12 9:30",NaN,NaN
"NWT","2020-08-12","PIKA-088","09:30",2,"09:31","PS",10,0.5,2,NaN,"NWT-88 2020-08-12 9:30",NaN,NaN
"NWT","2020-08-12","PIKA-088","09:30",3,"09:41","OH",12,0.5,1,NaN,"NWT-88 2020-08-12 9:30",NaN,NaN
"NWT","2020-08-12","PIKA-088","09:30",4,"09:56","PC",14,0.5,1,NaN,"NWT-88 2020-08-12 9:30",NaN,NaN
"NWT","2020-08-11","PIKA-009","11:26",1,"11:33","PC",80,0.5,1,NaN,"NWT-9 2020-08-11 11:26",NaN,NaN
"NWT","2020-08-10","PIKA-097","13:45",1,"13:54","PS",20,0.5,1,NaN,"NWT-97 2020-08-10 13:45",NaN,NaN
"NWT","2020-08-10","PIKA-097","13:45",2,"14:02","FS",10,0.5,2,4,"NWT-97 2020-08-10 13:45",NaN,NaN
"NWT","2020-08-10","PIKA-097","13:45",3,"14:03","OS",10,0.5,2,30,"NWT-97 2020-08-10 13:45",NaN,NaN
"NWT","2021-08-10","PIKA-002","09:46",1,"09:55","OH",NaN,1.25,3,NaN,"PIKA-002 2021-08-10 9:46",NaN,NaN
"NWT","2021-08-10","PIKA-002","09:46",2,"09:55","OS",NaN,1.25,3,NaN,"PIKA-002 2021-08-10 9:46",NaN,NaN
"NWT","2021-08-10","PIKA-002","09:46",3,"10:00","OH",NaN,0.75,2,NaN,"PIKA-002 2021-08-10 9:46",NaN,NaN
"NWT","2021-08-10","PIKA-002","09:46",4,"10:00","OS",NaN,0.75,2,NaN,"PIKA-002 2021-08-10 9:46",NaN,NaN
"NWT","2021-10-11","PIKA-004","13:55",1,"13:59","FS",NaN,1.25,1.5,NaN,"PIKA-004 2021-10-11 13:55",NaN,NaN
"NWT","2021-10-11","PIKA-004","13:55",2,"13:59","OS",NaN,NaN,NaN,NaN,"PIKA-004 2021-10-11 13:55",NaN,NaN
"NWT","2021-08-10","PIKA-005","09:54",1,"09:56","FH",NaN,1.25,3,NaN,"PIKA-005 2021-08-10 9:54",NaN,NaN
"NWT","2021-08-10","PIKA-005","09:54",2,"09:56","PC",12,1.25,3,NaN,"PIKA-005 2021-08-10 9:54",NaN,NaN
"NWT","2021-08-10","PIKA-005","09:54",3,"09:59","OS",NaN,0.75,2,NaN,"PIKA-005 2021-08-10 9:54",NaN,NaN
"NWT","2021-08-10","PIKA-005","09:54",4,"10:02","OS",NaN,0.75,2,NaN,"PIKA-005 2021-08-10 9:54",NaN,NaN
"NWT","2021-08-10","PIKA-005","09:54",5,"10:08","OS",NaN,0.25,2,NaN,"PIKA-005 2021-08-10 9:54",NaN,NaN
"NWT","2021-08-10","PIKA-005","09:54",6,"10:08","OH",NaN,0.25,2,NaN,"PIKA-005 2021-08-10 9:54",NaN,NaN
"NWT","2021-08-10","PIKA-005","09:54",7,"10:12","FS",NaN,1.25,4,18,"PIKA-005 2021-08-10 9:54",NaN,NaN
"NWT","2021-08-16","PIKA-006","10:19",1,"10:19","FH",NaN,0.75,3,NaN,"PIKA-006 2021-08-16 10:19",NaN,NaN
"NWT","2021-08-16","PIKA-006","10:19",2,"10:20","OH",NaN,0.25,3,NaN,"PIKA-006 2021-08-16 10:19",NaN,NaN
"NWT","2021-08-16","PIKA-006","10:19",3,"10:20","FH",NaN,0.75,3,NaN,"PIKA-006 2021-08-16 10:19",NaN,NaN
"NWT","2021-08-16","PIKA-006","10:19",4,"10:21","PC",8,0.25,1,NaN,"PIKA-006 2021-08-16 10:19",NaN,NaN
"NWT","2021-08-16","PIKA-006","10:19",5,"10:24","FH, OS",NaN,0.25,1,NaN,"PIKA-006 2021-08-16 10:19",NaN,NaN
"NWT","2021-08-16","PIKA-006","10:19",6,"10:25","OH",NaN,0.25,1,NaN,"PIKA-006 2021-08-16 10:19",NaN,NaN
"NWT","2021-08-16","PIKA-006","10:19",7,"10:26","PC",8,NaN,NaN,NaN,"PIKA-006 2021-08-16 10:19",NaN,NaN
"NWT","2021-08-16","PIKA-006","10:19",8,"10:27","OH",NaN,0.25,0.5,NaN,"PIKA-006 2021-08-16 10:19",NaN,NaN
"NWT","2021-08-04","PIKA-007","11:58",1,"12:02","OS",NaN,1.25,1.5,NaN,"PIKA-007 2021-08-04 11:58",NaN,NaN
"NWT","2021-08-04","PIKA-007","11:58",2,"12:14","OS",NaN,1.25,1,NaN,"PIKA-007 2021-08-04 11:58",NaN,NaN
"NWT","2021-08-04","PIKA-007","11:58",3,"12:21","FS",NaN,1.25,2,NaN,"PIKA-007 2021-08-04 11:58",NaN,NaN
"NWT","2021-08-11","PIKA-008","11:27",1,"11:30","PC, PS",10,0.25,0.5,NaN,"PIKA-008 2021-08-11 11:27",NaN,NaN
"NWT","2021-08-11","PIKA-008","11:27",2,"11:32","PS",20,0.75,1,NaN,"PIKA-008 2021-08-11 11:27",NaN,NaN
"NWT","2021-08-11","PIKA-008","11:27",3,"11:35","OH, OS",7,0.75,1,NaN,"PIKA-008 2021-08-11 11:27",NaN,NaN
"NWT","2021-08-11","PIKA-008","11:27",4,"11:36","PS, PC",11,0.75,0.5,NaN,"PIKA-008 2021-08-11 11:27",NaN,NaN
"NWT","2021-08-11","PIKA-008","11:27",5,"11:40","OH, OS",10,0.75,4,NaN,"PIKA-008 2021-08-11 11:27",NaN,NaN
"NWT","2021-08-11","PIKA-008","11:27",6,"11:41","OH, OS",10,0.75,4,NaN,"PIKA-008 2021-08-11 11:27",NaN,NaN
"NWT","2021-08-11","PIKA-008","11:27",7,"11:43","OS",10,0.25,2,NaN,"PIKA-008 2021-08-11 11:27",NaN,NaN
"NWT","2021-08-11","PIKA-008","11:27",8,"11:46","FH",12,0.25,0.75,NaN,"PIKA-008 2021-08-11 11:27",NaN,NaN
"NWT","2021-08-11","PIKA-008","11:59",1,"12:02","OH, OS",9,0.75,3,NaN,"PIKA-008 2021-08-11 11:59",NaN,NaN
"NWT","2021-08-11","PIKA-008","11:59",2,"12:04","OH",10,0.25,1,NaN,"PIKA-008 2021-08-11 11:59",NaN,NaN
"NWT","2021-08-11","PIKA-008","11:59",3,"12:06","OH, OS",11,0.25,1,NaN,"PIKA-008 2021-08-11 11:59",NaN,NaN
"NWT","2021-08-11","PIKA-008","11:59",4,"12:11","PS, PC",8,0.25,0.75,NaN,"PIKA-008 2021-08-11 11:59",NaN,NaN
"NWT","2021-08-11","PIKA-008","11:59",5,"12:13","OS",14,0.75,1,NaN,"PIKA-008 2021-08-11 11:59",NaN,NaN
"NWT","2021-08-11","PIKA-008","11:59",6,"12:15","PS, PC",20,0.75,1,NaN,"PIKA-008 2021-08-11 11:59",NaN,NaN
"NWT","2021-08-19","PIKA-008","09:40",1,"09:40","FH, OH, OS",NaN,0.25,1.5,NaN,"PIKA-008 2021-08-19 9:40",NaN,NaN
"NWT","2021-08-19","PIKA-008","09:40",2,"09:42","OS",NaN,0.25,2,NaN,"PIKA-008 2021-08-19 9:40",NaN,NaN
"NWT","2021-08-19","PIKA-008","09:40",3,"09:42","PC, PS",20,0.25,1,NaN,"PIKA-008 2021-08-19 9:40",NaN,NaN
"NWT","2021-08-19","PIKA-008","09:40",4,"09:43","FH",NaN,0.25,2,NaN,"PIKA-008 2021-08-19 9:40",NaN,NaN
"NWT","2021-08-19","PIKA-008","09:40",5,"09:44","OH",NaN,0.25,1,NaN,"PIKA-008 2021-08-19 9:40",NaN,NaN
"NWT","2021-08-19","PIKA-008","09:40",6,"09:45","OH, OS",NaN,0.25,1,NaN,"PIKA-008 2021-08-19 9:40",NaN,NaN
"NWT","2021-08-19","PIKA-008","09:40",7,"09:45","FH",NaN,0.25,1,NaN,"PIKA-008 2021-08-19 9:40",NaN,NaN
"NWT","2021-08-19","PIKA-008","09:40",8,"09:46","PS",15,NaN,NaN,NaN,"PIKA-008 2021-08-19 9:40",NaN,NaN
"NWT","2021-08-18","PIKA-010","08:48",1,"08:50","OS",NaN,0.25,2.5,NaN,"PIKA-010 2021-08-18 8:48",NaN,NaN
"NWT","2021-08-18","PIKA-010","08:48",2,"08:51","FH",NaN,0.25,2,NaN,"PIKA-010 2021-08-18 8:48",NaN,NaN
"NWT","2021-08-18","PIKA-010","08:48",3,"08:52","FH",NaN,0.25,1,NaN,"PIKA-010 2021-08-18 8:48",NaN,NaN
"NWT","2021-08-18","PIKA-010","08:48",4,"08:53","PS",11,0.75,4,NaN,"PIKA-010 2021-08-18 8:48",NaN,NaN
"NWT","2021-08-18","PIKA-010","08:48",5,"09:00","FH",11,0.75,4,NaN,"PIKA-010 2021-08-18 8:48",NaN,NaN
"NWT","2021-08-18","PIKA-010","08:48",6,"09:05","PS",5,0.25,2,NaN,"PIKA-010 2021-08-18 8:48",NaN,NaN
"NWT","2021-08-17","PIKA-011","11:25",1,"11:30","OH",NaN,0.25,2,NaN,"PIKA-011 2021-08-17 11:25",NaN,NaN
"NWT","2021-08-17","PIKA-011","11:25",2,"11:31","OS, OH",NaN,0.25,2,NaN,"PIKA-011 2021-08-17 11:25",NaN,NaN
"NWT","2021-08-17","PIKA-011","11:25",3,"11:31","OH",NaN,0.25,2,NaN,"PIKA-011 2021-08-17 11:25",NaN,NaN
"NWT","2021-08-17","PIKA-011","11:25",4,"11:33","OS, OH",NaN,0.75,2,NaN,"PIKA-011 2021-08-17 11:25",NaN,NaN
"NWT","2021-08-17","PIKA-011","11:25",5,"11:35","FS",NaN,0.75,2,8,"PIKA-011 2021-08-17 11:25",NaN,NaN
"NWT","2021-08-17","PIKA-011","11:25",6,"11:41","PC",10,0.75,2.5,NaN,"PIKA-011 2021-08-17 11:25",NaN,NaN
"NWT","2021-08-17","PIKA-011","11:25",7,"11:43","OS, OH",NaN,0.75,3,NaN,"PIKA-011 2021-08-17 11:25",NaN,NaN
"NWT","2021-08-12","PIKA-014","10:45",1,"10:48","OH, OS",NaN,0.25,2,NaN,"PIKA-014 2021-08-12 10:45",NaN,NaN
"NWT","2021-08-04","PIKA-016","10:03",1,"10:18",NaN,NaN,0.25,1,NaN,"PIKA-016 2021-08-04 10:03",NaN,NaN
"NWT","2021-08-16","PIKA-017","09:17",1,"09:20","OH",NaN,0.25,3,NaN,"PIKA-017 2021-08-16 9:17",NaN,NaN
"NWT","2021-08-16","PIKA-017","09:17",2,"09:21","OH, OS",NaN,0.75,0.75,NaN,"PIKA-017 2021-08-16 9:17",NaN,NaN
"NWT","2021-08-16","PIKA-017","09:17",3,"09:23","OH, OS",NaN,0.75,0.75,NaN,"PIKA-017 2021-08-16 9:17",NaN,NaN
"NWT","2021-08-16","PIKA-017","09:17",4,"09:23","OH, OS",NaN,0.75,0.75,NaN,"PIKA-017 2021-08-16 9:17",NaN,NaN
"NWT","2021-08-16","PIKA-017","09:17",5,"09:24","OH, OS",NaN,0.25,1.5,NaN,"PIKA-017 2021-08-16 9:17",NaN,NaN
"NWT","2021-08-16","PIKA-017","09:17",6,"09:25","OH, OS",NaN,0.25,2,NaN,"PIKA-017 2021-08-16 9:17",NaN,NaN
"NWT","2021-08-16","PIKA-017","09:17",7,"09:25","FH",NaN,0.25,1,NaN,"PIKA-017 2021-08-16 9:17",NaN,NaN
"NWT","2021-08-16","PIKA-017","09:17",8,"09:27","OH",NaN,0.25,1.5,NaN,"PIKA-017 2021-08-16 9:17",NaN,NaN
"NWT","2021-08-17","PIKA-019","10:21",1,"10:22","PC",12,0.25,1,NaN,"PIKA-019 2021-08-17 10:21",NaN,NaN
"NWT","2021-08-17","PIKA-019","10:21",2,"10:24","OH",NaN,0.25,1,NaN,"PIKA-019 2021-08-17 10:21",NaN,NaN
"NWT","2021-08-17","PIKA-019","10:21",3,"10:24","OS",NaN,0.25,1,NaN,"PIKA-019 2021-08-17 10:21",NaN,NaN
"NWT","2021-08-17","PIKA-019","10:21",4,"10:25","OH",NaN,0.25,2,NaN,"PIKA-019 2021-08-17 10:21",NaN,NaN
"NWT","2021-08-17","PIKA-019","10:21",5,"10:25","OS",NaN,0.25,2,NaN,"PIKA-019 2021-08-17 10:21",NaN,NaN
"NWT","2021-08-17","PIKA-019","10:21",6,"10:25","FS",NaN,0.25,2,5,"PIKA-019 2021-08-17 10:21",NaN,NaN
"NWT","2021-08-17","PIKA-019","10:21",7,"10:28","OS",NaN,0.25,1,NaN,"PIKA-019 2021-08-17 10:21",NaN,NaN
"NWT","2021-08-17","PIKA-019","10:21",8,"10:31","OH, OS",NaN,0.25,1,NaN,"PIKA-019 2021-08-17 10:21",NaN,NaN
"NWT","2021-08-17","PIKA-019","09:48",1,"09:49","OS",NaN,0.75,1,NaN,"PIKA-019 2021-08-17 9:48",NaN,NaN
"NWT","2021-08-17","PIKA-019","09:48",2,"09:51","OS",NaN,0.75,1,NaN,"PIKA-019 2021-08-17 9:48",NaN,NaN
"NWT","2021-08-17","PIKA-019","09:48",3,"09:53","OS",NaN,0.25,1,NaN,"PIKA-019 2021-08-17 9:48",NaN,NaN
"NWT","2021-08-17","PIKA-019","09:48",4,"09:55","OH",NaN,0.25,2,NaN,"PIKA-019 2021-08-17 9:48",NaN,NaN
"NWT","2021-08-17","PIKA-019","09:48",5,"10:00","FS",NaN,0.25,1,8,"PIKA-019 2021-08-17 9:48",NaN,NaN
"NWT","2021-08-17","PIKA-019","09:48",6,"10:03","FS",NaN,0.25,0.5,8,"PIKA-019 2021-08-17 9:48",NaN,NaN
"NWT","2021-08-17","PIKA-023","09:02",1,"09:02","PS, PC",20,1.25,1.5,NaN,"PIKA-023 2021-08-17 9:02",NaN,NaN
"NWT","2021-08-17","PIKA-023","09:02",2,"09:08","OH",NaN,0.75,3,NaN,"PIKA-023 2021-08-17 9:02",NaN,NaN
"NWT","2021-08-17","PIKA-023","09:02",3,"09:17","OS",NaN,0.25,3,NaN,"PIKA-023 2021-08-17 9:02",NaN,NaN
"NWT","2021-08-17","PIKA-023","09:02",4,"09:21","PS, PC",50,1.25,2,NaN,"PIKA-023 2021-08-17 9:02",NaN,NaN
"NWT","2021-08-12","PIKA-024","09:14",1,"09:15","OS",NaN,NaN,1,NaN,"PIKA-024 2021-08-12 9:14",NaN,NaN
"NWT","2021-08-12","PIKA-024","09:14",2,"09:17","OS",NaN,NaN,4,NaN,"PIKA-024 2021-08-12 9:14",NaN,NaN
"NWT","2021-08-12","PIKA-024","09:14",3,"09:18","FH",NaN,NaN,4,NaN,"PIKA-024 2021-08-12 9:14",NaN,NaN
"NWT","2021-08-12","PIKA-024","09:14",4,"09:27","OS",NaN,NaN,2,NaN,"PIKA-024 2021-08-12 9:14",NaN,NaN
"NWT","2021-08-15","PIKA-050","12:31",1,"12:34","FH",10,0.25,1,NaN,"PIKA-050 2021-08-15 12:31",NaN,NaN
"NWT","2021-08-15","PIKA-050","12:31",2,"12:36","OS",NaN,0.25,1,NaN,"PIKA-050 2021-08-15 12:31",NaN,NaN
"NWT","2021-08-15","PIKA-050","12:31",3,"12:40","OS",NaN,0.25,1,NaN,"PIKA-050 2021-08-15 12:31",NaN,NaN
"NWT","2021-08-17","PIKA-055","09:02",1,"09:15","PC",100,NaN,NaN,NaN,"PIKA-055 2021-08-17 9:02",NaN,NaN
"NWT","2021-08-11","PIKA-056","11:30",1,"11:31","FH",NaN,0.75,0.5,NaN,"PIKA-056 2021-08-11 11:30",NaN,NaN
"NWT","2021-08-11","PIKA-056","11:30",2,"11:32","OS",NaN,0.25,0.5,NaN,"PIKA-056 2021-08-11 11:30",NaN,NaN
"NWT","2021-08-11","PIKA-056","11:30",3,"11:33","OS",NaN,0.25,1,NaN,"PIKA-056 2021-08-11 11:30",NaN,NaN
"NWT","2021-08-11","PIKA-056","11:30",4,"11:35","FS",NaN,0.25,0.5,NaN,"PIKA-056 2021-08-11 11:30",NaN,NaN
"NWT","2021-08-11","PIKA-056","11:30",5,"11:35","PS",2,0.25,1,NaN,"PIKA-056 2021-08-11 11:30",NaN,NaN
"NWT","2021-08-11","PIKA-056","11:30",6,"11:38","FH",NaN,0.25,1,NaN,"PIKA-056 2021-08-11 11:30",NaN,NaN
"NWT","2021-08-11","PIKA-056","11:30",7,"11:39","OS",NaN,0.25,1,NaN,"PIKA-056 2021-08-11 11:30",NaN,NaN
"NWT","2021-08-11","PIKA-056","11:30",8,"11:41","FS",NaN,0.75,1,3,"PIKA-056 2021-08-11 11:30",NaN,NaN
"NWT","2021-08-11","PIKA-056","12:18",1,"12:21","OS",NaN,0.25,0.5,NaN,"PIKA-056 2021-08-11 12:18",NaN,NaN
"NWT","2021-08-11","PIKA-056","12:18",2,"12:26","PC",20,0.25,0.5,NaN,"PIKA-056 2021-08-11 12:18",NaN,NaN
"NWT","2021-08-11","PIKA-056","12:18",3,"12:28","OH",NaN,0.75,0.5,NaN,"PIKA-056 2021-08-11 12:18",NaN,NaN
"NWT","2021-08-11","PIKA-056","12:18",4,"12:31","OS",NaN,0.25,1,NaN,"PIKA-056 2021-08-11 12:18",NaN,NaN
"NWT","2021-08-11","PIKA-056","12:18",5,"12:33","FH",NaN,0.75,1,NaN,"PIKA-056 2021-08-11 12:18",NaN,NaN
"NWT","2021-08-11","PIKA-056","12:18",6,"12:33","OS",NaN,0.75,1,NaN,"PIKA-056 2021-08-11 12:18",NaN,NaN
"NWT","2021-08-11","PIKA-056","12:18",7,"12:35","PC",20,0.25,0.5,NaN,"PIKA-056 2021-08-11 12:18",NaN,NaN
"NWT","2021-08-11","PIKA-056","12:18",8,"12:35","OS",NaN,0.25,1.5,NaN,"PIKA-056 2021-08-11 12:18",NaN,NaN
"NWT","2021-08-15","PIKA-057","11:28",1,"11:29","PC",2,0.25,3,NaN,"PIKA-057 2021-08-15 11:28",NaN,NaN
"NWT","2021-08-15","PIKA-057","11:28",2,"11:30","FH",NaN,0.75,4,NaN,"PIKA-057 2021-08-15 11:28",NaN,NaN
"NWT","2021-08-15","PIKA-057","11:28",3,"11:35","OS",NaN,0.25,4.5,NaN,"PIKA-057 2021-08-15 11:28",NaN,NaN
"NWT","2021-08-15","PIKA-057","11:28",4,"11:32","PS",5,0.25,5,NaN,"PIKA-057 2021-08-15 11:28",NaN,NaN
"NWT","2021-08-12","PIKA-058","09:30",1,"09:36","OH",NaN,0.25,1.5,NaN,"PIKA-058 2021-08-12 9:30",NaN,NaN
"NWT","2021-08-12","PIKA-058","09:30",2,"09:38","OH, OS",NaN,0.25,1.5,NaN,"PIKA-058 2021-08-12 9:30",NaN,NaN
"NWT","2021-08-12","PIKA-058","09:30",3,"09:41","OH",NaN,0.25,1,NaN,"PIKA-058 2021-08-12 9:30",NaN,NaN
"NWT","2021-08-12","PIKA-058","09:58",1,"09:59","OH",NaN,0.25,1.5,NaN,"PIKA-058 2021-08-12 9:58",NaN,NaN
"NWT","2021-08-12","PIKA-058","09:58",2,"10:08","OH",NaN,0.25,1,NaN,"PIKA-058 2021-08-12 9:58",NaN,NaN
"NWT","2021-08-12","PIKA-058","09:58",3,"10:11","PC",NaN,NaN,NaN,NaN,"PIKA-058 2021-08-12 9:58",NaN,NaN
"NWT","2021-08-10","PIKA-059","12:12",1,"12:14","OH",4,0.25,1,NaN,"PIKA-059 2021-08-10 12:12",NaN,NaN
"NWT","2021-08-10","PIKA-059","12:12",2,"12:14","OS",4,0.25,1,NaN,"PIKA-059 2021-08-10 12:12",NaN,NaN
"NWT","2021-08-10","PIKA-059","12:12",3,"12:15","OS",NaN,0.25,1,NaN,"PIKA-059 2021-08-10 12:12",NaN,NaN
"NWT","2021-08-10","PIKA-059","12:12",4,"12:16","OS",7,0.25,1,NaN,"PIKA-059 2021-08-10 12:12",NaN,NaN
"NWT","2021-08-10","PIKA-059","12:12",5,"12:16","OS",8,0.25,1,NaN,"PIKA-059 2021-08-10 12:12",NaN,NaN
"NWT","2021-08-10","PIKA-059","12:12",6,"12:21","FH",12,0.25,1,NaN,"PIKA-059 2021-08-10 12:12",NaN,NaN
"NWT","2021-08-10","PIKA-059","12:12",7,"12:23","PS",20,0.25,1.5,NaN,"PIKA-059 2021-08-10 12:12",NaN,NaN
"NWT","2021-08-10","PIKA-059","12:12",8,"12:25","FS",15,0.25,1,NaN,"PIKA-059 2021-08-10 12:12",NaN,NaN
"NWT","2021-08-19","PIKA-060","08:39",1,"08:46","FH",NaN,0.25,0.75,NaN,"PIKA-060 2021-08-19 8:39",NaN,NaN
"NWT","2021-08-16","PIKA-065","12:05",1,"12:05","OS",NaN,1.25,2.5,NaN,"PIKA-065 2021-08-16 12:05",NaN,NaN
"NWT","2021-08-16","PIKA-065","12:05",2,"12:05","OS",NaN,1.25,2.5,NaN,"PIKA-065 2021-08-16 12:05",NaN,NaN
"NWT","2021-08-16","PIKA-065","12:05",3,"12:07","OS",NaN,1.25,2,NaN,"PIKA-065 2021-08-16 12:05",NaN,NaN
"NWT","2021-08-16","PIKA-065","12:05",4,"12:08","OS",NaN,1.25,2,NaN,"PIKA-065 2021-08-16 12:05",NaN,NaN
"NWT","2021-08-16","PIKA-065","12:05",5,"12:10","OH",NaN,1.25,2.5,NaN,"PIKA-065 2021-08-16 12:05",NaN,NaN
"NWT","2021-08-16","PIKA-065","12:05",6,"12:10","OS",NaN,1.25,2.5,NaN,"PIKA-065 2021-08-16 12:05",NaN,NaN
"NWT","2021-08-16","PIKA-065","12:05",7,"12:11","PC",20,NaN,NaN,NaN,"PIKA-065 2021-08-16 12:05",NaN,NaN
"NWT","2021-08-16","PIKA-065","12:05",8,"12:14","OS",NaN,1.25,1.5,NaN,"PIKA-065 2021-08-16 12:05",NaN,NaN
"NWT","2021-08-16","PIKA-068","09:47",1,"09:49","PC",75,NaN,NaN,NaN,"PIKA-068 2021-08-16 9:47",NaN,NaN
"NWT","2021-08-10","PIKA-069","11:54",1,"11:55","OS",NaN,0.25,1.5,NaN,"PIKA-069 2021-08-10 11:54",NaN,NaN
"NWT","2021-08-10","PIKA-069","11:54",2,"11:58","FS",NaN,0.25,0.5,NaN,"PIKA-069 2021-08-10 11:54",NaN,NaN
"NWT","2021-08-10","PIKA-069","11:54",3,"12:01","OS",NaN,0.25,1,NaN,"PIKA-069 2021-08-10 11:54",NaN,NaN
"NWT","2021-08-10","PIKA-069","11:54",4,"12:01","OH",NaN,0.25,1,NaN,"PIKA-069 2021-08-10 11:54",NaN,NaN
"NWT","2021-08-10","PIKA-069","11:54",5,"12:06","PC",50,0.25,2,NaN,"PIKA-069 2021-08-10 11:54",NaN,NaN
"NWT","2021-08-17","PIKA-071","12:20",1,"12:21","OS",NaN,0.75,1.5,NaN,"PIKA-071 2021-08-17 12:20",NaN,NaN
"NWT","2021-08-17","PIKA-071","12:20",2,"12:30","OS, OH",NaN,0.25,3,NaN,"PIKA-071 2021-08-17 12:20",NaN,NaN
"NWT","2021-08-17","PIKA-071","12:47",1,"12:56","OS",NaN,0.75,2,NaN,"PIKA-071 2021-08-17 12:47",NaN,NaN
"NWT","2021-08-17","PIKA-071","12:47",2,"13:03","OH",NaN,1.25,3,NaN,"PIKA-071 2021-08-17 12:47",NaN,NaN
"NWT","2021-08-17","PIKA-071","12:47",3,"13:03","OS",NaN,1.25,3,NaN,"PIKA-071 2021-08-17 12:47",NaN,NaN
"NWT","2021-08-11","PIKA-072","10:18",1,"10:22","OH",8,0.25,1,NaN,"PIKA-072 2021-08-11 10:18",NaN,NaN
"NWT","2021-08-11","PIKA-072","10:18",2,"10:28","OH",12,1.25,2,NaN,"PIKA-072 2021-08-11 10:18",NaN,NaN
"NWT","2021-08-11","PIKA-072","10:18",3,"10:29","OS",12,1.25,2,NaN,"PIKA-072 2021-08-11 10:18",NaN,NaN
"NWT","2021-08-11","PIKA-072","10:18",4,"10:30","PC",30,NaN,NaN,NaN,"PIKA-072 2021-08-11 10:18",NaN,NaN
"NWT","2021-08-11","PIKA-072","10:18",5,"10:30","PS",10,0.25,1,NaN,"PIKA-072 2021-08-11 10:18",NaN,NaN
"NWT","2021-08-11","PIKA-072","10:18",6,"10:31","PS",30,NaN,NaN,NaN,"PIKA-072 2021-08-11 10:18",NaN,NaN
"NWT","2021-08-11","PIKA-072","10:18",7,"10:33","OS",7,0.25,1,NaN,"PIKA-072 2021-08-11 10:18",NaN,NaN
"NWT","2021-08-11","PIKA-072","10:18",8,"10:33","FH",7,0.25,1,NaN,"PIKA-072 2021-08-11 10:18",NaN,NaN
"NWT","2021-08-11","PIKA-072","10:45",1,"10:46","PC",30,0.25,1,NaN,"PIKA-072 2021-08-11 10:45",NaN,NaN
"NWT","2021-08-11","PIKA-072","10:45",2,"10:47","OS",10,0.75,2,NaN,"PIKA-072 2021-08-11 10:45",NaN,NaN
"NWT","2021-08-11","PIKA-072","10:45",3,"10:47","OH",10,0.75,2,NaN,"PIKA-072 2021-08-11 10:45",NaN,NaN
"NWT","2021-08-11","PIKA-072","10:45",4,"10:49","FH",10,0.75,2,NaN,"PIKA-072 2021-08-11 10:45",NaN,NaN
"NWT","2021-08-11","PIKA-072","10:45",5,"10:50","FS",10,0.75,2,NaN,"PIKA-072 2021-08-11 10:45",NaN,NaN
"NWT","2021-08-11","PIKA-072","10:45",6,"10:53","OS",8,0.25,3,NaN,"PIKA-072 2021-08-11 10:45",NaN,NaN
"NWT","2021-08-11","PIKA-072","10:45",7,"10:56","OH, OS",5,0.25,1,NaN,"PIKA-072 2021-08-11 10:45",NaN,NaN
"NWT","2021-08-11","PIKA-072","10:45",8,"11:03","OH",8,0.75,1,NaN,"PIKA-072 2021-08-11 10:45",NaN,NaN
"NWT","2021-08-18","PIKA-074","08:50",1,"08:54","OS",NaN,0.75,2,NaN,"PIKA-074 2021-08-18 8:50",NaN,NaN
"NWT","2021-08-18","PIKA-074","08:50",2,"08:56","PC",12,0.75,2,NaN,"PIKA-074 2021-08-18 8:50",NaN,NaN
"NWT","2021-08-18","PIKA-074","08:50",3,"09:05","OS",NaN,0.75,2,NaN,"PIKA-074 2021-08-18 8:50",NaN,NaN
"NWT","2021-08-18","PIKA-074","08:50",4,"09:06","OS",NaN,0.75,2,NaN,"PIKA-074 2021-08-18 8:50",NaN,NaN
"NWT","2021-08-18","PIKA-074","08:50",5,"09:07","OS",NaN,0.25,2,NaN,"PIKA-074 2021-08-18 8:50",NaN,NaN
"NWT","2021-08-17","PIKA-075","12:53",1,"12:55","OS",NaN,0.25,1,NaN,"PIKA-075 2021-08-17 12:53",NaN,NaN
"NWT","2021-08-17","PIKA-075","12:53",2,"12:56","OS",NaN,0.25,1,NaN,"PIKA-075 2021-08-17 12:53",NaN,NaN
"NWT","2021-08-17","PIKA-075","12:53",3,"12:58","OS",NaN,0.25,6,NaN,"PIKA-075 2021-08-17 12:53",NaN,NaN
"NWT","2021-08-17","PIKA-075","12:53",4,"12:59","OH, OS",NaN,0.75,5,NaN,"PIKA-075 2021-08-17 12:53",NaN,NaN
"NWT","2021-08-17","PIKA-075","12:53",5,"13:00","OS",NaN,1.25,4,NaN,"PIKA-075 2021-08-17 12:53",NaN,NaN
"NWT","2021-08-17","PIKA-075","12:53",6,"13:01","OH",NaN,0.25,2,NaN,"PIKA-075 2021-08-17 12:53",NaN,NaN
"NWT","2021-08-17","PIKA-075","12:53",7,"13:03","OS",NaN,0.75,4,NaN,"PIKA-075 2021-08-17 12:53",NaN,NaN
"NWT","2021-08-17","PIKA-075","12:53",8,"13:04","OS",NaN,0.75,3,NaN,"PIKA-075 2021-08-17 12:53",NaN,NaN
"NWT","2021-08-10","PIKA-082","11:04",1,"11:05","FS",NaN,0.25,1,12,"PIKA-082 2021-08-10 11:04",NaN,NaN
"NWT","2021-08-10","PIKA-082","11:04",2,"11:05","FH",NaN,0.25,1,NaN,"PIKA-082 2021-08-10 11:04",NaN,NaN
"NWT","2021-08-10","PIKA-082","11:04",3,"11:05","OS",NaN,0.25,1,NaN,"PIKA-082 2021-08-10 11:04",NaN,NaN
"NWT","2021-08-10","PIKA-082","11:04",4,"11:11","PC",10,0.25,1,NaN,"PIKA-082 2021-08-10 11:04",NaN,NaN
"NWT","2021-08-10","PIKA-085","11:15",1,"11:17","PC",NaN,NaN,NaN,NaN,"PIKA-085 2021-08-10 11:15",NaN,NaN
"NWT","2021-08-10","PIKA-085","11:15",2,"11:27","OS",NaN,0.25,1,NaN,"PIKA-085 2021-08-10 11:15",NaN,NaN
"NWT","2021-08-10","PIKA-085","11:15",3,"11:29","OS",NaN,0.25,1,NaN,"PIKA-085 2021-08-10 11:15",NaN,NaN
"NWT","2021-08-12","PIKA-091","11:26",1,"11:28","OH",NaN,0.75,2,NaN,"PIKA-091 2021-08-12 11:26",NaN,NaN
"NWT","2021-08-12","PIKA-091","11:26",2,"11:30","OS",NaN,0.75,2.5,NaN,"PIKA-091 2021-08-12 11:26",NaN,NaN
"NWT","2021-08-12","PIKA-091","11:26",3,"11:32","PC",15,NaN,NaN,NaN,"PIKA-091 2021-08-12 11:26",NaN,NaN
"NWT","2021-08-09","PIKA-097","14:11",1,"14:14","PC",21,1.25,3,NaN,"PIKA-097 2021-08-09 14:11",NaN,NaN
"NWT","2021-08-09","PIKA-097","14:11",2,"14:20","OH",20,0.75,5,NaN,"PIKA-097 2021-08-09 14:11",NaN,NaN
"NWT","2021-08-09","PIKA-097","09:49",1,"09:56","PC",20,1.25,1,NaN,"PIKA-097 2021-08-09 9:49",NaN,NaN
"NWT","2021-08-16","PIKA-100","11:54",1,"11:56","FH, FS, OS",NaN,0.75,1,4,"PIKA-100 2021-08-16 11:54",NaN,NaN
"NWT","2021-08-16","PIKA-100","11:54",2,"12:03","OS",NaN,0.75,0.75,NaN,"PIKA-100 2021-08-16 11:54",NaN,NaN
"NWT","2021-08-16","PIKA-100","11:54",3,"12:04","OH",NaN,0.75,0.75,NaN,"PIKA-100 2021-08-16 11:54",NaN,NaN
"NWT","2021-08-16","PIKA-100","11:54",4,"12:05","OS",NaN,0.25,0.25,NaN,"PIKA-100 2021-08-16 11:54",NaN,NaN
"NWT","2021-08-16","PIKA-100","11:54",5,"12:09","PC",50,NaN,NaN,NaN,"PIKA-100 2021-08-16 11:54",NaN,NaN
"NWT","2021-08-09","PIKA-102","11:38",1,"11:40","PC",4,0.25,1.5,NaN,"PIKA-102 2021-08-09 11:38",NaN,NaN
"NWT","2021-08-09","PIKA-102","11:38",2,"11:41","PS",4,0.25,1.5,NaN,"PIKA-102 2021-08-09 11:38",NaN,NaN
"NWT","2021-08-09","PIKA-102","11:38",3,"11:42","PS",20,0.75,1,NaN,"PIKA-102 2021-08-09 11:38",NaN,NaN
"NWT","2021-08-09","PIKA-102","11:38",4,"11:49","PC",2,1.25,1.5,NaN,"PIKA-102 2021-08-09 11:38",NaN,NaN
"NWT","2021-08-09","PIKA-102","11:38",5,"11:49","PS",2,1.25,1.5,NaN,"PIKA-102 2021-08-09 11:38",NaN,NaN
"NWT","2021-08-09","PIKA-102","11:38",6,"11:50","PC",10,1.25,3,NaN,"PIKA-102 2021-08-09 11:38",NaN,NaN
"NWT","2021-08-09","PIKA-102","11:38",7,"11:54","OS",9,1.25,3,NaN,"PIKA-102 2021-08-09 11:38",NaN,NaN
"NWT","2021-08-09","PIKA-102","11:38",8,"11:57","OH",5,1.25,3,NaN,"PIKA-102 2021-08-09 11:38",NaN,NaN
"NWT","2021-08-09","PIKA-117","09:53",1,"09:58","OS",NaN,0.25,2,NaN,"PIKA-117 2021-08-09 9:53",NaN,NaN
"NWT","2021-08-09","PIKA-117","09:53",2,"09:58","OH",NaN,0.25,2,NaN,"PIKA-117 2021-08-09 9:53",NaN,NaN
"NWT","2021-08-15","PIKA-121","10:28",1,"10:30","FH",NaN,0.75,3,NaN,"PIKA-121 2021-08-15 10:28",NaN,NaN
"NWT","2021-08-15","PIKA-121","10:28",2,"10:36","OS",NaN,0.75,3,NaN,"PIKA-121 2021-08-15 10:28",NaN,NaN
"NWT","2021-08-15","PIKA-121","10:28",3,"10:37","OS",NaN,1.25,5,NaN,"PIKA-121 2021-08-15 10:28",NaN,NaN
"NWT","2021-08-15","PIKA-121","10:28",4,"10:40","PC",60,NaN,NaN,NaN,"PIKA-121 2021-08-15 10:28",NaN,NaN
"NWT","2021-08-15","PIKA-121","10:28",5,"10:43","PS",10,0.75,3,NaN,"PIKA-121 2021-08-15 10:28",NaN,NaN
"NWT","2021-08-11","PIKA-140","10:03",1,"10:07","OS",NaN,0.25,1,NaN,"PIKA-140 2021-08-11 10:03",NaN,NaN
"NWT","2021-08-11","PIKA-140","10:03",2,"10:07","OH",NaN,0.25,1,NaN,"PIKA-140 2021-08-11 10:03",NaN,NaN
"NWT","2021-08-11","PIKA-140","10:03",3,"10:11","OS",NaN,0.25,1,NaN,"PIKA-140 2021-08-11 10:03",NaN,NaN
"NWT","2021-08-11","PIKA-140","10:03",4,"10:16","PC",50,NaN,NaN,NaN,"PIKA-140 2021-08-11 10:03",NaN,NaN
"NWT","2021-08-11","PIKA-140","10:38",1,"10:54","OH",NaN,0.75,0.5,NaN,"PIKA-140 2021-08-11 10:38",NaN,NaN
"NWT","2021-08-17","PIKA-144","11:14",1,"11:20","PC",30,0.25,1,NaN,"PIKA-144 2021-08-17 11:14",NaN,NaN
"NWT","2021-08-17","PIKA-151","10:03",1,"10:05","OS",NaN,0.25,2,NaN,"PIKA-151 2021-08-17 10:03",NaN,NaN
"NWT","2021-08-17","PIKA-151","10:03",2,"10:06","OS",NaN,0.25,2,NaN,"PIKA-151 2021-08-17 10:03",NaN,NaN
"NWT","2021-08-17","PIKA-151","10:03",3,"10:11","OS",NaN,0.75,2,NaN,"PIKA-151 2021-08-17 10:03",NaN,NaN
"NWT","2021-08-17","PIKA-151","10:03",4,"10:13","OS",NaN,0.75,3,NaN,"PIKA-151 2021-08-17 10:03",NaN,NaN
"NWT","2021-08-18","PIKA-164","10:18",1,"10:18","FS, OH, OS",4,0.25,1,10,"PIKA-164 2021-08-18 10:18",NaN,NaN
"NWT","2021-08-18","PIKA-164","10:18",2,"10:27","OS, OH",8,0.25,2,NaN,"PIKA-164 2021-08-18 10:18",NaN,NaN
"NWT","2021-08-18","PIKA-164","10:18",3,"10:29","FH",10,0.25,3,NaN,"PIKA-164 2021-08-18 10:18",NaN,NaN
"NWT","2021-08-18","PIKA-164","10:18",4,"10:29","FH",10,0.25,3,NaN,"PIKA-164 2021-08-18 10:18",NaN,NaN
"NWT","2021-08-18","PIKA-164","10:18",5,"10:31","OH",10,0.25,3,NaN,"PIKA-164 2021-08-18 10:18",NaN,NaN
"NWT","2021-08-19","PIKA-164","10:01",1,"10:05","OH",NaN,0.25,1,NaN,"PIKA-164 2021-08-19 10:01",NaN,NaN
"NWT","2021-08-19","PIKA-164","10:01",2,"10:06","OH",NaN,0.25,1,NaN,"PIKA-164 2021-08-19 10:01",NaN,NaN
"NWT","2021-08-19","PIKA-164","10:01",3,"10:09","OH",NaN,0.25,1.5,NaN,"PIKA-164 2021-08-19 10:01",NaN,NaN
"NWT","2021-08-19","PIKA-164","10:01",4,"10:09","OH",NaN,0.25,1.5,NaN,"PIKA-164 2021-08-19 10:01",NaN,NaN
"NWT","2021-08-19","PIKA-164","10:01",5,"10:10","PC",20,NaN,NaN,NaN,"PIKA-164 2021-08-19 10:01",NaN,NaN
"NWT","2021-08-19","PIKA-164","10:01",6,"10:12","OS, FH",NaN,0.25,1,NaN,"PIKA-164 2021-08-19 10:01",NaN,NaN
"NWT","2021-08-19","PIKA-164","10:01",7,"10:14","OH",NaN,0.75,0.75,NaN,"PIKA-164 2021-08-19 10:01",NaN,NaN
"NWT","2021-08-19","PIKA-164","10:01",8,"10:16","OS",NaN,0.25,0.75,NaN,"PIKA-164 2021-08-19 10:01",NaN,NaN
"NWT","2022-08-04","PIKA-002","11:20",1,"11:30","PC",25,NaN,NaN,NaN,"PIKA-002 2022-08-04 11:20",NaN,NaN
"NWT","2022-08-04","PIKA-002","11:20",2,"11:31","PC",25,NaN,NaN,NaN,"PIKA-002 2022-08-04 11:20",NaN,NaN
"NWT","2022-08-04","PIKA-002","11:20",3,"11:35","OH",1,0.75,2,NaN,"PIKA-002 2022-08-04 11:20",NaN,NaN
"NWT","2022-08-04","PIKA-002","11:20",4,"11:38","PC",10,0.5,2,NaN,"PIKA-002 2022-08-04 11:20",NaN,NaN
"NWT","2022-08-04","PIKA-002","11:20",5,"11:40","OS",8,0.5,2,NaN,"PIKA-002 2022-08-04 11:20",NaN,NaN
"NWT","2022-08-04","PIKA-002","11:20",6,"11:42","OS",12,1,3,NaN,"PIKA-002 2022-08-04 11:20",NaN,NaN
"NWT","2022-08-04","PIKA-002","11:20",7,"11:44","PS",35,NaN,NaN,NaN,"PIKA-002 2022-08-04 11:20",NaN,NaN
"NWT","2022-08-04","PIKA-002","11:20",8,"11:54","FS",6,0.5,3,NaN,"PIKA-002 2022-08-04 11:20",NaN,NaN
"NWT","2022-08-04","PIKA-002","11:20",1,"11:29","PC",30,NaN,NaN,NaN,"PIKA-002 2022-08-04 11:20 d",NaN,NaN
"NWT","2022-08-04","PIKA-002","11:20",2,"11:33","PC",30,NaN,NaN,NaN,"PIKA-002 2022-08-04 11:20 d",NaN,NaN
"NWT","2022-08-04","PIKA-002","11:20",3,"11:38","OS",4,0.5,1,NaN,"PIKA-002 2022-08-04 11:20 d",NaN,NaN
"NWT","2022-08-04","PIKA-002","11:20",4,"11:42","OH",9,1,2,NaN,"PIKA-002 2022-08-04 11:20 d",NaN,NaN
"NWT","2022-08-04","PIKA-002","11:20",5,"11:44","FS",9,1,2,10,"PIKA-002 2022-08-04 11:20 d",NaN,NaN
"NWT","2022-08-04","PIKA-002","11:20",6,"11:46","OH",10,0.5,5,NaN,"PIKA-002 2022-08-04 11:20 d",NaN,NaN
"NWT","2022-08-01","PIKA-003","12:05",1,"12:30","OH",NaN,0.5,0.75,NaN,"PIKA-003 2022-08-01 12:05",NaN,NaN
"NWT","2022-08-01","PIKA-003","12:05",2,"12:52","OH",NaN,0.5,1,NaN,"PIKA-003 2022-08-01 12:05",NaN,NaN
"NWT","2022-09-17","PIKA-004","18:45",1,"18:55","OS",8,0.6,2,NaN,"PIKA-004 2022-09-17 18:45",NaN,NaN
"NWT","2022-09-17","PIKA-004","18:45",2,"18:58","OS",10,0.5,2,NaN,"PIKA-004 2022-09-17 18:45",NaN,NaN
"NWT","2022-09-17","PIKA-004","18:45",3,"19:02","FS",9,0.4,2.25,11,"PIKA-004 2022-09-17 18:45",NaN,NaN
"NWT","2022-08-02","PIKA-005","13:30",1,"13:50","PC",12,2,2,NaN,"PIKA-005 2022-08-02 13:30",NaN,NaN
"NWT","2022-08-02","PIKA-005","13:30",2,"13:51","OS",3,2,2,NaN,"PIKA-005 2022-08-02 13:30",NaN,NaN
"NWT","2022-08-02","PIKA-005","13:30",3,"13:53","OS",12,1,6,NaN,"PIKA-005 2022-08-02 13:30",NaN,NaN
"NWT","2022-08-02","PIKA-005","13:30",4,"13:59","FS",11,1.5,7,NaN,"PIKA-005 2022-08-02 13:30",NaN,NaN
"NWT","2022-08-02","PIKA-005","13:30",5,"13:59","FH",11,1.5,7,NaN,"PIKA-005 2022-08-02 13:30",NaN,NaN
"NWT","2022-08-02","PIKA-005","13:30",6,"14:04","FH",12,1,7,NaN,"PIKA-005 2022-08-02 13:30",NaN,NaN
"NWT","2022-08-02","PIKA-005","13:30",7,"14:04","OH",12,1,7,NaN,"PIKA-005 2022-08-02 13:30",NaN,NaN
"NWT","2022-08-02","PIKA-005","13:30",8,"14:06","OS",10,1,2,NaN,"PIKA-005 2022-08-02 13:30",NaN,NaN
"NWT","2022-08-08","PIKA-006","11:42",1,"11:55","OS",4,1,2.5,NaN,"PIKA-006 2022-08-08 11:42",NaN,NaN
"NWT","2022-08-08","PIKA-006","11:42",2,"11:56","OS",6,1.5,4,NaN,"PIKA-006 2022-08-08 11:42",NaN,NaN
"NWT","2022-08-08","PIKA-006","11:42",3,"11:59","OS",10,0.5,1.5,NaN,"PIKA-006 2022-08-08 11:42",NaN,NaN
"NWT","2022-08-08","PIKA-006","11:42",4,"12:00","FH",12,0.5,1.5,NaN,"PIKA-006 2022-08-08 11:42",NaN,NaN
"NWT","2022-08-08","PIKA-006","11:42",5,"12:07","OH",8,0.5,3,NaN,"PIKA-006 2022-08-08 11:42",NaN,NaN
"NWT","2022-08-08","PIKA-006","11:42",6,"12:09","FS",11,1,2,15,"PIKA-006 2022-08-08 11:42",NaN,NaN
"NWT","2022-08-08","PIKA-006","11:42",7,"12:22","FS",7,3,3,NaN,"PIKA-006 2022-08-08 11:42",NaN,NaN
"NWT","2022-08-03","PIKA-008","09:24",1,"09:52","PS",20,0.5,3,NaN,"PIKA-008 2022-08-03 09:24",NaN,NaN
"NWT","2022-08-03","PIKA-008","09:24",2,"09:56","PS",25,NaN,NaN,NaN,"PIKA-008 2022-08-03 09:24",NaN,NaN
"NWT","2022-08-03","PIKA-008","09:24",3,"09:50","OH",10,0.25,1,NaN,"PIKA-008 2022-08-03 09:24",NaN,NaN
"NWT","2022-08-03","PIKA-008","09:24",4,"09:49","PC",30,NaN,NaN,NaN,"PIKA-008 2022-08-03 09:24",NaN,NaN
"NWT","2022-08-03","PIKA-008","09:24",1,"09:37","FS",12,1,1,3,"PIKA-008 2022-08-03 09:24 d",NaN,NaN
"NWT","2022-08-03","PIKA-008","09:24",2,"09:45","FS",12,1,3,4,"PIKA-008 2022-08-03 09:24 d",NaN,NaN
"NWT","2022-08-03","PIKA-008","09:24",3,"09:45","PC",15,NaN,NaN,NaN,"PIKA-008 2022-08-03 09:24 d",NaN,NaN
"NWT","2022-08-03","PIKA-008","09:24",4,"09:59","PC",NaN,NaN,NaN,NaN,"PIKA-008 2022-08-03 09:24 d",NaN,NaN
"NWT","2022-08-04","PIKA-009","10:31",1,"10:41","OS",4,1,2,NaN,"PIKA-009 2022-08-04 10:31",NaN,NaN
"NWT","2022-08-10","PIKA-010","09:24",1,"09:48","OS",8,2,1,NaN,"PIKA-010 2022-08-10 09:24",NaN,NaN
"NWT","2022-08-10","PIKA-010","09:24",2,"09:55","FS",4,1,3,NaN,"PIKA-010 2022-08-10 09:24",NaN,NaN
"NWT","2022-08-10","PIKA-010","09:24",3,"10:02","OS",4,1,4,NaN,"PIKA-010 2022-08-10 09:24",NaN,NaN
"NWT","2022-08-10","PIKA-010","09:24",4,"10:05","FS",3,0.5,1.5,NaN,"PIKA-010 2022-08-10 09:24",NaN,NaN
"NWT","2022-08-10","PIKA-010","09:24",5,"10:07","FS",4,0.5,1.5,10,"PIKA-010 2022-08-10 09:24",NaN,NaN
"NWT","2022-08-10","PIKA-010","09:24",6,"10:11","OS",6,2,2,NaN,"PIKA-010 2022-08-10 09:24",NaN,NaN
"NWT","2022-08-09","PIKA-011","10:20",1,"10:44","OS",8,0.5,2.5,NaN,"PIKA-011 2022-08-09 10:20",NaN,NaN
"NWT","2022-08-09","PIKA-011","10:20",2,"10:45","FH",8,0.25,2.5,NaN,"PIKA-011 2022-08-09 10:20",NaN,NaN
"NWT","2022-08-09","PIKA-011","10:20",1,"10:25","OH",12,0.15,2.5,NaN,"PIKA-011 2022-08-09 10:20 d",NaN,NaN
"NWT","2022-08-01","PIKA-014","10:00",1,"10:50","OH",6,0.5,1,NaN,"PIKA-014 2022-08-01 10:00",NaN,NaN
"NWT","2022-08-01","PIKA-014","10:00",2,"10:50","OS",6,0.5,1,NaN,"PIKA-014 2022-08-01 10:00",NaN,NaN
"NWT","2022-08-08","PIKA-017","09:53",1,"10:15","PC",30,NaN,NaN,NaN,"PIKA-017 2022-08-08 09:53",NaN,NaN
"NWT","2022-08-08","PIKA-017","09:53",2,"10:16","PC",NaN,NaN,NaN,NaN,"PIKA-017 2022-08-08 09:53",NaN,NaN
"NWT","2022-08-08","PIKA-017","09:53",3,"10:37","FH",5,0.25,0.5,NaN,"PIKA-017 2022-08-08 09:53",NaN,NaN
"NWT","2022-08-08","PIKA-017","09:53",1,"10:10","OH",4,0.5,1,NaN,"PIKA-017 2022-08-08 09:53 d",NaN,NaN
"NWT","2022-08-08","PIKA-017","09:53",2,"10:14","OH",6,0.5,2,NaN,"PIKA-017 2022-08-08 09:53 d",NaN,NaN
"NWT","2022-08-08","PIKA-017","09:53",3,"10:15","OS",6,0.5,2,NaN,"PIKA-017 2022-08-08 09:53 d",NaN,NaN
"NWT","2022-08-08","PIKA-017","09:53",4,"10:18","OH",8,0.5,3,NaN,"PIKA-017 2022-08-08 09:53 d",NaN,NaN
"NWT","2022-08-08","PIKA-017","09:53",5,"10:20","OS",8,1,3,NaN,"PIKA-017 2022-08-08 09:53 d",NaN,NaN
"NWT","2022-08-08","PIKA-017","09:53",6,"10:25","FH",5,0.5,1,NaN,"PIKA-017 2022-08-08 09:53 d",NaN,NaN
"NWT","2022-08-08","PIKA-017","09:53",7,"10:28","PC",30,NaN,NaN,NaN,"PIKA-017 2022-08-08 09:53 d",NaN,NaN
"NWT","2022-08-09","PIKA-019","11:15",1,"11:36","FS",12,0.5,1.5,3,"PIKA-019 2022-08-09 11:15",NaN,NaN
"NWT","2022-08-09","PIKA-019","11:15",2,"11:38","FS",12,1,2,NaN,"PIKA-019 2022-08-09 11:15",NaN,NaN
"NWT","2022-08-09","PIKA-019","11:15",3,"11:41","FS",12,1,1,NaN,"PIKA-019 2022-08-09 11:15",NaN,NaN
"NWT","2022-08-09","PIKA-019","11:15",4,"11:46","OS",10,0,0.5,NaN,"PIKA-019 2022-08-09 11:15",NaN,NaN
"NWT","2022-08-09","PIKA-019","11:15",5,"11:51","OS",10,0.25,1,NaN,"PIKA-019 2022-08-09 11:15",NaN,NaN
"NWT","2022-08-09","PIKA-019","11:15",6,"11:55","OH",12,0.5,2,NaN,"PIKA-019 2022-08-09 11:15",NaN,NaN
"NWT","2022-08-09","PIKA-019","11:15",7,"11:57","PS",12,0.5,1,NaN,"PIKA-019 2022-08-09 11:15",NaN,NaN
"NWT","2022-08-09","PIKA-019","11:15",8,"11:58","PS",12,0.5,1,NaN,"PIKA-019 2022-08-09 11:15",NaN,NaN
"NWT","2022-08-02","PIKA-022","10:15",1,"10:51","PC",100,NaN,NaN,NaN,"PIKA-022 2022-08-02 10:15",NaN,NaN
"NWT","2022-08-09","PIKA-023","12:41",1,"13:01","OS",6,1,4,NaN,"PIKA-023 2022-08-09 12:41",NaN,NaN
"NWT","2022-08-09","PIKA-023","12:41",2,"13:12","PS",20,NaN,2.5,NaN,"PIKA-023 2022-08-09 12:41",NaN,NaN
"NWT","2022-08-09","PIKA-023","12:41",3,"13:16","PS",6,0.5,1,NaN,"PIKA-023 2022-08-09 12:41",NaN,NaN
"NWT","2022-08-09","PIKA-023","12:41",4,"13:19","PC",12,1,3,NaN,"PIKA-023 2022-08-09 12:41",NaN,NaN
"NWT","2022-08-01","PIKA-024","13:53",1,"14:07","OH",10,0.5,1,NaN,"PIKA-024 2022-08-01 13:53",NaN,NaN
"NWT","2022-08-01","PIKA-024","13:53",2,"14:19","PC",100,NaN,NaN,NaN,"PIKA-024 2022-08-01 13:53",NaN,NaN
"NWT","2022-08-10","PIKA-026","11:20",1,"11:29","OH",9,0.5,2,NaN,"PIKA-026 2022-08-10 11:20",NaN,NaN
"NWT","2022-08-10","PIKA-026","11:20",2,"11:29","OS",9,0.5,1,NaN,"PIKA-026 2022-08-10 11:20",NaN,NaN
"NWT","2022-08-10","PIKA-026","11:20",3,"11:30","OS",7,1,3,NaN,"PIKA-026 2022-08-10 11:20",NaN,NaN
"NWT","2022-08-10","PIKA-026","11:20",4,"11:34","OS",3,1.5,3,NaN,"PIKA-026 2022-08-10 11:20",NaN,NaN
"NWT","2022-08-10","PIKA-026","11:20",5,"11:45","FS",10,0.5,2,NaN,"PIKA-026 2022-08-10 11:20",NaN,NaN
"NWT","2022-08-08","PIKA-029","11:11",1,"11:22","PS",12,0.25,0.5,NaN,"PIKA-029 2022-08-08 11:11",NaN,NaN
"NWT","2022-08-08","PIKA-029","11:11",2,"11:25","FS",NaN,1,3,NaN,"PIKA-029 2022-08-08 11:11",NaN,NaN
"NWT","2022-08-08","PIKA-029","11:11",3,"11:31","OS",6.5,2,3,NaN,"PIKA-029 2022-08-08 11:11",NaN,NaN
"NWT","2022-08-08","PIKA-029","11:11",4,"11:34","OS",12,1,1,NaN,"PIKA-029 2022-08-08 11:11",NaN,NaN
"NWT","2022-08-08","PIKA-029","11:11",5,"11:34","OH",12,1,1,NaN,"PIKA-029 2022-08-08 11:11",NaN,NaN
"NWT","2022-08-08","PIKA-029","11:11",6,"11:37","FS",8,0.5,2,9,"PIKA-029 2022-08-08 11:11",NaN,NaN
"NWT","2022-08-01","PIKA-030","10:04",1,"10:24","OH",NaN,0.5,1,NaN,"PIKA-030 2022-08-01 10:04",NaN,NaN
"NWT","2022-08-01","PIKA-030","10:04",2,"10:27","FS",NaN,0.25,1,NaN,"PIKA-030 2022-08-01 10:04",NaN,NaN
"NWT","2022-08-01","PIKA-030","10:04",3,"10:30","OH",NaN,0.5,1.5,NaN,"PIKA-030 2022-08-01 10:04",NaN,NaN
"NWT","2022-08-01","PIKA-030","10:04",4,"10:31","PC",30,NaN,NaN,NaN,"PIKA-030 2022-08-01 10:04",NaN,NaN
"NWT","2022-08-01","PIKA-030","10:04",5,"10:34","PS",12,1,3.5,NaN,"PIKA-030 2022-08-01 10:04",NaN,NaN
"NWT","2022-08-01","PIKA-030","10:04",6,"10:39","PS",30,1,4,NaN,"PIKA-030 2022-08-01 10:04",NaN,NaN
"NWT","2022-08-01","PIKA-030","10:04",7,"10:42","PS",12,0.5,1,NaN,"PIKA-030 2022-08-01 10:04",NaN,NaN
"NWT","2022-08-01","PIKA-030","10:04",8,"10:46","FS",NaN,1,4,NaN,"PIKA-030 2022-08-01 10:04",NaN,NaN
"NWT","2022-08-01","PIKA-030","10:04",1,"10:25","FS",NaN,1,2,NaN,"PIKA-030 2022-08-01 10:04 d",NaN,NaN
"NWT","2022-08-01","PIKA-030","10:04",2,"10:26","FS",NaN,2,1,10,"PIKA-030 2022-08-01 10:04 d",NaN,NaN
"NWT","2022-08-01","PIKA-030","10:04",3,"10:27","PS",3,1,2,NaN,"PIKA-030 2022-08-01 10:04 d",NaN,NaN
"NWT","2022-08-01","PIKA-030","10:04",4,"10:30","OS",NaN,1,1.5,NaN,"PIKA-030 2022-08-01 10:04 d",NaN,NaN
"NWT","2022-08-01","PIKA-030","10:04",5,"10:35","FS",NaN,1,1.5,NaN,"PIKA-030 2022-08-01 10:04 d",NaN,NaN
"NWT","2022-08-01","PIKA-030","10:04",6,"10:38","OH",NaN,1,2,NaN,"PIKA-030 2022-08-01 10:04 d",NaN,NaN
"NWT","2022-08-01","PIKA-030","10:04",7,"10:39","OH",NaN,0.75,1,NaN,"PIKA-030 2022-08-01 10:04 d",NaN,NaN
"NWT","2022-08-01","PIKA-030","10:04",8,"10:45","PS",12,0.5,1,NaN,"PIKA-030 2022-08-01 10:04 d",NaN,NaN
"NWT","2022-08-09","PIKA-031","08:55",1,"09:10","PS",12,0.5,0.5,NaN,"PIKA-031 2022-08-09 08:55",NaN,NaN
"NWT","2022-08-09","PIKA-031","08:55",2,"09:13","OS",12,0.5,0.5,NaN,"PIKA-031 2022-08-09 08:55",NaN,NaN
"NWT","2022-08-09","PIKA-031","08:55",3,"09:20","OH",7,0.5,1,NaN,"PIKA-031 2022-08-09 08:55",NaN,NaN
"NWT","2022-08-10","PIKA-032","09:09",1,"09:30","PC",80,NaN,NaN,NaN,"PIKA-032 2022-08-10 09:09",NaN,NaN
"NWT","2022-08-02","PIKA-033","13:49",1,"14:05","PC",40,NaN,NaN,NaN,"PIKA-033 2022-08-02 13:49",NaN,NaN
"NWT","2022-08-02","PIKA-033","13:49",2,"14:06","PC",50,NaN,NaN,NaN,"PIKA-033 2022-08-02 13:49",NaN,NaN
"NWT","2022-08-02","PIKA-033","13:49",3,"14:07","PC",40,NaN,NaN,NaN,"PIKA-033 2022-08-02 13:49",NaN,NaN
"NWT","2022-08-02","PIKA-033","13:49",4,"14:15","PC",30,NaN,NaN,NaN,"PIKA-033 2022-08-02 13:49",NaN,NaN
"NWT","2022-08-02","PIKA-033","13:49",5,"14:17","PC",16,NaN,NaN,NaN,"PIKA-033 2022-08-02 13:49",NaN,NaN
"NWT","2022-08-08","PIKA-034","09:57",1,"10:27","FS",12,0.5,4,7,"PIKA-034 2022-08-08 09:57",NaN,NaN
"NWT","2022-08-08","PIKA-034","09:57",2,"10:27","OS",12,0.5,4,NaN,"PIKA-034 2022-08-08 09:57",NaN,NaN
"NWT","2022-08-08","PIKA-034","09:57",3,"10:30","OH",11,1,2.5,NaN,"PIKA-034 2022-08-08 09:57",NaN,NaN
"NWT","2022-08-08","PIKA-034","09:57",4,"10:31","OH",10,2,3,NaN,"PIKA-034 2022-08-08 09:57",NaN,NaN
"NWT","2022-08-08","PIKA-034","09:57",5,"10:38","FS",12,1.5,4,NaN,"PIKA-034 2022-08-08 09:57",NaN,NaN
"NWT","2022-08-08","PIKA-034","09:57",6,"10:39","OH",10,1.5,4,NaN,"PIKA-034 2022-08-08 09:57",NaN,NaN
"NWT","2022-08-08","PIKA-034","09:57",7,"10:42","FS",6,1,7,NaN,"PIKA-034 2022-08-08 09:57",NaN,NaN
"NWT","2022-08-08","PIKA-034","09:57",1,"11:04","PC",20,NaN,NaN,NaN,"PIKA-034 2022-08-08 09:57 d",NaN,NaN
"NWT","2022-08-08","PIKA-034","09:57",2,"11:05","FS",6,1,2,0,"PIKA-034 2022-08-08 09:57 d",NaN,NaN
"NWT","2022-08-08","PIKA-034","09:57",3,"11:05","OH",6,1,2,NaN,"PIKA-034 2022-08-08 09:57 d",NaN,NaN
"NWT","2022-08-08","PIKA-034","09:57",4,"11:07","FS",12,1,5,0,"PIKA-034 2022-08-08 09:57 d",NaN,NaN
"NWT","2022-08-08","PIKA-034","09:57",5,"11:11","OS",10,0.5,2,NaN,"PIKA-034 2022-08-08 09:57 d",NaN,NaN
"NWT","2022-08-08","PIKA-034","09:57",6,"11:12","OH",10,0.5,2,NaN,"PIKA-034 2022-08-08 09:57 d",NaN,NaN
"NWT","2022-08-08","PIKA-034","09:57",7,"11:18","OH",8,1,2,NaN,"PIKA-034 2022-08-08 09:57 d",NaN,NaN
"NWT","2022-08-08","PIKA-034","09:57",8,"11:19","OH",7,1,2,NaN,"PIKA-034 2022-08-08 09:57 d",NaN,NaN
"NWT","2022-08-11","PIKA-035","08:43",1,"09:02","PS",25,NaN,NaN,NaN,"PIKA-035 2022-08-11 08:43",NaN,NaN
"NWT","2022-08-11","PIKA-035","08:43",2,"09:06","OS",10,0.5,2.5,NaN,"PIKA-035 2022-08-11 08:43",NaN,NaN
"NWT","2022-08-10","PIKA-036","12:13",1,"12:20","PC",50,NaN,NaN,NaN,"PIKA-036 2022-08-10 12:13",NaN,NaN
"NWT","2022-08-10","PIKA-036","12:13",2,"12:27","OS",10,0.25,0.6,NaN,"PIKA-036 2022-08-10 12:13",NaN,NaN
"NWT","2022-08-10","PIKA-036","12:13",3,"12:32","PC",50,NaN,NaN,NaN,"PIKA-036 2022-08-10 12:13",NaN,NaN
"NWT","2022-08-10","PIKA-036","12:13",4,"12:33","OS",11,0.25,1.25,NaN,"PIKA-036 2022-08-10 12:13",NaN,NaN
"NWT","2022-08-10","PIKA-036","12:13",5,"12:34","PC",45,NaN,NaN,NaN,"PIKA-036 2022-08-10 12:13",NaN,NaN
"NWT","2022-08-10","PIKA-036","12:13",6,"12:37","OS",1,0.3,0.5,NaN,"PIKA-036 2022-08-10 12:13",NaN,NaN
"NWT","2022-08-10","PIKA-036","12:13",7,"12:42","PS",30,NaN,NaN,NaN,"PIKA-036 2022-08-10 12:13",NaN,NaN
"NWT","2022-08-10","PIKA-036","12:13",8,"12:44","PS",15,NaN,NaN,NaN,"PIKA-036 2022-08-10 12:13",NaN,NaN
"NWT","2022-08-02","PIKA-038","11:50",1,"12:07","PC",50,NaN,NaN,NaN,"PIKA-038 2022-08-02 11:50",NaN,NaN
"NWT","2022-08-02","PIKA-038","11:50",2,"12:09","PC",70,NaN,NaN,NaN,"PIKA-038 2022-08-02 11:50",NaN,NaN
"NWT","2022-08-02","PIKA-038","11:50",1,"12:07","PC",50,NaN,NaN,NaN,"PIKA-038 2022-08-02 11:50 d",NaN,NaN
"NWT","2022-08-02","PIKA-038","11:50",2,"12:09","PC",70,NaN,NaN,NaN,"PIKA-038 2022-08-02 11:50 d",NaN,NaN
"NWT","2022-08-03","PIKA-040","11:19",1,"11:49","OS",10,0.5,0.5,NaN,"PIKA-040 2022-08-03 11:19",NaN,NaN
"NWT","2022-08-03","PIKA-040","11:19",2,"11:50","FS",8,0.5,1.5,7,"PIKA-040 2022-08-03 11:19",NaN,NaN
"NWT","2022-08-03","PIKA-040","11:19",3,"11:50","OS",8,0.5,1.5,NaN,"PIKA-040 2022-08-03 11:19",NaN,NaN
"NWT","2022-08-03","PIKA-040","11:19",4,"11:52","OH",7,0.5,2,NaN,"PIKA-040 2022-08-03 11:19",NaN,NaN
"NWT","2022-08-03","PIKA-042","09:37",1,"10:20","OH",6,0.5,0.5,NaN,"PIKA-042 2022-08-03 09:37",NaN,NaN
"NWT","2022-08-03","PIKA-042","09:37",2,"10:24","OH",12,0.5,1,NaN,"PIKA-042 2022-08-03 09:37",NaN,NaN
"NWT","2022-08-03","PIKA-042","09:37",1,"10:09","OH",4,0.5,1,NaN,"PIKA-042 2022-08-03 09:37 d",NaN,NaN
"NWT","2022-08-04","PIKA-043","11:40",1,"12:20","PC",100,NaN,NaN,NaN,"PIKA-043 2022-08-04 11:40",NaN,NaN
"NWT","2022-08-04","PIKA-043","11:40",1,"11:53","PC",100,NaN,NaN,NaN,"PIKA-043 2022-08-04 11:40 d",NaN,NaN
"NWT","2022-08-04","PIKA-073","13:14",1,"13:20","PC",60,NaN,NaN,NaN,"PIKA-073 2022-08-04 13:14",NaN,NaN
"NWT","2022-08-04","PIKA-073","13:14",2,"13:24","PC",35,NaN,NaN,NaN,"PIKA-073 2022-08-04 13:14",NaN,NaN
"NWT","2022-08-04","PIKA-073","13:14",3,"13:24","PC",35,NaN,NaN,NaN,"PIKA-073 2022-08-04 13:14",NaN,NaN
"NWT","2022-08-04","PIKA-082","09:44",1,"09:59","FS",8,0.5,1.5,10,"PIKA-082 2022-08-04 09:44",NaN,NaN
"NWT","2022-08-04","PIKA-082","09:44",2,"09:59","OH",8,0.5,1.5,NaN,"PIKA-082 2022-08-04 09:44",NaN,NaN
"NWT","2022-08-04","PIKA-082","09:44",3,"10:04","FS",10,0.5,1.5,6,"PIKA-082 2022-08-04 09:44",NaN,NaN
"NWT","2022-08-04","PIKA-082","09:44",4,"10:05","PC",20,NaN,NaN,NaN,"PIKA-082 2022-08-04 09:44",NaN,NaN
"NWT","2022-08-04","PIKA-082","09:44",5,"10:07","OH",11,0.5,1,NaN,"PIKA-082 2022-08-04 09:44",NaN,NaN
"NWT","2022-08-04","PIKA-082","09:44",6,"10:14","FH",11,1,1,NaN,"PIKA-082 2022-08-04 09:44",NaN,NaN
"NWT","2022-08-04","PIKA-082","09:44",7,"10:18","OS",12,2,3,NaN,"PIKA-082 2022-08-04 09:44",NaN,NaN
"NWT","2022-08-11","PIKA-083","08:48",1,"09:02","OS",8,0.1,0.5,NaN,"PIKA-083 2022-08-11 08:48",NaN,NaN
"NWT","2022-08-11","PIKA-083","08:48",2,"09:03","PS",17,0.1,1,NaN,"PIKA-083 2022-08-11 08:48",NaN,NaN
"NWT","2022-08-11","PIKA-083","08:48",3,"09:07","OH",4,0.25,1,NaN,"PIKA-083 2022-08-11 08:48",NaN,NaN
"NWT","2022-08-11","PIKA-083","08:48",4,"09:08","FS",6,0.4,0.75,4,"PIKA-083 2022-08-11 08:48",NaN,NaN
"NWT","2022-08-11","PIKA-083","08:48",5,"09:09","OS",6,0.4,0.75,NaN,"PIKA-083 2022-08-11 08:48",NaN,NaN
"NWT","2022-08-11","PIKA-083","08:48",6,"09:19","OH",5,0.2,0.75,NaN,"PIKA-083 2022-08-11 08:48",NaN,NaN
"NWT","2022-08-11","PIKA-083","08:48",7,"09:21","OS",2,0.25,1,NaN,"PIKA-083 2022-08-11 08:48",NaN,NaN
"NWT","2022-08-11","PIKA-083","08:48",1,"09:02","OS",8,0.1,0.5,NaN,"PIKA-083 2022-08-11 08:48 d",NaN,NaN
"NWT","2022-08-11","PIKA-083","08:48",2,"09:03","PS",17,0.1,1,NaN,"PIKA-083 2022-08-11 08:48 d",NaN,NaN
"NWT","2022-08-11","PIKA-083","08:48",3,"09:07","OH",4,0.25,1,NaN,"PIKA-083 2022-08-11 08:48 d",NaN,NaN
"NWT","2022-08-11","PIKA-083","08:48",4,"09:08","FS",6,0.4,0.75,4,"PIKA-083 2022-08-11 08:48 d",NaN,NaN
"NWT","2022-08-11","PIKA-083","08:48",5,"09:09","OS",6,0.4,0.75,NaN,"PIKA-083 2022-08-11 08:48 d",NaN,NaN
"NWT","2022-08-11","PIKA-083","08:48",6,"09:19","OH",5,0.2,0.75,NaN,"PIKA-083 2022-08-11 08:48 d",NaN,NaN
"NWT","2022-08-11","PIKA-083","08:48",7,"09:21","OS",2,0.25,1,NaN,"PIKA-083 2022-08-11 08:48 d",NaN,NaN
"NWT","2022-08-09","PIKA-087","11:47",1,"12:04","PC",100,NaN,NaN,NaN,"PIKA-087 2022-08-09 11:47",NaN,NaN
"NWT","2022-08-09","PIKA-087","11:47",2,"12:05","PC",100,NaN,NaN,NaN,"PIKA-087 2022-08-09 11:47",NaN,NaN
"NWT","2022-08-03","PIKA-088","10:47",1,"11:07","PC",25,NaN,NaN,NaN,"PIKA-088 2022-08-03 10:47",NaN,NaN
"NWT","2022-08-02","PIKA-097","11:44",1,"12:19","FS",12,1,5,5,"PIKA-097 2022-08-02 11:44",NaN,NaN
"NWT","2022-08-02","PIKA-097","11:44",2,"12:24","OS",12,1,5,NaN,"PIKA-097 2022-08-02 11:44",NaN,NaN
"NWT","2022-08-02","PIKA-097","11:44",3,"12:25","PC",6,1,2,NaN,"PIKA-097 2022-08-02 11:44",NaN,NaN
"NWT","2022-08-02","PIKA-097","11:44",4,"12:26","OS",6,1,3,NaN,"PIKA-097 2022-08-02 11:44",NaN,NaN
"NWT","2022-08-10","PIKA-116","10:59",1,"11:11","FS",6,0.2,0.75,1,"PIKA-116 2022-08-10 10:59",NaN,NaN
"NWT","2022-08-10","PIKA-116","10:59",2,"11:20","OS",10,0.1,0.5,NaN,"PIKA-116 2022-08-10 10:59",NaN,NaN
"NWT","2022-08-10","PIKA-116","10:59",3,"11:22","FH",10,0.3,1,NaN,"PIKA-116 2022-08-10 10:59",NaN,NaN
"NWT","2022-08-10","PIKA-116","10:59",4,"11:26","OH",6,0.2,0.75,NaN,"PIKA-116 2022-08-10 10:59",NaN,NaN
"NWT","2022-08-10","PIKA-116","10:59",5,"11:29","OS",10,0.3,1,NaN,"PIKA-116 2022-08-10 10:59",NaN,NaN
"NWT","2022-08-08","PIKA-121","10:10",1,"10:19","FH",NaN,1.5,4,NaN,"PIKA-121 2022-08-08 10:10",NaN,NaN
"NWT","2022-08-08","PIKA-121","10:10",2,"10:21","PC",50,NaN,NaN,NaN,"PIKA-121 2022-08-08 10:10",NaN,NaN
"NWT","2022-08-08","PIKA-121","10:10",3,"10:25","PC",30,1.5,5,NaN,"PIKA-121 2022-08-08 10:10",NaN,NaN
"NWT","2022-08-08","PIKA-121","10:10",4,"10:28","FS",NaN,0.75,2,NaN,"PIKA-121 2022-08-08 10:10",NaN,NaN
"NWT","2022-08-08","PIKA-121","10:10",1,"10:11","PC",50,NaN,NaN,NaN,"PIKA-121 2022-08-08 10:10 d",NaN,NaN
"NWT","2022-08-08","PIKA-121","10:10",2,"10:24","FH",8,1,5,NaN,"PIKA-121 2022-08-08 10:10 d",NaN,NaN
"NWT","2022-08-08","PIKA-121","10:10",3,"10:27","OS",10,1,2,NaN,"PIKA-121 2022-08-08 10:10 d",NaN,NaN
"NWT","2022-08-01","PIKA-186","11:46",1,"12:20","PC",30,NaN,NaN,NaN,"PIKA-186 2022-08-01 11:46",NaN,NaN
"NWT","2022-08-01","PIKA-186","11:46",2,"12:29","PC",35,NaN,NaN,NaN,"PIKA-186 2022-08-01 11:46",NaN,NaN
"NWT","2022-08-01","PIKA-186","11:46",3,"12:34","OH",12,0.25,0.75,NaN,"PIKA-186 2022-08-01 11:46",NaN,NaN
"NWT","2022-08-01","PIKA-186","11:46",1,"11:59","PC",35,NaN,NaN,NaN,"PIKA-186 2022-08-01 11:46 d",NaN,NaN
"NWT","2022-08-01","PIKA-186","11:46",2,"12:02","PC",25,NaN,NaN,NaN,"PIKA-186 2022-08-01 11:46 d",NaN,NaN
"NWT","2023-08-07","PIKA-074","11:02",1,"11:08","OS",NaN,0.3,0.75,NaN,"PIKA-074 2023-08-07 11:00 Airy Peralta",NaN,"{40dd078c-544e-4ee7-9c0a-cd48541b5ad5}"
"NWT","2023-08-07","PIKA-074","11:02",2,"11:14","FH",NaN,0.5,1.5,NaN,"PIKA-074 2023-08-07 11:00 Airy Peralta",NaN,"{40dd078c-544e-4ee7-9c0a-cd48541b5ad5}"
"NWT","2023-08-07","PIKA-074","11:02",3,"11:15","OH",NaN,0.2,1.5,NaN,"PIKA-074 2023-08-07 11:00 Airy Peralta",NaN,"{40dd078c-544e-4ee7-9c0a-cd48541b5ad5}"
"NWT","2023-08-07","PIKA-004","13:41",1,"13:53","OS",NaN,0.4,2.5,NaN,"PIKA-004 2023-08-07 13:34 Airy Peralta",NaN,"{78671cfd-911b-48b6-b62e-f8cbe8ea6465}"
"NWT","2023-08-07","PIKA-057","10:20",1,"10:21","FH",NaN,1,2.5,NaN,"PIKA-057 2023-08-07 10:15 Kate Drobnich","Both fresh and old","{08a5d835-dd72-401c-94eb-dff9e7ff13ab}"
"NWT","2023-08-07","PIKA-057","10:20",2,"10:22","OS",NaN,1,2.5,NaN,"PIKA-057 2023-08-07 10:15 Kate Drobnich",NaN,"{08a5d835-dd72-401c-94eb-dff9e7ff13ab}"
"NWT","2023-08-07","PIKA-057","10:20",3,"10:24","OH",NaN,0.5,2,NaN,"PIKA-057 2023-08-07 10:15 Kate Drobnich",NaN,"{08a5d835-dd72-401c-94eb-dff9e7ff13ab}"
"NWT","2023-08-07","PIKA-057","10:20",4,"10:25","PS",7,2,4,NaN,"PIKA-057 2023-08-07 10:15 Kate Drobnich",NaN,"{08a5d835-dd72-401c-94eb-dff9e7ff13ab}"
"NWT","2023-08-07","PIKA-057","10:20",5,"10:28","FH",NaN,0.25,2.5,NaN,"PIKA-057 2023-08-07 10:15 Kate Drobnich",NaN,"{08a5d835-dd72-401c-94eb-dff9e7ff13ab}"
"NWT","2023-08-07","PIKA-057","10:20",6,"10:30","FS",NaN,0.25,2,5,"PIKA-057 2023-08-07 10:15 Kate Drobnich",NaN,"{08a5d835-dd72-401c-94eb-dff9e7ff13ab}"
"NWT","2023-08-07","PIKA-057","10:20",7,"10:33","FH",NaN,0.5,3,NaN,"PIKA-057 2023-08-07 10:15 Kate Drobnich","Old hay pile present","{08a5d835-dd72-401c-94eb-dff9e7ff13ab}"
"NWT","2023-08-07","PIKA-006","11:18",1,"11:19","FS",NaN,0.5,4,13,"PIKA-006 2023-08-07 11:13 Ashley Parkhurst",NaN,"{22ef5222-b931-4a3d-8664-4c05efb0a702}"
"NWT","2023-08-07","PIKA-006","11:18",2,"11:23","OS",NaN,1,3,NaN,"PIKA-006 2023-08-07 11:13 Ashley Parkhurst",NaN,"{22ef5222-b931-4a3d-8664-4c05efb0a702}"
"NWT","2023-08-07","PIKA-006","11:18",3,"11:23","PC",8,NaN,1,NaN,"PIKA-006 2023-08-07 11:13 Ashley Parkhurst",NaN,"{22ef5222-b931-4a3d-8664-4c05efb0a702}"
"NWT","2023-08-07","PIKA-006","11:18",4,"11:26","OS",NaN,1.5,2.5,NaN,"PIKA-006 2023-08-07 11:13 Ashley Parkhurst","Old hay present","{22ef5222-b931-4a3d-8664-4c05efb0a702}"
"NWT","2023-08-07","PIKA-006","11:18",5,"11:27","OH",NaN,0.5,1.5,NaN,"PIKA-006 2023-08-07 11:13 Ashley Parkhurst",NaN,"{22ef5222-b931-4a3d-8664-4c05efb0a702}"
"NWT","2023-08-07","PIKA-006","11:18",6,"11:33","PS",11,0.25,0.5,NaN,"PIKA-006 2023-08-07 11:13 Ashley Parkhurst",NaN,"{22ef5222-b931-4a3d-8664-4c05efb0a702}"
"NWT","2023-08-07","PIKA-006","11:18",7,"11:35","OH",NaN,1,3,NaN,"PIKA-006 2023-08-07 11:13 Ashley Parkhurst",NaN,"{22ef5222-b931-4a3d-8664-4c05efb0a702}"
"NWT","2023-08-07","PIKA-017","12:09",1,"12:09","OS",NaN,0.5,3,NaN,"PIKA-017 2023-08-07 12:04 Kate Drobnich",NaN,"{4bbdcf32-7233-4a3c-a24f-1b945b2e8369}"
"NWT","2023-08-07","PIKA-017","12:09",2,"12:11","FH",NaN,1,1,NaN,"PIKA-017 2023-08-07 12:04 Kate Drobnich",NaN,"{4bbdcf32-7233-4a3c-a24f-1b945b2e8369}"
"NWT","2023-08-07","PIKA-017","12:09",3,"12:14","FH",NaN,0.25,0.5,NaN,"PIKA-017 2023-08-07 12:04 Kate Drobnich",NaN,"{4bbdcf32-7233-4a3c-a24f-1b945b2e8369}"
"NWT","2023-08-07","PIKA-017","12:09",4,"12:15","OS",NaN,0.5,1.5,NaN,"PIKA-017 2023-08-07 12:04 Kate Drobnich",NaN,"{4bbdcf32-7233-4a3c-a24f-1b945b2e8369}"
"NWT","2023-08-07","PIKA-017","12:09",5,"12:19","FS",NaN,0.5,1.5,NaN,"PIKA-017 2023-08-07 12:04 Kate Drobnich","This is a double survey site, Ashley collected a sample already so I did not collect. ","{4bbdcf32-7233-4a3c-a24f-1b945b2e8369}"
"NWT","2023-08-07","PIKA-017","12:09",6,"12:22","FH",NaN,1,4,NaN,"PIKA-017 2023-08-07 12:04 Kate Drobnich",NaN,"{4bbdcf32-7233-4a3c-a24f-1b945b2e8369}"
"NWT","2023-08-07","PIKA-017","12:09",7,"12:25","PC",NaN,NaN,NaN,NaN,"PIKA-017 2023-08-07 12:04 Kate Drobnich",NaN,"{4bbdcf32-7233-4a3c-a24f-1b945b2e8369}"
"NWT","2023-08-07","PIKA-001","09:59",1,"10:07","OS",NaN,0.5,1,NaN,"PIKA-001 2023-08-07 09:54 Alexa Esler",NaN,"{e973b9cd-0f73-41f2-a319-0bcb0b73b79c}"
"NWT","2023-08-07","PIKA-065","11:29",1,"11:29","OS",NaN,2.5,3,NaN,"PIKA-065 2023-08-07 11:24 Alexa Esler",NaN,"{34dc6f91-f33b-4921-9b2f-996e9ba764c7}"
"NWT","2023-08-07","PIKA-065","11:29",2,"11:30","PC",10,NaN,2,NaN,"PIKA-065 2023-08-07 11:24 Alexa Esler",NaN,"{34dc6f91-f33b-4921-9b2f-996e9ba764c7}"
"NWT","2023-08-07","PIKA-065","11:29",3,"11:34","OS",NaN,1,2.5,NaN,"PIKA-065 2023-08-07 11:24 Alexa Esler",NaN,"{34dc6f91-f33b-4921-9b2f-996e9ba764c7}"
"NWT","2023-08-07","PIKA-065","11:29",4,"11:35","FS",NaN,1,2.5,NaN,"PIKA-065 2023-08-07 11:24 Alexa Esler","Double observation plot could not find scat after","{34dc6f91-f33b-4921-9b2f-996e9ba764c7}"
"NWT","2023-08-07","PIKA-065","11:29",5,"11:36","PC",15,NaN,NaN,NaN,"PIKA-065 2023-08-07 11:24 Alexa Esler",NaN,"{34dc6f91-f33b-4921-9b2f-996e9ba764c7}"
"NWT","2023-08-07","PIKA-065","11:29",6,"11:41","OS",NaN,3,2,NaN,"PIKA-065 2023-08-07 11:24 Alexa Esler",NaN,"{34dc6f91-f33b-4921-9b2f-996e9ba764c7}"
"NWT","2023-08-07","PIKA-065","11:29",7,"11:46","FH",NaN,1,3,NaN,"PIKA-065 2023-08-07 11:24 Alexa Esler",NaN,"{34dc6f91-f33b-4921-9b2f-996e9ba764c7}"
"NWT","2023-08-07","PIKA-065","11:29",8,"11:48","FS",NaN,1,3,5,"PIKA-065 2023-08-07 11:24 Alexa Esler",NaN,"{34dc6f91-f33b-4921-9b2f-996e9ba764c7}"
"NWT","2023-08-07","PIKA-121","10:23",1,"10:24","PS",9,2,3,NaN,"PIKA-121 2023-08-07 10:12 Matthew Schmidt",NaN,"{2da33676-b5ee-4fa7-a3b3-a1ee5584c71e}"
"NWT","2023-08-07","PIKA-121","10:23",2,"10:34","OS",NaN,1,5,NaN,"PIKA-121 2023-08-07 10:12 Matthew Schmidt",NaN,"{2da33676-b5ee-4fa7-a3b3-a1ee5584c71e}"
"NWT","2023-08-07","PIKA-121","10:23",3,"10:38","FH",NaN,3,4,NaN,"PIKA-121 2023-08-07 10:12 Matthew Schmidt",NaN,"{2da33676-b5ee-4fa7-a3b3-a1ee5584c71e}"
"NWT","2023-08-07","PIKA-121","10:23",4,"10:39","FS",NaN,3,4,NaN,"PIKA-121 2023-08-07 10:12 Matthew Schmidt","Could not reach pellets as they were deep in crevice","{2da33676-b5ee-4fa7-a3b3-a1ee5584c71e}"
"NWT","2023-08-07","PIKA-121","10:23",5,"10:42","PS",12,3,5,NaN,"PIKA-121 2023-08-07 10:12 Matthew Schmidt",NaN,"{2da33676-b5ee-4fa7-a3b3-a1ee5584c71e}"
"NWT","2023-08-07","PIKA-121","10:23",6,"10:44","OS",NaN,1,2,NaN,"PIKA-121 2023-08-07 10:12 Matthew Schmidt",NaN,"{2da33676-b5ee-4fa7-a3b3-a1ee5584c71e}"
"NWT","2023-08-07","PIKA-121","10:23",7,"10:44","OH",NaN,2,6,NaN,"PIKA-121 2023-08-07 10:12 Matthew Schmidt",NaN,"{2da33676-b5ee-4fa7-a3b3-a1ee5584c71e}"
"NWT","2023-08-07","PIKA-121","10:23",8,"10:46","FS",NaN,1,6,4,"PIKA-121 2023-08-07 10:12 Matthew Schmidt",NaN,"{2da33676-b5ee-4fa7-a3b3-a1ee5584c71e}"
"NWT","2023-08-07","PIKA-121","10:23",1,"10:23","PS",10,2,3,NaN,"PIKA-121 2023-08-07 10:12 Benjamin Woods",NaN,"{c25314da-8514-4228-a570-27d770133545}"
"NWT","2023-08-07","PIKA-121","10:23",2,"10:25","FH",NaN,2,3,NaN,"PIKA-121 2023-08-07 10:12 Benjamin Woods",NaN,"{c25314da-8514-4228-a570-27d770133545}"
"NWT","2023-08-07","PIKA-121","10:23",3,"10:26","OS",NaN,1,2,NaN,"PIKA-121 2023-08-07 10:12 Benjamin Woods","pile of poop not perched","{c25314da-8514-4228-a570-27d770133545}"
"NWT","2023-08-07","PIKA-121","10:23",4,"10:27","PC",15,1,3,NaN,"PIKA-121 2023-08-07 10:12 Benjamin Woods",NaN,"{c25314da-8514-4228-a570-27d770133545}"
"NWT","2023-08-07","PIKA-121","10:23",5,"10:33","OS",NaN,2,3,NaN,"PIKA-121 2023-08-07 10:12 Benjamin Woods",NaN,"{c25314da-8514-4228-a570-27d770133545}"
"NWT","2023-08-07","PIKA-121","10:23",6,"10:38","PC",20,1,5,NaN,"PIKA-121 2023-08-07 10:12 Benjamin Woods",NaN,"{c25314da-8514-4228-a570-27d770133545}"
"NWT","2023-08-07","PIKA-121","10:23",7,"10:42","OS",NaN,2,3,NaN,"PIKA-121 2023-08-07 10:12 Benjamin Woods","5 poops in a rock cup","{c25314da-8514-4228-a570-27d770133545}"
"NWT","2023-08-07","PIKA-121","10:23",8,"10:43","PC",7,2,3,NaN,"PIKA-121 2023-08-07 10:12 Benjamin Woods",NaN,"{c25314da-8514-4228-a570-27d770133545}"
"NWT","2023-08-07","PIKA-050","12:04",1,"12:05","OH",NaN,1,1,NaN,"PIKA-050 2023-08-07 11:57 Benjamin Woods",NaN,"{59221099-2bff-41f3-b37e-9a05f5dbab1b}"
"NWT","2023-08-07","PIKA-050","12:04",2,"12:06","OS",NaN,1,2,NaN,"PIKA-050 2023-08-07 11:57 Benjamin Woods",NaN,"{59221099-2bff-41f3-b37e-9a05f5dbab1b}"
"NWT","2023-08-07","PIKA-050","12:04",3,"12:07","OH",NaN,1,1,NaN,"PIKA-050 2023-08-07 11:57 Benjamin Woods",NaN,"{59221099-2bff-41f3-b37e-9a05f5dbab1b}"
"NWT","2023-08-07","PIKA-050","12:04",4,"12:07","OS",NaN,1,1,NaN,"PIKA-050 2023-08-07 11:57 Benjamin Woods",NaN,"{59221099-2bff-41f3-b37e-9a05f5dbab1b}"
"NWT","2023-08-07","PIKA-050","12:04",5,"12:18","FS",NaN,1,1,6,"PIKA-050 2023-08-07 11:57 Benjamin Woods","collected","{59221099-2bff-41f3-b37e-9a05f5dbab1b}"
"NWT","2023-08-07","PIKA-050","12:04",6,"12:19","PC",15,1,1,NaN,"PIKA-050 2023-08-07 11:57 Benjamin Woods",NaN,"{59221099-2bff-41f3-b37e-9a05f5dbab1b}"
"NWT","2023-08-07","PIKA-050","12:04",7,"12:23","FS",NaN,1,2,NaN,"PIKA-050 2023-08-07 11:57 Benjamin Woods","2 pellets, not enough for collection","{59221099-2bff-41f3-b37e-9a05f5dbab1b}"
"NWT","2023-08-07","PIKA-010","14:00",1,"14:00","FS",NaN,1,1.5,22,"PIKA-010 2023-08-07 13:56 Michael Hoffert",NaN,"{0a079621-7a8b-4d80-b40c-86f4b5366070}"
"NWT","2023-08-07","PIKA-010","14:00",2,"14:05","OS",NaN,0.5,1.5,NaN,"PIKA-010 2023-08-07 13:56 Michael Hoffert",NaN,"{0a079621-7a8b-4d80-b40c-86f4b5366070}"
"NWT","2023-08-07","PIKA-010","14:00",3,"14:11","OH",NaN,0.5,1,NaN,"PIKA-010 2023-08-07 13:56 Michael Hoffert",NaN,"{0a079621-7a8b-4d80-b40c-86f4b5366070}"
"NWT","2023-08-07","PIKA-065","11:30",1,"11:30","PC",5,2,3,NaN,"PIKA-065 2023-08-07 11:24 Michael Hoffert",NaN,"{10d4f3b0-8975-4b13-88f3-76a2447f0604}"
"NWT","2023-08-07","PIKA-065","11:30",2,"11:33","OS",NaN,2,4,NaN,"PIKA-065 2023-08-07 11:24 Michael Hoffert",NaN,"{10d4f3b0-8975-4b13-88f3-76a2447f0604}"
"NWT","2023-08-07","PIKA-065","11:30",3,"11:35","FH",NaN,1,3,NaN,"PIKA-065 2023-08-07 11:24 Michael Hoffert","Multiple large fresh and old hay piles within 1 m","{10d4f3b0-8975-4b13-88f3-76a2447f0604}"
"NWT","2023-08-07","PIKA-065","11:30",4,"11:45","FS",NaN,1,3,5,"PIKA-065 2023-08-07 11:24 Michael Hoffert","From hay pile","{10d4f3b0-8975-4b13-88f3-76a2447f0604}"
"NWT","2023-08-07","PIKA-065","11:30",5,"11:44","OS",NaN,3,2,NaN,"PIKA-065 2023-08-07 11:24 Michael Hoffert",NaN,"{10d4f3b0-8975-4b13-88f3-76a2447f0604}"
"NWT","2023-08-08","PIKA-069","10:16",1,"10:17","OS",NaN,0.5,1.5,NaN,"PIKA-069 2023-08-08 10:11 Alexa Esler",NaN,"{a54b39c1-e840-41a6-a14c-ae82804de3b0}"
"NWT","2023-08-08","PIKA-069","10:16",2,"10:18","OH",NaN,1,1,NaN,"PIKA-069 2023-08-08 10:11 Alexa Esler",NaN,"{a54b39c1-e840-41a6-a14c-ae82804de3b0}"
"NWT","2023-08-08","PIKA-069","10:16",3,"10:19","OS",NaN,0.5,1,NaN,"PIKA-069 2023-08-08 10:11 Alexa Esler",NaN,"{a54b39c1-e840-41a6-a14c-ae82804de3b0}"
"NWT","2023-08-08","PIKA-069","10:16",4,"10:21","OS",NaN,0.5,1,NaN,"PIKA-069 2023-08-08 10:11 Alexa Esler",NaN,"{a54b39c1-e840-41a6-a14c-ae82804de3b0}"
"NWT","2023-08-08","PIKA-069","10:16",5,"10:22","FS",NaN,0.5,0.5,5,"PIKA-069 2023-08-08 10:11 Alexa Esler",NaN,"{a54b39c1-e840-41a6-a14c-ae82804de3b0}"
"NWT","2023-08-08","PIKA-069","10:16",6,"10:31","OH",NaN,0.5,1,NaN,"PIKA-069 2023-08-08 10:11 Alexa Esler",NaN,"{a54b39c1-e840-41a6-a14c-ae82804de3b0}"
"NWT","2023-08-08","PIKA-069","10:16",7,"10:35","PC",20,NaN,NaN,NaN,"PIKA-069 2023-08-08 10:11 Alexa Esler",NaN,"{a54b39c1-e840-41a6-a14c-ae82804de3b0}"
"NWT","2023-08-08","PIKA-082","10:59",1,"11:02","FS",NaN,1,4,3,"PIKA-082 2023-08-08 10:54 Airy Peralta",NaN,"{f3ac3604-1f19-4d49-a041-208683d3fc46}"
"NWT","2023-08-08","PIKA-082","10:59",2,"11:10","OS",NaN,1.5,2,NaN,"PIKA-082 2023-08-08 10:54 Airy Peralta",NaN,"{f3ac3604-1f19-4d49-a041-208683d3fc46}"
"NWT","2023-08-08","PIKA-082","10:59",3,"11:12","OS",NaN,1,1.5,NaN,"PIKA-082 2023-08-08 10:54 Airy Peralta",NaN,"{f3ac3604-1f19-4d49-a041-208683d3fc46}"
"NWT","2023-08-08","PIKA-005","11:37",1,"11:41","OS",NaN,3,4,NaN,"PIKA-005 2023-08-08 11:32 Airy Peralta",NaN,"{94da5561-1014-48ee-a5e6-d1a4da3aaf5b}"
"NWT","2023-08-08","PIKA-005","11:37",2,"11:44","OS",NaN,1,4,NaN,"PIKA-005 2023-08-08 11:32 Airy Peralta",NaN,"{94da5561-1014-48ee-a5e6-d1a4da3aaf5b}"
"NWT","2023-08-08","PIKA-005","11:37",3,"11:48","OS",NaN,2,3.5,NaN,"PIKA-005 2023-08-08 11:32 Airy Peralta",NaN,"{94da5561-1014-48ee-a5e6-d1a4da3aaf5b}"
"NWT","2023-08-08","PIKA-005","11:37",4,"11:54","FH",NaN,2,6,NaN,"PIKA-005 2023-08-08 11:32 Airy Peralta",NaN,"{94da5561-1014-48ee-a5e6-d1a4da3aaf5b}"
"NWT","2023-08-08","PIKA-005","11:37",5,"11:54","FS",NaN,2,6,3,"PIKA-005 2023-08-08 11:32 Airy Peralta",NaN,"{94da5561-1014-48ee-a5e6-d1a4da3aaf5b}"
"NWT","2023-08-08","PIKA-117","09:31",1,"09:52","PC",15,NaN,NaN,NaN,"PIKA-117 2023-08-08 09:44 Kate Drobnich",NaN,"{b8a2ff93-b77d-44a3-91b2-3cd255cabad1}"
"NWT","2023-08-08","PIKA-117","09:31",2,"09:56","PS",20,NaN,1,NaN,"PIKA-117 2023-08-08 09:44 Kate Drobnich",NaN,"{b8a2ff93-b77d-44a3-91b2-3cd255cabad1}"
"NWT","2023-08-08","PIKA-049","11:17",1,"11:17","PC",100,NaN,NaN,NaN,"PIKA-049 2023-08-08 11:15 Kate Drobnich",NaN,"{70eef541-6538-4066-abf6-82c1cffd645e}"
"NWT","2023-08-08","PIKA-097","11:58",1,"11:59","PC",40,NaN,NaN,NaN,"PIKA-097 2023-08-08 11:56 Kate Drobnich","Out of plot","{6374c60c-9fea-4ec4-a10c-86038f6e0b17}"
"NWT","2023-08-08","PIKA-097","11:58",2,"12:01","PS",40,NaN,1,NaN,"PIKA-097 2023-08-08 11:56 Kate Drobnich",NaN,"{6374c60c-9fea-4ec4-a10c-86038f6e0b17}"
"NWT","2023-08-08","PIKA-097","11:58",3,"12:13","PS",17,0,0.25,NaN,"PIKA-097 2023-08-08 11:56 Kate Drobnich",NaN,"{6374c60c-9fea-4ec4-a10c-86038f6e0b17}"
"NWT","2023-08-08","PIKA-049","11:17",1,"11:17","PC",50,NaN,3,NaN,"PIKA-049 2023-08-08 11:15 Michael Hoffert",NaN,"{d8d3b850-bdd5-4bff-9cd5-dc206b44d6c0}"
"NWT","2023-08-08","PIKA-097","11:58",1,"12:03","PS",50,0.5,0.5,NaN,"PIKA-097 2023-08-08 11:57 Michael Hoffert","Running across grass","{3a60b7d9-93fd-4005-b5ef-55e1775cc965}"
"NWT","2023-08-08","PIKA-097","11:58",2,"12:12","PS",15,0,0.25,NaN,"PIKA-097 2023-08-08 11:57 Michael Hoffert","On bare earth","{3a60b7d9-93fd-4005-b5ef-55e1775cc965}"
"NWT","2023-08-08","PIKA-069","10:12",1,"10:16","FS",NaN,0.3,1.5,6,"PIKA-069 2023-08-08 10:10 Airy Peralta",NaN,"{36f27791-d1f1-4301-8b0f-f1150eb0b50d}"
"NWT","2023-08-08","PIKA-069","10:12",2,"10:20","OS",NaN,0.3,1,NaN,"PIKA-069 2023-08-08 10:10 Airy Peralta",NaN,"{36f27791-d1f1-4301-8b0f-f1150eb0b50d}"
"NWT","2023-08-08","PIKA-069","10:12",3,"10:21","OS",NaN,0.4,0.75,NaN,"PIKA-069 2023-08-08 10:10 Airy Peralta",NaN,"{36f27791-d1f1-4301-8b0f-f1150eb0b50d}"
"NWT","2023-08-08","PIKA-069","10:12",4,"10:22","OH",NaN,0.5,1,NaN,"PIKA-069 2023-08-08 10:10 Airy Peralta",NaN,"{36f27791-d1f1-4301-8b0f-f1150eb0b50d}"
"NWT","2023-08-08","PIKA-069","10:12",5,"10:24","FH",NaN,0.5,1.2,NaN,"PIKA-069 2023-08-08 10:10 Airy Peralta","Fresh haypile with marmot scat","{36f27791-d1f1-4301-8b0f-f1150eb0b50d}"
"NWT","2023-08-08","PIKA-069","10:12",6,"10:26","FH",NaN,0.5,1.5,NaN,"PIKA-069 2023-08-08 10:10 Airy Peralta","Massive haypile with more marmot scat","{36f27791-d1f1-4301-8b0f-f1150eb0b50d}"
"NWT","2023-08-08","PIKA-069","10:12",7,"10:26","PS",40,NaN,NaN,NaN,"PIKA-069 2023-08-08 10:10 Airy Peralta",NaN,"{36f27791-d1f1-4301-8b0f-f1150eb0b50d}"
"NWT","2023-08-08","PIKA-102","10:34",1,"10:38","OS",NaN,1,1.5,NaN,"PIKA-102 2023-08-08 10:27 Benjamin Woods",NaN,"{21f4f03c-6b6f-4497-9a9c-600924606c75}"
"NWT","2023-08-08","PIKA-102","10:34",2,"10:40","OS",NaN,1,1.5,NaN,"PIKA-102 2023-08-08 10:27 Benjamin Woods",NaN,"{21f4f03c-6b6f-4497-9a9c-600924606c75}"
"NWT","2023-08-08","PIKA-102","10:34",3,"10:41","FS",NaN,1,1.5,4,"PIKA-102 2023-08-08 10:27 Benjamin Woods",NaN,"{21f4f03c-6b6f-4497-9a9c-600924606c75}"
"NWT","2023-08-08","PIKA-102","10:34",4,"10:46","PS",15,2,3,NaN,"PIKA-102 2023-08-08 10:27 Benjamin Woods",NaN,"{21f4f03c-6b6f-4497-9a9c-600924606c75}"
"NWT","2023-08-08","PIKA-102","10:34",5,"10:48","OS",NaN,0.5,1,NaN,"PIKA-102 2023-08-08 10:27 Benjamin Woods",NaN,"{21f4f03c-6b6f-4497-9a9c-600924606c75}"
"NWT","2023-08-08","PIKA-102","10:34",6,"10:52","OH",NaN,1.5,2,NaN,"PIKA-102 2023-08-08 10:27 Benjamin Woods",NaN,"{21f4f03c-6b6f-4497-9a9c-600924606c75}"
"NWT","2023-08-08","PIKA-022","11:47",1,"11:48","PC",30,NaN,NaN,NaN,"PIKA-022 2023-08-08 11:40 Benjamin Woods",NaN,"{4c07f62f-e759-4fa7-9040-f2959113a42f}"
"NWT","2023-08-08","PIKA-022","11:47",2,"11:52","PC",55,NaN,NaN,NaN,"PIKA-022 2023-08-08 11:40 Benjamin Woods",NaN,"{4c07f62f-e759-4fa7-9040-f2959113a42f}"
"NWT","2023-08-08","PIKA-022","11:47",3,"11:57","PC",40,NaN,NaN,NaN,"PIKA-022 2023-08-08 11:40 Benjamin Woods",NaN,"{4c07f62f-e759-4fa7-9040-f2959113a42f}"
"NWT","2023-08-08","PIKA-022","11:47",4,"12:15","PC",60,NaN,NaN,NaN,"PIKA-022 2023-08-08 11:40 Benjamin Woods",NaN,"{4c07f62f-e759-4fa7-9040-f2959113a42f}"
"NWT","2023-08-07","PIKA-017","12:09",1,"12:11","OH",NaN,1.5,3,NaN,"PIKA-017 2023-08-07 12:04 Ashley Parkhurst",NaN,"{f2e87dba-234e-42cb-ae8d-0e8996e96ad6}"
"NWT","2023-08-07","PIKA-017","12:09",2,"12:11","PC",20,NaN,2,NaN,"PIKA-017 2023-08-07 12:04 Ashley Parkhurst",NaN,"{f2e87dba-234e-42cb-ae8d-0e8996e96ad6}"
"NWT","2023-08-07","PIKA-017","12:09",3,"12:12","FS",NaN,1,3,9,"PIKA-017 2023-08-07 12:04 Ashley Parkhurst","Fresh and old hay present","{f2e87dba-234e-42cb-ae8d-0e8996e96ad6}"
"NWT","2023-08-07","PIKA-017","12:09",4,"12:19","OH",NaN,0.5,2,NaN,"PIKA-017 2023-08-07 12:04 Ashley Parkhurst",NaN,"{f2e87dba-234e-42cb-ae8d-0e8996e96ad6}"
"NWT","2023-08-07","PIKA-017","12:09",5,"12:20","OS",NaN,1,4,NaN,"PIKA-017 2023-08-07 12:04 Ashley Parkhurst","Old hay pile present","{f2e87dba-234e-42cb-ae8d-0e8996e96ad6}"
"NWT","2023-08-07","PIKA-017","12:09",6,"12:22","OH",NaN,0.5,2,NaN,"PIKA-017 2023-08-07 12:04 Ashley Parkhurst",NaN,"{f2e87dba-234e-42cb-ae8d-0e8996e96ad6}"
"NWT","2023-08-07","PIKA-017","12:09",7,"12:22","PC",5,NaN,2,NaN,"PIKA-017 2023-08-07 12:04 Ashley Parkhurst",NaN,"{f2e87dba-234e-42cb-ae8d-0e8996e96ad6}"
"NWT","2023-08-07","PIKA-017","12:09",8,"12:24","OS",NaN,1.5,3,NaN,"PIKA-017 2023-08-07 12:04 Ashley Parkhurst","Old hay pile present","{f2e87dba-234e-42cb-ae8d-0e8996e96ad6}"
"NWT","2023-08-09","PIKA-072","11:24",1,"11:24","PC",12,NaN,NaN,NaN,"PIKA-072 2023-08-09 11:14 Ashley Parkhurst",NaN,"{c33d2377-ab4b-4f5d-9a8e-5df3c8bc7684}"
"NWT","2023-08-09","PIKA-072","11:24",2,"11:27","FS",NaN,0.5,2.5,NaN,"PIKA-072 2023-08-09 11:14 Ashley Parkhurst","Didn’t collect because only 2 pellets","{c33d2377-ab4b-4f5d-9a8e-5df3c8bc7684}"
"NWT","2023-08-09","PIKA-072","11:24",3,"11:28","OS",NaN,0.5,1,NaN,"PIKA-072 2023-08-09 11:14 Ashley Parkhurst",NaN,"{c33d2377-ab4b-4f5d-9a8e-5df3c8bc7684}"
"NWT","2023-08-09","PIKA-072","11:24",4,"11:29","PC",10,0.5,2,NaN,"PIKA-072 2023-08-09 11:14 Ashley Parkhurst",NaN,"{c33d2377-ab4b-4f5d-9a8e-5df3c8bc7684}"
"NWT","2023-08-09","PIKA-072","11:24",5,"11:30","OH",NaN,0.5,1.5,NaN,"PIKA-072 2023-08-09 11:14 Ashley Parkhurst",NaN,"{c33d2377-ab4b-4f5d-9a8e-5df3c8bc7684}"
"NWT","2023-08-09","PIKA-072","11:24",6,"11:31","FH",NaN,0.75,6,NaN,"PIKA-072 2023-08-09 11:14 Ashley Parkhurst",NaN,"{c33d2377-ab4b-4f5d-9a8e-5df3c8bc7684}"
"NWT","2023-08-09","PIKA-072","11:24",7,"11:35","OS",NaN,0.5,2,NaN,"PIKA-072 2023-08-09 11:14 Ashley Parkhurst",NaN,"{c33d2377-ab4b-4f5d-9a8e-5df3c8bc7684}"
"NWT","2023-08-09","PIKA-091","11:30",1,"11:39","OS",NaN,1,1,NaN,"PIKA-091 2023-08-09 11:30 Matthew Schmidt",NaN,"{7b02b14b-8912-44ba-ad6f-6c9de970da08}"
"NWT","2023-08-09","PIKA-091","11:30",2,"11:42","OS",NaN,1,2,NaN,"PIKA-091 2023-08-09 11:30 Matthew Schmidt",NaN,"{7b02b14b-8912-44ba-ad6f-6c9de970da08}"
"NWT","2023-08-09","PIKA-091","11:30",3,"11:51","FH",NaN,2,2,NaN,"PIKA-091 2023-08-09 11:30 Matthew Schmidt",NaN,"{7b02b14b-8912-44ba-ad6f-6c9de970da08}"
"NWT","2023-08-09","PIKA-091","11:30",4,"11:52","FH",NaN,2,2,NaN,"PIKA-091 2023-08-09 11:30 Matthew Schmidt",NaN,"{7b02b14b-8912-44ba-ad6f-6c9de970da08}"
"NWT","2023-08-09","PIKA-091","11:30",5,"11:53","FS",NaN,3,2,NaN,"PIKA-091 2023-08-09 11:30 Matthew Schmidt","Not collected as pellets were already collected","{7b02b14b-8912-44ba-ad6f-6c9de970da08}"
"NWT","2023-08-09","PIKA-100","09:55",1,"10:02","OS",NaN,0.25,0.5,NaN,"PIKA-100 2023-08-09 09:53 Kate Drobnich",NaN,"{b7344fda-2b3a-47e0-bd5e-99a62d3248d0}"
"NWT","2023-08-09","PIKA-100","09:55",2,"10:07","OS",NaN,0.2,0.5,NaN,"PIKA-100 2023-08-09 09:53 Kate Drobnich",NaN,"{b7344fda-2b3a-47e0-bd5e-99a62d3248d0}"
"NWT","2023-08-09","PIKA-100","09:55",3,"10:05","OH",NaN,0.3,0.7,NaN,"PIKA-100 2023-08-09 09:53 Kate Drobnich",NaN,"{b7344fda-2b3a-47e0-bd5e-99a62d3248d0}"
"NWT","2023-08-09","PIKA-100","09:55",4,"10:14","PC",20,NaN,NaN,NaN,"PIKA-100 2023-08-09 09:53 Kate Drobnich",NaN,"{b7344fda-2b3a-47e0-bd5e-99a62d3248d0}"
"NWT","2023-08-09","PIKA-008","10:44",1,"10:46","PS",10,0.5,1,NaN,"PIKA-008 2023-08-09 10:43 Kate Drobnich",NaN,"{5d8ff66f-654f-4dbf-a5ad-7c8b41387a7d}"
"NWT","2023-08-09","PIKA-008","10:44",2,"10:47","FS",NaN,1,1,9,"PIKA-008 2023-08-09 10:43 Kate Drobnich",NaN,"{5d8ff66f-654f-4dbf-a5ad-7c8b41387a7d}"
"NWT","2023-08-09","PIKA-008","10:44",3,"10:52","OH",NaN,1,3,NaN,"PIKA-008 2023-08-09 10:43 Kate Drobnich",NaN,"{5d8ff66f-654f-4dbf-a5ad-7c8b41387a7d}"
"NWT","2023-08-09","PIKA-008","10:44",4,"10:53","FH",NaN,0.5,1,NaN,"PIKA-008 2023-08-09 10:43 Kate Drobnich",NaN,"{5d8ff66f-654f-4dbf-a5ad-7c8b41387a7d}"
"NWT","2023-08-09","PIKA-008","10:44",5,"10:54","OH",NaN,0.1,0.5,NaN,"PIKA-008 2023-08-09 10:43 Kate Drobnich",NaN,"{5d8ff66f-654f-4dbf-a5ad-7c8b41387a7d}"
"NWT","2023-08-09","PIKA-008","10:44",6,"10:56","FH",NaN,0.2,0.5,NaN,"PIKA-008 2023-08-09 10:43 Kate Drobnich",NaN,"{5d8ff66f-654f-4dbf-a5ad-7c8b41387a7d}"
"NWT","2023-08-09","PIKA-008","10:44",7,"10:56","OH",NaN,0.25,1.5,NaN,"PIKA-008 2023-08-09 10:43 Kate Drobnich",NaN,"{5d8ff66f-654f-4dbf-a5ad-7c8b41387a7d}"
"NWT","2023-08-09","PIKA-008","10:44",8,"11:01","PC",15,NaN,NaN,NaN,"PIKA-008 2023-08-09 10:43 Kate Drobnich",NaN,"{5d8ff66f-654f-4dbf-a5ad-7c8b41387a7d}"
"NWT","2023-08-09","PIKA-072","11:24",1,"11:25","PC",20,NaN,NaN,NaN,"PIKA-072 2023-08-09 11:13 Kate Drobnich",NaN,"{1087a4ae-21c5-437f-9006-8f649f291b5c}"
"NWT","2023-08-09","PIKA-072","11:24",2,"11:25","FH",NaN,0.5,1.5,NaN,"PIKA-072 2023-08-09 11:13 Kate Drobnich",NaN,"{1087a4ae-21c5-437f-9006-8f649f291b5c}"
"NWT","2023-08-09","PIKA-072","11:24",3,"11:30","OS",NaN,0.25,0.5,NaN,"PIKA-072 2023-08-09 11:13 Kate Drobnich",NaN,"{1087a4ae-21c5-437f-9006-8f649f291b5c}"
"NWT","2023-08-09","PIKA-072","11:24",4,"11:31","OS",NaN,0.5,1,NaN,"PIKA-072 2023-08-09 11:13 Kate Drobnich",NaN,"{1087a4ae-21c5-437f-9006-8f649f291b5c}"
"NWT","2023-08-09","PIKA-072","11:24",5,"11:34","OS",NaN,0.2,1,NaN,"PIKA-072 2023-08-09 11:13 Kate Drobnich",NaN,"{1087a4ae-21c5-437f-9006-8f649f291b5c}"
"NWT","2023-08-09","PIKA-072","11:24",6,"11:35","OH",NaN,0.3,0.75,NaN,"PIKA-072 2023-08-09 11:13 Kate Drobnich",NaN,"{1087a4ae-21c5-437f-9006-8f649f291b5c}"
"NWT","2023-08-09","PIKA-072","11:24",7,"11:36","OS",NaN,1,2,NaN,"PIKA-072 2023-08-09 11:13 Kate Drobnich",NaN,"{1087a4ae-21c5-437f-9006-8f649f291b5c}"
"NWT","2023-08-09","PIKA-072","11:24",8,"11:39","FS",NaN,0.2,1,3,"PIKA-072 2023-08-09 11:13 Kate Drobnich",NaN,"{1087a4ae-21c5-437f-9006-8f649f291b5c}"
"NWT","2023-08-09","PIKA-058","10:10",1,"10:22","OH",NaN,0.5,1,NaN,"PIKA-058 2023-08-09 09:56 Benjamin Woods","possibly marmot bay pile","{f2c9c702-3007-4694-b255-d5d807bc4c9f}"
"NWT","2023-08-09","PIKA-014","10:58",1,"11:04","OH",NaN,1,1,NaN,"PIKA-014 2023-08-09 10:50 Benjamin Woods",NaN,"{1a5b0e9b-1896-4a40-902c-1fe533ce098a}"
"NWT","2023-08-09","PIKA-014","10:58",2,"11:09","OS",NaN,0.5,1,NaN,"PIKA-014 2023-08-09 10:50 Benjamin Woods",NaN,"{1a5b0e9b-1896-4a40-902c-1fe533ce098a}"
"NWT","2023-08-09","PIKA-014","10:58",3,"11:13","OS",NaN,1,2,NaN,"PIKA-014 2023-08-09 10:50 Benjamin Woods",NaN,"{1a5b0e9b-1896-4a40-902c-1fe533ce098a}"
"NWT","2023-08-09","PIKA-014","10:58",4,"11:13","FH",NaN,1,2,NaN,"PIKA-014 2023-08-09 10:50 Benjamin Woods",NaN,"{1a5b0e9b-1896-4a40-902c-1fe533ce098a}"
"NWT","2023-08-09","PIKA-014","10:58",5,"11:17","FH",NaN,0.5,2,NaN,"PIKA-014 2023-08-09 10:50 Benjamin Woods",NaN,"{1a5b0e9b-1896-4a40-902c-1fe533ce098a}"
"NWT","2023-08-09","PIKA-091","11:36",1,"11:37","OS",NaN,1,2,NaN,"PIKA-091 2023-08-09 11:31 Benjamin Woods",NaN,"{361943d1-d2ab-42a8-a0f2-db6a87b85210}"
"NWT","2023-08-09","PIKA-091","11:36",2,"11:39","OS",NaN,0.5,2,NaN,"PIKA-091 2023-08-09 11:31 Benjamin Woods",NaN,"{361943d1-d2ab-42a8-a0f2-db6a87b85210}"
"NWT","2023-08-09","PIKA-091","11:36",3,"11:40","PS",10,1,2,NaN,"PIKA-091 2023-08-09 11:31 Benjamin Woods",NaN,"{361943d1-d2ab-42a8-a0f2-db6a87b85210}"
"NWT","2023-08-09","PIKA-091","11:36",4,"11:43","OS",NaN,1,2,NaN,"PIKA-091 2023-08-09 11:31 Benjamin Woods",NaN,"{361943d1-d2ab-42a8-a0f2-db6a87b85210}"
"NWT","2023-08-09","PIKA-091","11:36",5,"11:44","FH",NaN,1,2,NaN,"PIKA-091 2023-08-09 11:31 Benjamin Woods",NaN,"{361943d1-d2ab-42a8-a0f2-db6a87b85210}"
"NWT","2023-08-09","PIKA-091","11:36",6,"11:45","FS",NaN,1,2,NaN,"PIKA-091 2023-08-09 11:31 Benjamin Woods","only 2 pellets, did not collect","{361943d1-d2ab-42a8-a0f2-db6a87b85210}"
"NWT","2023-08-09","PIKA-091","11:36",7,"11:47","PS",20,1,1,NaN,"PIKA-091 2023-08-09 11:31 Benjamin Woods",NaN,"{361943d1-d2ab-42a8-a0f2-db6a87b85210}"
"NWT","2023-08-09","PIKA-091","11:36",8,"11:53","FS",NaN,1,3,3,"PIKA-091 2023-08-09 11:31 Benjamin Woods",NaN,"{361943d1-d2ab-42a8-a0f2-db6a87b85210}"
"NWT","2023-08-09","PIKA-140","11:43",1,"12:00","OS",NaN,0.4,0.3,NaN,"PIKA-140 2023-08-09 11:38 Airy Peralta","Single very ancient pellet. There is a hole in the NE portion that seems to go deeper than visible. I found one old pellet and one fresh grass clip. See the extra picture.","{7e98335f-4876-4ff2-b79d-7c8d9e046ca0}"
"NWT","2023-08-09","PIKA-140","11:43",2,"12:03","PC",70,NaN,NaN,NaN,"PIKA-140 2023-08-09 11:38 Airy Peralta","Coming from upper talus","{7e98335f-4876-4ff2-b79d-7c8d9e046ca0}"
"NWT","2023-08-09","PIKA-056","12:56",1,"12:59","OS",NaN,0.3,1,NaN,"PIKA-056 2023-08-09 12:46 Airy Peralta",NaN,"{c3f1a75d-1f7c-4d18-ac73-324690a2cbc5}"
"NWT","2023-08-09","PIKA-056","12:56",2,"13:00","FS",NaN,0.3,1,NaN,"PIKA-056 2023-08-09 12:46 Airy Peralta","Only one pellet over fresh urine","{c3f1a75d-1f7c-4d18-ac73-324690a2cbc5}"
"NWT","2023-08-09","PIKA-056","12:56",3,"13:02","FH",NaN,0.3,1,NaN,"PIKA-056 2023-08-09 12:46 Airy Peralta",NaN,"{c3f1a75d-1f7c-4d18-ac73-324690a2cbc5}"
"NWT","2023-08-09","PIKA-056","12:56",4,"13:03","PS",6,0.3,1,NaN,"PIKA-056 2023-08-09 12:46 Airy Peralta",NaN,"{c3f1a75d-1f7c-4d18-ac73-324690a2cbc5}"
"NWT","2023-08-09","PIKA-056","12:56",5,"13:07","FS",NaN,0.4,0.5,4,"PIKA-056 2023-08-09 12:46 Airy Peralta",NaN,"{c3f1a75d-1f7c-4d18-ac73-324690a2cbc5}"
"NWT","2023-08-09","PIKA-056","12:56",6,"13:12","PS",1,0.4,0.75,NaN,"PIKA-056 2023-08-09 12:46 Airy Peralta",NaN,"{c3f1a75d-1f7c-4d18-ac73-324690a2cbc5}"
"NWT","2023-08-10","PIKA-019","10:57",1,"10:59","FS",NaN,0.3,0.5,NaN,"PIKA-019 2023-08-10 10:52 Van Baronofsky",NaN,"{d014a15c-f08c-435a-85e2-5e07e254cea0}"
"NWT","2023-08-10","PIKA-019","10:57",2,"11:00","FS",NaN,0.3,1.3,NaN,"PIKA-019 2023-08-10 10:52 Van Baronofsky","Fresh urine as well","{d014a15c-f08c-435a-85e2-5e07e254cea0}"
"NWT","2023-08-10","PIKA-019","10:57",3,"11:04","FH",NaN,0.4,1,NaN,"PIKA-019 2023-08-10 10:52 Van Baronofsky",NaN,"{d014a15c-f08c-435a-85e2-5e07e254cea0}"
"NWT","2023-08-10","PIKA-019","10:57",4,"11:06","FH",NaN,0.4,1.5,NaN,"PIKA-019 2023-08-10 10:52 Van Baronofsky","Right next to another fresh haypile that i surveryed","{d014a15c-f08c-435a-85e2-5e07e254cea0}"
"NWT","2023-08-10","PIKA-019","10:57",5,"11:09","FS",NaN,0.25,0.2,NaN,"PIKA-019 2023-08-10 10:52 Van Baronofsky",NaN,"{d014a15c-f08c-435a-85e2-5e07e254cea0}"
"NWT","2023-08-10","PIKA-019","10:57",6,"11:11","OS",NaN,0.3,0.5,NaN,"PIKA-019 2023-08-10 10:52 Van Baronofsky",NaN,"{d014a15c-f08c-435a-85e2-5e07e254cea0}"
"NWT","2023-08-10","PIKA-002","09:45",1,"09:46","OH",NaN,1,3,NaN,"PIKA-002 2023-08-10 09:39 Matthew Schmidt",NaN,"{344d272b-e8d2-42f1-90b7-f4f0d21766a1}"
"NWT","2023-08-10","PIKA-002","09:45",2,"09:48","OS",NaN,1,3,NaN,"PIKA-002 2023-08-10 09:39 Matthew Schmidt",NaN,"{344d272b-e8d2-42f1-90b7-f4f0d21766a1}"
"NWT","2023-08-10","PIKA-002","09:45",3,"09:50","PC",12,1,2,NaN,"PIKA-002 2023-08-10 09:39 Matthew Schmidt",NaN,"{344d272b-e8d2-42f1-90b7-f4f0d21766a1}"
"NWT","2023-08-10","PIKA-002","09:45",4,"09:55","OH",NaN,1.5,3,NaN,"PIKA-002 2023-08-10 09:39 Matthew Schmidt",NaN,"{344d272b-e8d2-42f1-90b7-f4f0d21766a1}"
"NWT","2023-08-10","PIKA-002","09:45",5,"09:56","FS",NaN,1,2,3,"PIKA-002 2023-08-10 09:39 Matthew Schmidt",NaN,"{344d272b-e8d2-42f1-90b7-f4f0d21766a1}"
"NWT","2023-08-10","PIKA-002","09:45",6,"10:02","FS",NaN,1,3,NaN,"PIKA-002 2023-08-10 09:39 Matthew Schmidt","Already collected pellets","{344d272b-e8d2-42f1-90b7-f4f0d21766a1}"
"NWT","2023-08-10","PIKA-009","10:43",1,"10:43","FH",NaN,1,1,NaN,"PIKA-009 2023-08-10 10:32 Matthew Schmidt","10-15 stalks of forbs","{746ec09e-0994-48fa-94a7-5da1510a28e5}"
"NWT","2023-08-10","PIKA-009","10:43",2,"10:52","PC",40,NaN,5,NaN,"PIKA-009 2023-08-10 10:32 Matthew Schmidt",NaN,"{746ec09e-0994-48fa-94a7-5da1510a28e5}"
"NWT","2023-08-10","PIKA-085","11:57",1,"11:57","FH",NaN,0.5,1,NaN,"PIKA-085 2023-08-10 11:51 Matthew Schmidt",NaN,"{035be80e-6c46-4292-8fe1-293341c72b52}"
"NWT","2023-08-10","PIKA-085","11:57",2,"11:58","FH",NaN,1,5,NaN,"PIKA-085 2023-08-10 11:51 Matthew Schmidt",NaN,"{035be80e-6c46-4292-8fe1-293341c72b52}"
"NWT","2023-08-10","PIKA-085","11:57",3,"12:00","OS",NaN,0.5,1,NaN,"PIKA-085 2023-08-10 11:51 Matthew Schmidt",NaN,"{035be80e-6c46-4292-8fe1-293341c72b52}"
"NWT","2023-08-10","PIKA-085","11:57",4,"12:01","FS",NaN,0.5,1,NaN,"PIKA-085 2023-08-10 11:51 Matthew Schmidt","None collected - only two pellets present","{035be80e-6c46-4292-8fe1-293341c72b52}"
"NWT","2023-08-10","PIKA-085","11:57",5,"12:06","PS",25,NaN,1.5,NaN,"PIKA-085 2023-08-10 11:51 Matthew Schmidt",NaN,"{035be80e-6c46-4292-8fe1-293341c72b52}"
"NWT","2023-08-10","PIKA-085","11:57",6,"12:12","FS",NaN,0.5,1,NaN,"PIKA-085 2023-08-10 11:51 Matthew Schmidt","Two pellets - not collected","{035be80e-6c46-4292-8fe1-293341c72b52}"
"NWT","2023-08-10","PIKA-085","11:57",7,"12:14","OS",NaN,0.5,1.5,NaN,"PIKA-085 2023-08-10 11:51 Matthew Schmidt",NaN,"{035be80e-6c46-4292-8fe1-293341c72b52}"
"NWT","2023-08-10","PIKA-085","11:57",8,"12:14","OH",NaN,0.5,1.5,NaN,"PIKA-085 2023-08-10 11:51 Matthew Schmidt",NaN,"{035be80e-6c46-4292-8fe1-293341c72b52}"
"NWT","2023-08-10","PIKA-002","09:43",1,"09:49","OH",NaN,1,2,NaN,"PIKA-002 2023-08-10 09:38 Benjamin Woods",NaN,"{620de40e-cd86-4f9e-a895-3154cb50e9dd}"
"NWT","2023-08-10","PIKA-002","09:43",2,"09:50","OH",NaN,1,2,NaN,"PIKA-002 2023-08-10 09:38 Benjamin Woods",NaN,"{620de40e-cd86-4f9e-a895-3154cb50e9dd}"
"NWT","2023-08-10","PIKA-002","09:43",3,"09:51","OS",NaN,0.5,2,NaN,"PIKA-002 2023-08-10 09:38 Benjamin Woods",NaN,"{620de40e-cd86-4f9e-a895-3154cb50e9dd}"
"NWT","2023-08-10","PIKA-002","09:43",4,"09:54","OS",NaN,1,1.5,NaN,"PIKA-002 2023-08-10 09:38 Benjamin Woods",NaN,"{620de40e-cd86-4f9e-a895-3154cb50e9dd}"
"NWT","2023-08-10","PIKA-002","09:43",5,"09:57","FS",NaN,1,2,3,"PIKA-002 2023-08-10 09:38 Benjamin Woods",NaN,"{620de40e-cd86-4f9e-a895-3154cb50e9dd}"
"NWT","2023-08-10","PIKA-002","09:43",6,"09:58","PS",20,0.5,1,NaN,"PIKA-002 2023-08-10 09:38 Benjamin Woods",NaN,"{620de40e-cd86-4f9e-a895-3154cb50e9dd}"
"NWT","2023-08-10","PIKA-002","09:43",7,"09:59","FS",NaN,1,2,NaN,"PIKA-002 2023-08-10 09:38 Benjamin Woods","only 1 pellet. not collected","{620de40e-cd86-4f9e-a895-3154cb50e9dd}"
"NWT","2023-08-10","PIKA-002","09:43",8,"10:02","OH",NaN,1,2,NaN,"PIKA-002 2023-08-10 09:38 Benjamin Woods",NaN,"{620de40e-cd86-4f9e-a895-3154cb50e9dd}"
"NWT","2023-08-10","PIKA-011","10:13",1,"10:17","PC",15,0.5,1,NaN,"PIKA-011 2023-08-10 10:05 Michael Hoffert",NaN,"{8160550a-d196-4216-a81d-56ed8f781008}"
"NWT","2023-08-10","PIKA-011","10:13",2,"10:23","OS",NaN,0.5,1,NaN,"PIKA-011 2023-08-10 10:05 Michael Hoffert","On talus above flowing water","{8160550a-d196-4216-a81d-56ed8f781008}"
"NWT","2023-08-10","PIKA-011","10:13",3,"10:25","OH",NaN,0.5,1,NaN,"PIKA-011 2023-08-10 10:05 Michael Hoffert",NaN,"{8160550a-d196-4216-a81d-56ed8f781008}"
"NWT","2023-08-10","PIKA-011","10:13",4,"10:26","OH",NaN,0.5,0.5,NaN,"PIKA-011 2023-08-10 10:05 Michael Hoffert","Includes scat, running water nearby","{8160550a-d196-4216-a81d-56ed8f781008}"
"NWT","2023-08-10","PIKA-011","10:13",5,"10:27","PC",50,1.5,2,NaN,"PIKA-011 2023-08-10 10:05 Michael Hoffert","Within 50m of lake shore","{8160550a-d196-4216-a81d-56ed8f781008}"
"NWT","2023-08-10","PIKA-075","11:11",1,"11:11","PS",12,0,0.5,NaN,"PIKA-075 2023-08-10 11:09 Michael Hoffert","Near bare ground","{af826d58-dc9a-45f2-a433-a5fa51eb19d3}"
"NWT","2023-08-10","PIKA-075","11:11",2,"11:20","PC",50,NaN,3,NaN,"PIKA-075 2023-08-10 11:09 Michael Hoffert","Near lakeshore","{af826d58-dc9a-45f2-a433-a5fa51eb19d3}"
"NWT","2023-08-10","PIKA-075","11:11",3,"11:21","PS",15,1,2,NaN,"PIKA-075 2023-08-10 11:09 Michael Hoffert","Down the slope","{af826d58-dc9a-45f2-a433-a5fa51eb19d3}"
"NWT","2023-08-10","PIKA-075","11:11",4,"11:23","OS",NaN,1,2,NaN,"PIKA-075 2023-08-10 11:09 Michael Hoffert",NaN,"{af826d58-dc9a-45f2-a433-a5fa51eb19d3}"
"NWT","2023-08-10","PIKA-075","11:11",5,"11:30","FS",NaN,1,2,7,"PIKA-075 2023-08-10 11:09 Michael Hoffert","No hay pile found","{af826d58-dc9a-45f2-a433-a5fa51eb19d3}"
"NWT","2023-08-10","PIKA-009","10:43",1,"10:43","FH",NaN,0.5,3,NaN,"PIKA-009 2023-08-10 10:31 Benjamin Woods",NaN,"{44d14517-b749-4e24-9aaf-93b19abc9365}"
"NWT","2023-08-10","PIKA-009","10:43",2,"10:47","PC",55,NaN,NaN,NaN,"PIKA-009 2023-08-10 10:31 Benjamin Woods",NaN,"{44d14517-b749-4e24-9aaf-93b19abc9365}"
"NWT","2023-08-10","PIKA-009","10:43",3,"10:50","PC",70,NaN,NaN,NaN,"PIKA-009 2023-08-10 10:31 Benjamin Woods",NaN,"{44d14517-b749-4e24-9aaf-93b19abc9365}"
"NWT","2023-08-10","PIKA-009","10:43",4,"10:53","PC",60,NaN,NaN,NaN,"PIKA-009 2023-08-10 10:31 Benjamin Woods",NaN,"{44d14517-b749-4e24-9aaf-93b19abc9365}"
"NWT","2023-08-10","PIKA-023","12:22",1,"12:22","PS",12,1,1,NaN,"PIKA-023 2023-08-10 12:19 Michael Hoffert",NaN,"{1fad0aa2-aa30-471f-bd32-d70f2ce52247}"
"NWT","2023-08-10","PIKA-023","12:22",2,"12:26","FH",NaN,1,1,NaN,"PIKA-023 2023-08-10 12:19 Michael Hoffert",NaN,"{1fad0aa2-aa30-471f-bd32-d70f2ce52247}"
"NWT","2023-08-10","PIKA-023","12:22",3,"12:27","PC",25,1.5,2,NaN,"PIKA-023 2023-08-10 12:19 Michael Hoffert",NaN,"{1fad0aa2-aa30-471f-bd32-d70f2ce52247}"
"NWT","2023-08-10","PIKA-023","12:22",4,"12:32","OS",NaN,1.5,4,NaN,"PIKA-023 2023-08-10 12:19 Michael Hoffert",NaN,"{1fad0aa2-aa30-471f-bd32-d70f2ce52247}"
"NWT","2023-08-10","PIKA-007","09:51",1,"09:52","PC",40,NaN,NaN,NaN,"PIKA-007 2023-08-10 09:46 Airy Peralta","Sounds like in the next talus patch behind the tree","{dc5de0ed-8215-424c-b2fc-5c9c3bca639f}"
"NWT","2023-08-10","PIKA-007","09:51",2,"09:57","FS",NaN,1,1.5,NaN,"PIKA-007 2023-08-10 09:46 Airy Peralta","Not enough for collection; only two","{dc5de0ed-8215-424c-b2fc-5c9c3bca639f}"
"NWT","2023-08-10","PIKA-007","09:51",3,"10:10","PS",8,0.7,1.5,NaN,"PIKA-007 2023-08-10 09:46 Airy Peralta",NaN,"{dc5de0ed-8215-424c-b2fc-5c9c3bca639f}"
"NWT","2023-08-10","PIKA-144","11:10",1,"11:19","PC",25,NaN,0.75,NaN,"PIKA-144 2023-08-10 11:05 Airy Peralta","Next door patch has bigger rocks than the one being surveyed","{acbdad26-866e-4de0-b8bc-60c69485d506}"
"NWT","2023-08-10","PIKA-071","12:22",1,"12:33","OH",NaN,1,3.5,NaN,"PIKA-071 2023-08-10 12:17 Airy Peralta",NaN,"{baa1c8b2-52b9-491c-9d75-aa6ed15142bb}"
"NWT","2023-08-10","PIKA-071","12:22",2,"12:34","OS",NaN,1,3.5,NaN,"PIKA-071 2023-08-10 12:17 Airy Peralta",NaN,"{baa1c8b2-52b9-491c-9d75-aa6ed15142bb}"
"NWT","2023-08-07","PIKA-068","14:28",1,"14:30","PC",50,NaN,NaN,NaN,"PIKA-068 2023-08-07 14:22 Airy Peralta","Downslope","{150cccb6-998b-482a-994e-d94166d49042}"
"NWT","2023-08-07","PIKA-068","14:28",2,"14:40","PS",13,NaN,0.5,NaN,"PIKA-068 2023-08-07 14:22 Airy Peralta","Coming from downslope","{150cccb6-998b-482a-994e-d94166d49042}"
"NWT","2023-08-07","PIKA-068","14:28",3,"14:43","OS",NaN,1,1.5,NaN,"PIKA-068 2023-08-07 14:22 Airy Peralta",NaN,"{150cccb6-998b-482a-994e-d94166d49042}"
"NWT","2023-08-10","PIKA-059","09:12",1,"09:13","FS",NaN,0.5,1,4,"PIKA-059 2023-08-10 09:07 Ashley Parkhurst",NaN,"{453c58fa-5080-418a-a4a5-5e24756fa16f}"
"NWT","2023-08-10","PIKA-059","09:12",2,"09:17","PC",10,0.5,1,NaN,"PIKA-059 2023-08-10 09:07 Ashley Parkhurst",NaN,"{453c58fa-5080-418a-a4a5-5e24756fa16f}"
"NWT","2023-08-10","PIKA-059","09:12",3,"09:17","OH",NaN,0.25,1,NaN,"PIKA-059 2023-08-10 09:07 Ashley Parkhurst",NaN,"{453c58fa-5080-418a-a4a5-5e24756fa16f}"
"NWT","2023-08-10","PIKA-059","09:12",4,"09:18","OS",NaN,0.2,1,NaN,"PIKA-059 2023-08-10 09:07 Ashley Parkhurst","Old haypile present","{453c58fa-5080-418a-a4a5-5e24756fa16f}"
"NWT","2023-08-10","PIKA-059","09:12",5,"09:19","FS",NaN,0.4,0.75,NaN,"PIKA-059 2023-08-10 09:07 Ashley Parkhurst","Didn’t sample because already sampled and only 2 pellets present","{453c58fa-5080-418a-a4a5-5e24756fa16f}"
"NWT","2023-08-10","PIKA-059","09:12",6,"09:21","FS",NaN,0.25,0.5,NaN,"PIKA-059 2023-08-10 09:07 Ashley Parkhurst",NaN,"{453c58fa-5080-418a-a4a5-5e24756fa16f}"
"NWT","2023-08-10","PIKA-059","09:12",7,"09:22","FH",NaN,0.5,1,NaN,"PIKA-059 2023-08-10 09:07 Ashley Parkhurst","Also fresh poop present","{453c58fa-5080-418a-a4a5-5e24756fa16f}"
"NWT","2023-08-10","PIKA-059","09:12",8,"09:24","FS",NaN,0.8,0.6,NaN,"PIKA-059 2023-08-10 09:07 Ashley Parkhurst","Fresh and old poop, didn’t collect because already collected ","{453c58fa-5080-418a-a4a5-5e24756fa16f}"
"NWT","2023-08-10","PIKA-059","09:12",9,"09:26","FH",NaN,0.5,1,NaN,"PIKA-059 2023-08-10 09:07 Ashley Parkhurst","Fresh scat present","{453c58fa-5080-418a-a4a5-5e24756fa16f}"
"NWT","2023-08-10","PIKA-059","09:12",10,"09:27","FH",NaN,0.5,1,NaN,"PIKA-059 2023-08-10 09:07 Ashley Parkhurst","Lots of fresh pee around","{453c58fa-5080-418a-a4a5-5e24756fa16f}"
"NWT","2023-08-10","PIKA-019","10:50",1,"10:54","FH",NaN,1,0.75,NaN,"PIKA-019 2023-08-10 10:45 Ashley Parkhurst",NaN,"{363517cf-6735-4513-b58a-7a4a9fa946df}"
"NWT","2023-08-10","PIKA-019","10:50",2,"10:56","FS",NaN,0.5,1.5,9,"PIKA-019 2023-08-10 10:45 Ashley Parkhurst","Lots of fresh and old scat around","{363517cf-6735-4513-b58a-7a4a9fa946df}"
"NWT","2023-08-10","PIKA-019","10:50",3,"10:59","FH",NaN,0.25,0.75,NaN,"PIKA-019 2023-08-10 10:45 Ashley Parkhurst",NaN,"{363517cf-6735-4513-b58a-7a4a9fa946df}"
"NWT","2023-08-10","PIKA-019","10:50",4,"10:59","FS",NaN,0.25,1.5,NaN,"PIKA-019 2023-08-10 10:45 Ashley Parkhurst","Didn’t collect because already collected fresh scat at site","{363517cf-6735-4513-b58a-7a4a9fa946df}"
"NWT","2023-08-10","PIKA-019","10:50",5,"11:00","PC",10,0.1,2,NaN,"PIKA-019 2023-08-10 10:45 Ashley Parkhurst",NaN,"{363517cf-6735-4513-b58a-7a4a9fa946df}"
"NWT","2023-08-10","PIKA-019","10:50",6,"11:01","FS",NaN,0.1,2,NaN,"PIKA-019 2023-08-10 10:45 Ashley Parkhurst","Didn’t collect because already have scat sample from this site","{363517cf-6735-4513-b58a-7a4a9fa946df}"
"NWT","2023-08-10","PIKA-019","10:50",7,"11:03","PS",15,0.5,1.5,NaN,"PIKA-019 2023-08-10 10:45 Ashley Parkhurst",NaN,"{363517cf-6735-4513-b58a-7a4a9fa946df}"
"NWT","2023-08-10","PIKA-019","10:50",8,"11:04","OS",NaN,0.25,0.5,NaN,"PIKA-019 2023-08-10 10:45 Ashley Parkhurst",NaN,"{363517cf-6735-4513-b58a-7a4a9fa946df}"
"NWT","2023-08-10","PIKA-019","10:50",9,"11:05","OS",NaN,0.25,0.75,NaN,"PIKA-019 2023-08-10 10:45 Ashley Parkhurst",NaN,"{363517cf-6735-4513-b58a-7a4a9fa946df}"
"NWT","2023-08-10","PIKA-019","10:50",10,"11:07","OH",NaN,0.5,2,NaN,"PIKA-019 2023-08-10 10:45 Ashley Parkhurst",NaN,"{363517cf-6735-4513-b58a-7a4a9fa946df}"
"NWT","2023-08-10","PIKA-151","12:12",1,"12:16","OS",NaN,0.75,1.5,NaN,"PIKA-151 2023-08-10 12:08 Ashley Parkhurst",NaN,"{0613f871-9677-49fe-aa7c-3b0b704d6fdf}"
"NWT","2023-08-10","PIKA-151","12:12",2,"12:17","OS",NaN,0.7,2,NaN,"PIKA-151 2023-08-10 12:08 Ashley Parkhurst",NaN,"{0613f871-9677-49fe-aa7c-3b0b704d6fdf}"
"NWT","2024-08-13","PIKA-002","09:42",1,"09:46","PC",8,1,2.5,NaN,"PIKA-002 2024-08-13 09:34 Rachel Billings","Many calls","{41468eff-2a54-40d7-8b9f-cfdd81471ff5}"
"NWT","2024-08-13","PIKA-002","09:42",2,"09:47","FH",NaN,0.25,3,NaN,"PIKA-002 2024-08-13 09:34 Rachel Billings","","{41468eff-2a54-40d7-8b9f-cfdd81471ff5}"
"NWT","2024-08-13","PIKA-002","09:42",3,"09:48","FS",NaN,0.5,3,NaN,"PIKA-002 2024-08-13 09:34 Rachel Billings","","{41468eff-2a54-40d7-8b9f-cfdd81471ff5}"
"NWT","2024-08-13","PIKA-002","09:42",4,"09:48","PS",10,0.5,2,NaN,"PIKA-002 2024-08-13 09:34 Rachel Billings","","{41468eff-2a54-40d7-8b9f-cfdd81471ff5}"
"NWT","2024-08-13","PIKA-002","09:42",5,"09:53","FS",NaN,1,2,3,"PIKA-002 2024-08-13 09:34 Rachel Billings","","{41468eff-2a54-40d7-8b9f-cfdd81471ff5}"
"NWT","2024-08-13","PIKA-002","09:42",6,"09:53","OH",NaN,1,2,NaN,"PIKA-002 2024-08-13 09:34 Rachel Billings","","{41468eff-2a54-40d7-8b9f-cfdd81471ff5}"
"NWT","2024-08-13","PIKA-002","09:42",7,"10:00","FS",NaN,0.5,4,12,"PIKA-002 2024-08-13 09:34 Rachel Billings","","{41468eff-2a54-40d7-8b9f-cfdd81471ff5}"
"NWT","2024-08-13","PIKA-002","09:42",8,"10:02","FS",NaN,1,2.5,14,"PIKA-002 2024-08-13 09:34 Rachel Billings","","{41468eff-2a54-40d7-8b9f-cfdd81471ff5}"
"NWT","2024-08-05","PIKA-003","12:26",1,"12:28","OH",NaN,0.2,1.5,NaN,"PIKA-003 2024-08-05 11:29 Kelsey Beyerly","","{ab0de4d5-d311-46e4-9431-9e901496fe9a}"
"NWT","2024-08-12","PIKA-004","11:31",1,"11:35","OS",NaN,0.7,1.5,NaN,"PIKA-004 2024-08-12 11:19 Airy Peralta","Very old scat","{01a26ae7-97cb-4711-b938-709a3704fc01}"
"NWT","2024-08-12","PIKA-004","11:31",2,"11:39","OS",NaN,0.7,2,NaN,"PIKA-004 2024-08-12 11:19 Airy Peralta","","{01a26ae7-97cb-4711-b938-709a3704fc01}"
"NWT","2024-08-12","PIKA-004","11:31",3,"11:40","FS",NaN,0.7,2,1,"PIKA-004 2024-08-12 11:19 Airy Peralta","","{01a26ae7-97cb-4711-b938-709a3704fc01}"
"NWT","2024-08-12","PIKA-004","11:31",4,"11:50","FH",NaN,0.7,2,NaN,"PIKA-004 2024-08-12 11:19 Airy Peralta","Fresh cuts; talus has a tunel that goes dipper","{01a26ae7-97cb-4711-b938-709a3704fc01}"
"NWT","2024-08-06","PIKA-005","14:22",1,"14:23","OH",NaN,0.5,6,NaN,"PIKA-005 2024-08-06 14:07 Max Van Lanen","","{db4a03c5-48bd-43c4-9a42-ac781ebd9c15}"
"NWT","2024-08-06","PIKA-005","14:22",2,"14:23","FS",NaN,0.5,6,5,"PIKA-005 2024-08-06 14:07 Max Van Lanen","","{db4a03c5-48bd-43c4-9a42-ac781ebd9c15}"
"NWT","2024-08-20","PIKA-006","13:11",1,"13:23","PC",20,0.25,1,NaN,"PIKA-006 2024-08-20 13:04 Rachel Billings","","{58446cae-038f-4e09-9e1a-6f2896a6f12d}"
"NWT","2024-08-08","PIKA-007","14:32",1,"14:46","FS",NaN,1,2,2,"PIKA-007 2024-08-08 14:25 Rachel Billings","","{819b43bd-e357-4cbe-b3a1-31e3378262c0}"
"NWT","2024-08-07","PIKA-008","12:13",1,"12:17","OH",NaN,2,5,NaN,"PIKA-008 2024-08-07 12:06 Rachel Billings","","{26b761ee-25c4-4494-8f5b-99085cb5d68c}"
"NWT","2024-08-07","PIKA-008","12:13",2,"12:18","PC",12,2.5,6,NaN,"PIKA-008 2024-08-07 12:06 Rachel Billings","Several calls, sounded like juvenile","{26b761ee-25c4-4494-8f5b-99085cb5d68c}"
"NWT","2024-08-07","PIKA-008","12:13",3,"12:28","PC",35,NaN,3,NaN,"PIKA-008 2024-08-07 12:06 Rachel Billings","","{26b761ee-25c4-4494-8f5b-99085cb5d68c}"
"NWT","2024-08-07","PIKA-008","12:57",1,"12:59","PC",30,2,3,NaN,"PIKA-008 2024-08-07 12:51 Rachel Billings","Lots of white markings on rocks,no pellets","{a0692201-83b6-4e44-8218-b98115db395e}"
"NWT","2024-08-07","PIKA-008","12:57",2,"13:06","FS",NaN,1,2.5,NaN,"PIKA-008 2024-08-07 12:51 Rachel Billings","","{a0692201-83b6-4e44-8218-b98115db395e}"
"NWT","2024-08-07","PIKA-008","12:57",3,"13:12","FS",NaN,1,1.5,NaN,"PIKA-008 2024-08-07 12:51 Rachel Billings","","{a0692201-83b6-4e44-8218-b98115db395e}"
"NWT","2024-08-07","PIKA-008","12:57",5,"13:12","PC",10,NaN,NaN,NaN,"PIKA-008 2024-08-07 12:51 Rachel Billings","","{a0692201-83b6-4e44-8218-b98115db395e}"
"NWT","2024-08-07","PIKA-008","12:57",4,"13:15","FH",NaN,1,2,NaN,"PIKA-008 2024-08-07 12:51 Rachel Billings","","{a0692201-83b6-4e44-8218-b98115db395e}"
"NWT","2024-08-13","PIKA-009","11:45",1,"11:55","OH",NaN,0.5,3,NaN,"PIKA-009 2024-08-13 11:38 Rachel Billings","","{de20f5de-ac38-4343-a387-36e6630c83ba}"
"NWT","2024-08-20","PIKA-010","15:12",1,"15:18","OH",NaN,0.36,5,NaN,"PIKA-010 2024-08-20 15:06 Rachel Billings","","{dd66dd5b-262d-4a4e-a30e-fccd643a97b2}"
"NWT","2024-08-20","PIKA-010","15:12",2,"15:18","PC",10,0.33,5,NaN,"PIKA-010 2024-08-20 15:06 Rachel Billings","","{dd66dd5b-262d-4a4e-a30e-fccd643a97b2}"
"NWT","2024-08-20","PIKA-010","15:12",3,"15:22","FS",NaN,0.33,1,3,"PIKA-010 2024-08-20 15:06 Rachel Billings","","{dd66dd5b-262d-4a4e-a30e-fccd643a97b2}"
"NWT","2024-08-20","PIKA-010","15:12",4,"15:27","FH",NaN,0.3,1,NaN,"PIKA-010 2024-08-20 15:06 Rachel Billings","","{dd66dd5b-262d-4a4e-a30e-fccd643a97b2}"
"NWT","2024-08-20","PIKA-010","15:12",5,"15:27","PS",5,0.5,1,NaN,"PIKA-010 2024-08-20 15:06 Rachel Billings","2 pikas","{dd66dd5b-262d-4a4e-a30e-fccd643a97b2}"
"NWT","2024-08-20","PIKA-010","15:12",6,"15:30","FH",NaN,0.25,3,NaN,"PIKA-010 2024-08-20 15:06 Rachel Billings","","{dd66dd5b-262d-4a4e-a30e-fccd643a97b2}"
"NWT","2024-08-08","PIKA-011","12:32",1,"12:34","OH",NaN,1,2.5,NaN,"PIKA-011 2024-08-08 12:23 Rachel Billings","","{2dc8fb3e-df4c-4664-95ba-39558e127c7e}"
"NWT","2024-08-08","PIKA-011","12:32",2,"12:36","PC",30,NaN,NaN,NaN,"PIKA-011 2024-08-08 12:23 Rachel Billings","","{2dc8fb3e-df4c-4664-95ba-39558e127c7e}"
"NWT","2024-08-08","PIKA-011","12:32",3,"12:37","OS",NaN,0.2,3,NaN,"PIKA-011 2024-08-08 12:23 Rachel Billings","","{2dc8fb3e-df4c-4664-95ba-39558e127c7e}"
"NWT","2024-08-08","PIKA-011","12:32",4,"12:39","PC",8,1.5,9,NaN,"PIKA-011 2024-08-08 12:23 Rachel Billings","Several calls","{2dc8fb3e-df4c-4664-95ba-39558e127c7e}"
"NWT","2024-08-08","PIKA-011","12:32",5,"12:40","FS",NaN,1.5,4,NaN,"PIKA-011 2024-08-08 12:23 Rachel Billings","Caecal feces","{2dc8fb3e-df4c-4664-95ba-39558e127c7e}"
"NWT","2024-08-08","PIKA-011","12:32",6,"12:43","FS",NaN,1.5,3,8,"PIKA-011 2024-08-08 12:23 Rachel Billings","","{2dc8fb3e-df4c-4664-95ba-39558e127c7e}"
"NWT","2024-08-05","PIKA-014","10:33",1,"10:48","FS",NaN,0.5,0.5,NaN,"PIKA-014 2024-08-05 10:25 Max Van Lanen","","{f10c20f0-b6ca-45a2-b2c0-759482f2be7f}"
"NWT","2024-08-07","PIKA-015","09:22",1,"09:38","OH",NaN,1,2.5,NaN,"PIKA-015 2024-08-07 09:14 Max Van Lanen","","{39428836-d94d-455b-9584-836ce3ad9a0a}"
"NWT","2024-08-07","PIKA-015","09:50",1,"10:03","OH",NaN,1,3,NaN,"PIKA-015 2024-08-07 09:44 Max Van Lanen","","{eaee3657-63b3-41a3-817a-b0524829f6ca}"
"NWT","2024-08-07","PIKA-016","13:55",1,"14:01","OH",NaN,0.3,2,NaN,"PIKA-016 2024-08-07 13:50 Max Van Lanen","","{87ce9928-ffe2-41b2-9900-3386254e520e}"
"NWT","2024-08-07","PIKA-016","13:55",2,"14:04","OH",NaN,0.2,1,NaN,"PIKA-016 2024-08-07 13:50 Max Van Lanen","","{87ce9928-ffe2-41b2-9900-3386254e520e}"
"NWT","2024-08-07","PIKA-016","13:55",3,"14:06","OH",NaN,0.3,1.5,NaN,"PIKA-016 2024-08-07 13:50 Max Van Lanen","","{87ce9928-ffe2-41b2-9900-3386254e520e}"
"NWT","2024-08-14","PIKA-017","11:06",1,"11:08","FH",NaN,0.75,1,NaN,"PIKA-017 2024-08-14 10:46 Kelsey Beyerly","","{ed48be9b-2324-49be-abe2-1c1aad6c62ee}"
"NWT","2024-08-14","PIKA-017","11:06",2,"11:09","FH",NaN,1,1,NaN,"PIKA-017 2024-08-14 10:46 Kelsey Beyerly","","{ed48be9b-2324-49be-abe2-1c1aad6c62ee}"
"NWT","2024-08-14","PIKA-017","11:06",3,"11:10","FH",NaN,0.5,3,NaN,"PIKA-017 2024-08-14 10:46 Kelsey Beyerly","","{ed48be9b-2324-49be-abe2-1c1aad6c62ee}"
"NWT","2024-08-14","PIKA-017","11:06",4,"11:14","OH",NaN,0.5,3.5,NaN,"PIKA-017 2024-08-14 10:46 Kelsey Beyerly","","{ed48be9b-2324-49be-abe2-1c1aad6c62ee}"
"NWT","2024-08-14","PIKA-017","11:06",5,"11:14","PC",15,NaN,NaN,NaN,"PIKA-017 2024-08-14 10:46 Kelsey Beyerly","","{ed48be9b-2324-49be-abe2-1c1aad6c62ee}"
"NWT","2024-08-14","PIKA-017","11:06",6,"11:16","PC",10,NaN,NaN,NaN,"PIKA-017 2024-08-14 10:46 Kelsey Beyerly","","{ed48be9b-2324-49be-abe2-1c1aad6c62ee}"
"NWT","2024-08-14","PIKA-017","11:06",7,"11:17","OH",NaN,0.3,4,NaN,"PIKA-017 2024-08-14 10:46 Kelsey Beyerly","","{ed48be9b-2324-49be-abe2-1c1aad6c62ee}"
"NWT","2024-08-14","PIKA-017","11:06",8,"11:24","PS",12,0.5,1,NaN,"PIKA-017 2024-08-14 10:46 Kelsey Beyerly","","{ed48be9b-2324-49be-abe2-1c1aad6c62ee}"
"NWT","2024-08-14","PIKA-017","11:06",9,"11:25","OH",NaN,1,1.5,NaN,"PIKA-017 2024-08-14 10:46 Kelsey Beyerly","","{ed48be9b-2324-49be-abe2-1c1aad6c62ee}"
"NWT","2024-08-14","PIKA-017","11:42",1,"11:46","OH",NaN,0.5,1,NaN,"PIKA-017 2024-08-14 11:30 Kelsey Beyerly","","{69bdaa30-94fa-4aab-a5d8-1be9c4de3263}"
"NWT","2024-08-14","PIKA-017","11:42",2,"11:46","FH",NaN,0.3,2,NaN,"PIKA-017 2024-08-14 11:30 Kelsey Beyerly","","{69bdaa30-94fa-4aab-a5d8-1be9c4de3263}"
"NWT","2024-08-14","PIKA-017","11:42",3,"11:49","OH",NaN,0.5,4,NaN,"PIKA-017 2024-08-14 11:30 Kelsey Beyerly","","{69bdaa30-94fa-4aab-a5d8-1be9c4de3263}"
"NWT","2024-08-14","PIKA-017","11:42",4,"11:49","PC",15,NaN,NaN,NaN,"PIKA-017 2024-08-14 11:30 Kelsey Beyerly","","{69bdaa30-94fa-4aab-a5d8-1be9c4de3263}"
"NWT","2024-08-14","PIKA-017","11:42",5,"11:51","FH",NaN,1,2,NaN,"PIKA-017 2024-08-14 11:30 Kelsey Beyerly","","{69bdaa30-94fa-4aab-a5d8-1be9c4de3263}"
"NWT","2024-08-14","PIKA-017","11:42",6,"11:52","FH",NaN,1,2,NaN,"PIKA-017 2024-08-14 11:30 Kelsey Beyerly","","{69bdaa30-94fa-4aab-a5d8-1be9c4de3263}"
"NWT","2024-08-14","PIKA-017","11:42",7,"11:58","PC",15,1,2.5,NaN,"PIKA-017 2024-08-14 11:30 Kelsey Beyerly","","{69bdaa30-94fa-4aab-a5d8-1be9c4de3263}"
"NWT","2024-08-08","PIKA-019","10:18",1,"10:20","PS",12,0.3,0.5,NaN,"PIKA-019 2024-08-08 10:11 Max Van Lanen","","{2b36ccaa-c14e-4aee-8a54-f4e12b94adc6}"
"NWT","2024-08-08","PIKA-019","10:18",2,"10:23","PS",12,0.3,1,NaN,"PIKA-019 2024-08-08 10:11 Max Van Lanen","","{2b36ccaa-c14e-4aee-8a54-f4e12b94adc6}"
"NWT","2024-08-08","PIKA-019","10:18",3,"10:27","FH",NaN,0.5,1.5,NaN,"PIKA-019 2024-08-08 10:11 Max Van Lanen","","{2b36ccaa-c14e-4aee-8a54-f4e12b94adc6}"
"NWT","2024-08-08","PIKA-019","10:18",4,"10:27","PC",10,0.3,1,NaN,"PIKA-019 2024-08-08 10:11 Max Van Lanen","","{2b36ccaa-c14e-4aee-8a54-f4e12b94adc6}"
"NWT","2024-08-08","PIKA-019","10:18",5,"10:30","FH",NaN,0.2,1,NaN,"PIKA-019 2024-08-08 10:11 Max Van Lanen","","{2b36ccaa-c14e-4aee-8a54-f4e12b94adc6}"
"NWT","2024-08-08","PIKA-019","10:18",6,"10:32","FS",NaN,0.3,1,20,"PIKA-019 2024-08-08 10:11 Max Van Lanen","","{2b36ccaa-c14e-4aee-8a54-f4e12b94adc6}"
"NWT","2024-08-08","PIKA-019","10:18",7,"10:38","PC",7,0.2,0.7,NaN,"PIKA-019 2024-08-08 10:11 Max Van Lanen","","{2b36ccaa-c14e-4aee-8a54-f4e12b94adc6}"
"NWT","2024-08-08","PIKA-019","10:18",8,"10:43","FS",NaN,0.5,1.5,4,"PIKA-019 2024-08-08 10:11 Max Van Lanen","","{2b36ccaa-c14e-4aee-8a54-f4e12b94adc6}"
"NWT","2024-08-06","PIKA-022","13:11",1,"13:26","PC",20,1.5,NaN,NaN,"PIKA-022 2024-08-06 13:02 Rachel Billings","","{40ee274e-dc30-4fec-b8d4-85e3b5f40620}"
"NWT","2024-08-08","PIKA-023","10:14",1,"10:14","PC",20,NaN,NaN,NaN,"PIKA-023 2024-08-08 10:04 Rachel Billings","Many calls surrounding plot","{d04e608c-89be-4915-bce0-727f371504bd}"
"NWT","2024-08-08","PIKA-023","10:14",2,"10:16","OH",NaN,1.5,6,NaN,"PIKA-023 2024-08-08 10:04 Rachel Billings","","{d04e608c-89be-4915-bce0-727f371504bd}"
"NWT","2024-08-08","PIKA-023","10:14",3,"10:17","OS",NaN,0.75,2.5,NaN,"PIKA-023 2024-08-08 10:04 Rachel Billings","","{d04e608c-89be-4915-bce0-727f371504bd}"
"NWT","2024-08-08","PIKA-023","10:14",4,"10:18","PS",40,NaN,NaN,NaN,"PIKA-023 2024-08-08 10:04 Rachel Billings","","{d04e608c-89be-4915-bce0-727f371504bd}"
"NWT","2024-08-08","PIKA-023","10:14",5,"10:30","FS",NaN,0.5,6,2,"PIKA-023 2024-08-08 10:04 Rachel Billings","","{d04e608c-89be-4915-bce0-727f371504bd}"
"NWT","2024-08-08","PIKA-023","10:14",6,"10:32","FH",NaN,1.5,6,NaN,"PIKA-023 2024-08-08 10:04 Rachel Billings","","{d04e608c-89be-4915-bce0-727f371504bd}"
"NWT","2024-08-05","PIKA-024","10:25",2,"10:33","OH",NaN,0.3,0.5,NaN,"PIKA-024 2024-08-05 10:12 Rachel Billings","","{10ce5166-189e-4d6c-9341-444e5522015f}"
"NWT","2024-08-05","PIKA-024","10:25",1,"10:44","OS",NaN,0.25,0.5,NaN,"PIKA-024 2024-08-05 10:12 Rachel Billings","","{10ce5166-189e-4d6c-9341-444e5522015f}"
"NWT","2024-08-05","PIKA-024","11:10",1,"11:30","OS",NaN,1,1,NaN,"PIKA-024 2024-08-05 11:07 Rachel Billings","Old pellets","{3bbe1efd-03fb-4d6a-8ad9-c19d6772ead3}"
"NWT","2024-08-14","PIKA-026","09:51",1,"09:52","FH",NaN,0.5,2,NaN,"PIKA-026 2024-08-14 09:37 Rachel Billings","","{6d0b7b30-7bc5-44f6-8e7c-495b53da9b80}"
"NWT","2024-08-14","PIKA-026","09:51",2,"09:53","PS",8,0.5,1.5,NaN,"PIKA-026 2024-08-14 09:37 Rachel Billings","","{6d0b7b30-7bc5-44f6-8e7c-495b53da9b80}"
"NWT","2024-08-14","PIKA-026","09:51",3,"09:56","OH",NaN,0.25,0.1,NaN,"PIKA-026 2024-08-14 09:37 Rachel Billings","","{6d0b7b30-7bc5-44f6-8e7c-495b53da9b80}"
"NWT","2024-08-14","PIKA-026","09:51",4,"09:59","PS",6,0.25,1.5,NaN,"PIKA-026 2024-08-14 09:37 Rachel Billings","Called once","{6d0b7b30-7bc5-44f6-8e7c-495b53da9b80}"
"NWT","2024-08-14","PIKA-026","09:51",5,"10:03","FH",NaN,0.5,2,NaN,"PIKA-026 2024-08-14 09:37 Rachel Billings","","{6d0b7b30-7bc5-44f6-8e7c-495b53da9b80}"
"NWT","2024-08-14","PIKA-026","09:51",6,"10:05","PS",30,NaN,2.5,NaN,"PIKA-026 2024-08-14 09:37 Rachel Billings","Pika upslope on ledge calling several times; recorded video","{6d0b7b30-7bc5-44f6-8e7c-495b53da9b80}"
"NWT","2024-08-14","PIKA-026","10:35",1,"10:39","FS",NaN,0.25,2,NaN,"PIKA-026 2024-08-14 10:26 Rachel Billings","","{895b8bed-7d08-4172-8ef3-861267cbd7b4}"
"NWT","2024-08-14","PIKA-026","10:35",2,"10:40","PC",30,NaN,NaN,NaN,"PIKA-026 2024-08-14 10:26 Rachel Billings","Appx 3 pikas calling to each other upslope","{895b8bed-7d08-4172-8ef3-861267cbd7b4}"
"NWT","2024-08-14","PIKA-026","10:35",3,"10:47","FS",NaN,0.1,3,NaN,"PIKA-026 2024-08-14 10:26 Rachel Billings","","{895b8bed-7d08-4172-8ef3-861267cbd7b4}"
"NWT","2024-08-20","PIKA-029","11:16",1,"11:20","FS",NaN,0.5,5,NaN,"PIKA-029 2024-08-20 11:08 Rachel Billings","","{ef0fa3b9-9011-49fb-bfcf-23926615cebb}"
"NWT","2024-08-20","PIKA-029","11:16",2,"11:26","FS",NaN,1,3,NaN,"PIKA-029 2024-08-20 11:08 Rachel Billings","","{ef0fa3b9-9011-49fb-bfcf-23926615cebb}"
"NWT","2024-08-20","PIKA-029","11:16",3,"11:31","OH",NaN,3,8,NaN,"PIKA-029 2024-08-20 11:08 Rachel Billings","","{ef0fa3b9-9011-49fb-bfcf-23926615cebb}"
"NWT","2024-08-20","PIKA-029","11:16",4,"11:31","OH",NaN,3,8,NaN,"PIKA-029 2024-08-20 11:08 Rachel Billings","","{ef0fa3b9-9011-49fb-bfcf-23926615cebb}"
"NWT","2024-08-20","PIKA-029","11:16",5,"11:32","PC",40,NaN,NaN,NaN,"PIKA-029 2024-08-20 11:08 Rachel Billings","Multiple calls from 2-3 pikas","{ef0fa3b9-9011-49fb-bfcf-23926615cebb}"
"NWT","2024-08-20","PIKA-029","11:56",3,"11:59","FS",NaN,0.5,3,NaN,"PIKA-029 2024-08-20 11:49 Rachel Billings","","{84f32bab-6665-483c-ac81-13a5746398a0}"
"NWT","2024-08-20","PIKA-029","11:56",1,"12:01","PC",15,1,2,NaN,"PIKA-029 2024-08-20 11:49 Rachel Billings","","{84f32bab-6665-483c-ac81-13a5746398a0}"
"NWT","2024-08-20","PIKA-029","11:56",2,"12:09","OS",NaN,1.5,4,NaN,"PIKA-029 2024-08-20 11:49 Rachel Billings","","{84f32bab-6665-483c-ac81-13a5746398a0}"
"NWT","2024-08-20","PIKA-029","11:56",4,"12:14","OS",NaN,2,8,NaN,"PIKA-029 2024-08-20 11:49 Rachel Billings","","{84f32bab-6665-483c-ac81-13a5746398a0}"
"NWT","2024-08-05","PIKA-030","13:36",2,"13:36","FH",NaN,0.25,0.5,NaN,"PIKA-030 2024-08-05 13:28 Rachel Billings","Multiple","{bf7b57d3-4220-48f8-99d4-6e9f0f7890a2}"
"NWT","2024-08-05","PIKA-030","13:36",1,"13:37","FS",NaN,0.25,1,5,"PIKA-030 2024-08-05 13:28 Rachel Billings","","{bf7b57d3-4220-48f8-99d4-6e9f0f7890a2}"
"NWT","2024-08-08","PIKA-031","13:55",1,"14:09","OS",NaN,1,1,NaN,"PIKA-031 2024-08-08 13:36 Max Van Lanen","","{b58afb1e-f6fe-430d-9f69-f12d638ea793}"
"NWT","2024-08-08","PIKA-031","13:55",2,"14:11","OS",NaN,0.5,0.7,NaN,"PIKA-031 2024-08-08 13:36 Max Van Lanen","","{b58afb1e-f6fe-430d-9f69-f12d638ea793}"
"NWT","2024-08-12","PIKA-032","10:08",1,"10:09","PC",50,NaN,NaN,NaN,"PIKA-032 2024-08-12 10:02 Airy Peralta","Pika uphill","{8752a411-a301-4f7b-8816-8198f1f63d8c}"
"NWT","2024-08-06","PIKA-033","13:01",1,"13:03","PS",5,1,2.5,NaN,"PIKA-033 2024-08-06 12:58 RJ Methven","","{22c866b2-381c-4f3a-9f52-b51a40ec7b26}"
"NWT","2024-08-14","PIKA-034","12:30",1,"12:31","PS",12,1,2,NaN,"PIKA-034 2024-08-14 12:23  Kelsey Beyerly","","{1067898c-18d4-401f-9ca7-e56e077359e3}"
"NWT","2024-08-14","PIKA-034","12:30",2,"12:37","PC",12,NaN,NaN,NaN,"PIKA-034 2024-08-14 12:23  Kelsey Beyerly","","{1067898c-18d4-401f-9ca7-e56e077359e3}"
"NWT","2024-08-14","PIKA-034","12:30",3,"12:40","FH",NaN,0.5,1,NaN,"PIKA-034 2024-08-14 12:23  Kelsey Beyerly","","{1067898c-18d4-401f-9ca7-e56e077359e3}"
"NWT","2024-08-14","PIKA-034","12:30",4,"12:44","FH",NaN,0.75,2.5,NaN,"PIKA-034 2024-08-14 12:23  Kelsey Beyerly","","{1067898c-18d4-401f-9ca7-e56e077359e3}"
"NWT","2024-08-14","PIKA-034","12:30",5,"12:45","OH",NaN,1,4,NaN,"PIKA-034 2024-08-14 12:23  Kelsey Beyerly","","{1067898c-18d4-401f-9ca7-e56e077359e3}"
"NWT","2024-08-14","PIKA-034","12:30",6,"12:48","FS",NaN,1,1.5,NaN,"PIKA-034 2024-08-14 12:23  Kelsey Beyerly","Dropped and lost to oblivion :(","{1067898c-18d4-401f-9ca7-e56e077359e3}"
"NWT","2024-08-08","PIKA-035","08:45",1,"09:01","FH",NaN,1,1.5,NaN,"PIKA-035 2024-08-08 08:39 Max Van Lanen","","{ea9e1828-b773-4308-995d-36668adfb3d3}"
"NWT","2024-08-08","PIKA-035","08:45",2,"09:01","FS",NaN,1,1.5,NaN,"PIKA-035 2024-08-08 08:39 Max Van Lanen","","{ea9e1828-b773-4308-995d-36668adfb3d3}"
"NWT","2024-08-08","PIKA-035","08:45",3,"09:10","FH",NaN,1,1.5,NaN,"PIKA-035 2024-08-08 08:39 Max Van Lanen","","{ea9e1828-b773-4308-995d-36668adfb3d3}"
"NWT","2024-08-08","PIKA-035","09:23",1,"09:23","FS",NaN,1,1.5,NaN,"PIKA-035 2024-08-08 09:17 Max Van Lanen","","{ce3db42e-4e14-4aa9-8758-761d25bba3a3}"
"NWT","2024-08-08","PIKA-035","09:23",2,"09:35","FH",NaN,1,1.5,NaN,"PIKA-035 2024-08-08 09:17 Max Van Lanen","","{ce3db42e-4e14-4aa9-8758-761d25bba3a3}"
"NWT","2024-08-08","PIKA-035","09:23",3,"09:37","PC",20,NaN,NaN,NaN,"PIKA-035 2024-08-08 09:17 Max Van Lanen","","{ce3db42e-4e14-4aa9-8758-761d25bba3a3}"
"NWT","2024-08-06","PIKA-038","11:46",1,"11:54","OS",NaN,2,1,NaN,"PIKA-038 2024-08-06 11:35 Kelsey Beyerly","","{193862a3-e544-4509-bdcc-2253a67ae109}"
"NWT","2024-08-06","PIKA-038","12:02",1,"12:20","PC",60,1.5,2,NaN,"PIKA-038 2024-08-06 11:59 Max Van Lanen","","{b1b4f8b0-0eb0-4021-b5ff-242e9215f1cb}"
"NWT","2024-08-07","PIKA-040","11:19",1,"11:26","OH",NaN,0.4,3.5,NaN,"PIKA-040 2024-08-07 11:10 Rachel Billings","","{7994b566-dca4-43dc-931a-5d78c0f1fec0}"
"NWT","2024-08-07","PIKA-042","10:09",1,"10:11","OH",NaN,0.3,2,NaN,"PIKA-042 2024-08-07 09:58 Rachel Billings","Just a few pieces","{9053ae18-58cf-42a4-9d24-3d8c97c85507}"
"NWT","2024-08-07","PIKA-042","10:09",2,"10:28","PC",30,0.2,0.5,NaN,"PIKA-042 2024-08-07 09:58 Rachel Billings","","{9053ae18-58cf-42a4-9d24-3d8c97c85507}"
"NWT","2024-08-13","PIKA-043","09:46",1,"09:56","OH",NaN,0.1,3,NaN,"PIKA-043 2024-08-13 09:37 Kelsey Beyerly","","{e9bcbcfe-2c77-4861-aa9e-f3800f070bd4}"
"NWT","2024-08-13","PIKA-049","10:30",1,"10:31","PS",30,0.5,1,NaN,"PIKA-049 2024-08-13 10:26 Rachel Billings","","{39efde15-5b3f-4f2e-b09b-ec30b6716434}"
"NWT","2024-08-06","PIKA-082","13:15",1,"13:34","FH",NaN,0.2,0.5,NaN,"PIKA-082 2024-08-06 13:04 Max Van Lanen","","{74584b16-0e60-4231-9ad2-4f521b73a746}"
"NWT","2024-08-06","PIKA-082","13:15",2,"13:35","FS",NaN,0.3,0.5,4,"PIKA-082 2024-08-06 13:04 Max Van Lanen","","{74584b16-0e60-4231-9ad2-4f521b73a746}"
"NWT","2024-08-06","PIKA-082","13:15",3,"13:38","PC",12,0.2,1,NaN,"PIKA-082 2024-08-06 13:04 Max Van Lanen","","{74584b16-0e60-4231-9ad2-4f521b73a746}"
"NWT","2024-08-08","PIKA-083","08:52",1,"08:52","OH",NaN,0.2,1,NaN,"PIKA-083 2024-08-08 08:40 Rachel Billings","","{eb5413df-c170-4f09-ae31-57c6633ea66d}"
"NWT","2024-08-08","PIKA-083","08:52",2,"08:52","PC",10,0.5,1.5,NaN,"PIKA-083 2024-08-08 08:40 Rachel Billings","","{eb5413df-c170-4f09-ae31-57c6633ea66d}"
"NWT","2024-08-08","PIKA-083","08:52",3,"08:53","FS",NaN,0.5,1,NaN,"PIKA-083 2024-08-08 08:40 Rachel Billings","","{eb5413df-c170-4f09-ae31-57c6633ea66d}"
"NWT","2024-08-08","PIKA-083","08:52",4,"08:54","FS",NaN,0.5,2,NaN,"PIKA-083 2024-08-08 08:40 Rachel Billings","","{eb5413df-c170-4f09-ae31-57c6633ea66d}"
"NWT","2024-08-08","PIKA-083","08:52",5,"08:59","OS",NaN,1,2,NaN,"PIKA-083 2024-08-08 08:40 Rachel Billings","","{eb5413df-c170-4f09-ae31-57c6633ea66d}"
"NWT","2024-08-08","PIKA-083","08:52",6,"09:00","FS",NaN,0.3,3,NaN,"PIKA-083 2024-08-08 08:40 Rachel Billings","","{eb5413df-c170-4f09-ae31-57c6633ea66d}"
"NWT","2024-08-08","PIKA-083","08:52",7,"09:06","OH",NaN,0.5,2,NaN,"PIKA-083 2024-08-08 08:40 Rachel Billings","","{eb5413df-c170-4f09-ae31-57c6633ea66d}"
"NWT","2024-08-08","PIKA-083","08:52",8,"09:07","FS",NaN,0.2,1.5,NaN,"PIKA-083 2024-08-08 08:40 Rachel Billings","","{eb5413df-c170-4f09-ae31-57c6633ea66d}"
"NWT","2024-08-08","PIKA-083","08:52",9,"09:07","PC",15,1,2,NaN,"PIKA-083 2024-08-08 08:40 Rachel Billings","","{eb5413df-c170-4f09-ae31-57c6633ea66d}"
"NWT","2024-08-08","PIKA-083","09:31",1,"09:32","FH",NaN,0.5,2.5,NaN,"PIKA-083 2024-08-08 09:21 Rachel Billings","","{9864bfe5-a4ad-4923-bb50-dc4511a7166d}"
"NWT","2024-08-08","PIKA-083","09:31",2,"09:37","PC",10,0.5,1.5,NaN,"PIKA-083 2024-08-08 09:21 Rachel Billings","Very close to observer,heard from under rock","{9864bfe5-a4ad-4923-bb50-dc4511a7166d}"
"NWT","2024-08-08","PIKA-083","09:31",3,"09:40","PS",12,1,2.5,NaN,"PIKA-083 2024-08-08 09:21 Rachel Billings","Pika seen trying to hay survey rope :)","{9864bfe5-a4ad-4923-bb50-dc4511a7166d}"
"NWT","2024-08-08","PIKA-083","09:31",4,"09:42","PS",15,0.2,0.5,NaN,"PIKA-083 2024-08-08 09:21 Rachel Billings","Juvenile","{9864bfe5-a4ad-4923-bb50-dc4511a7166d}"
"NWT","2024-08-08","PIKA-083","09:31",5,"09:44","FS",NaN,0.25,2,NaN,"PIKA-083 2024-08-08 09:21 Rachel Billings","","{9864bfe5-a4ad-4923-bb50-dc4511a7166d}"
"NWT","2024-08-07","PIKA-084","11:57",1,"12:07","OH",NaN,0.1,0.2,NaN,"PIKA-084 2024-08-07 11:45 Max Van Lanen","","{52e72b83-7cd0-4545-9b8d-329555bb134b}"
"NWT","2024-08-07","PIKA-088","10:57",1,"10:59","OH",NaN,0.3,1.5,NaN,"PIKA-088 2024-08-07 10:48 Max Van Lanen","","{d850bfe5-bd3c-45f6-a0b0-80c853d40406}"
"NWT","2024-08-06","PIKA-097","10:42",1,"10:55","PC",12,0.5,2,NaN,"PIKA-097 2024-08-06 10:22 Kelsey Beyerly","","{6f0cc309-aa2b-4616-8f42-b6d5205bd126}"
"NWT","2024-08-12","PIKA-109","10:30",1,"10:36","FH",NaN,1,3,NaN,"PIKA-109 2024-08-12 10:23 Rachel Billings","","{f6b225ab-9076-4f32-8a94-002f9c99d78c}"
"NWT","2024-08-14","PIKA-116","12:03",1,"12:08","PC",20,0.5,0.25,NaN,"PIKA-116 2024-08-14 11:57 Rachel Billings","Several calls","{f1dec0fb-7ea6-400e-883f-8b49722b778f}"
"NWT","2024-08-14","PIKA-116","12:03",2,"12:10","OS",NaN,0.2,1,NaN,"PIKA-116 2024-08-14 11:57 Rachel Billings","","{f1dec0fb-7ea6-400e-883f-8b49722b778f}"
"NWT","2024-08-14","PIKA-116","12:03",3,"12:11","OH",NaN,0.2,1,NaN,"PIKA-116 2024-08-14 11:57 Rachel Billings","","{f1dec0fb-7ea6-400e-883f-8b49722b778f}"
"NWT","2024-08-14","PIKA-116","12:03",4,"12:12","OS",NaN,0.2,0.75,NaN,"PIKA-116 2024-08-14 11:57 Rachel Billings","","{f1dec0fb-7ea6-400e-883f-8b49722b778f}"
"NWT","2024-08-14","PIKA-116","12:03",5,"12:14","PC",20,0.3,0.25,NaN,"PIKA-116 2024-08-14 11:57 Rachel Billings","","{f1dec0fb-7ea6-400e-883f-8b49722b778f}"
"NWT","2024-08-14","PIKA-116","12:03",6,"12:17","FS",NaN,0.2,1.5,3,"PIKA-116 2024-08-14 11:57 Rachel Billings","Collected outside plot boundary (did not have rope)","{f1dec0fb-7ea6-400e-883f-8b49722b778f}"
"NWT","2024-08-14","PIKA-116","12:03",7,"12:22","FS",NaN,0.1,1,14,"PIKA-116 2024-08-14 11:57 Rachel Billings","","{f1dec0fb-7ea6-400e-883f-8b49722b778f}"
"NWT","2024-08-13","PIKA-117","11:46",1,"11:46","PS",10,0.5,3,NaN,"PIKA-117 2024-08-13 11:30 Sammy Yevak","","{bdb05597-7c3d-4ee7-b8ce-fdb27e9267ae}"
"NWT","2024-08-20","PIKA-117","12:21",1,"12:22","PC",20,0.5,1,NaN,"PIKA-117 2024-08-20 12:15 Sammy Yevak","","{08649de2-7e4b-477e-ae8c-fe6c92da40a9}"
"NWT","2024-08-20","PIKA-117","12:21",2,"12:24","PS",20,0.5,1,NaN,"PIKA-117 2024-08-20 12:15 Sammy Yevak","","{08649de2-7e4b-477e-ae8c-fe6c92da40a9}"
"NWT","2024-08-20","PIKA-117","12:21",3,"12:24","OH",NaN,0.5,0.75,NaN,"PIKA-117 2024-08-20 12:15 Sammy Yevak","","{08649de2-7e4b-477e-ae8c-fe6c92da40a9}"
"NWT","2024-08-20","PIKA-117","12:21",4,"12:26","FH",NaN,0.25,2,NaN,"PIKA-117 2024-08-20 12:15 Sammy Yevak","","{08649de2-7e4b-477e-ae8c-fe6c92da40a9}"
"NWT","2024-08-20","PIKA-117","12:21",5,"12:26","OS",NaN,0.25,2,NaN,"PIKA-117 2024-08-20 12:15 Sammy Yevak","","{08649de2-7e4b-477e-ae8c-fe6c92da40a9}"
"NWT","2024-08-20","PIKA-117","12:21",6,"12:27","PS",15,0.5,1,NaN,"PIKA-117 2024-08-20 12:15 Sammy Yevak","","{08649de2-7e4b-477e-ae8c-fe6c92da40a9}"
"NWT","2024-08-20","PIKA-117","12:21",7,"12:32","OS",NaN,0.5,2,NaN,"PIKA-117 2024-08-20 12:15 Sammy Yevak","","{08649de2-7e4b-477e-ae8c-fe6c92da40a9}"
"NWT","2024-08-20","PIKA-117","12:21",8,"12:33","OS",NaN,0.25,1,NaN,"PIKA-117 2024-08-20 12:15 Sammy Yevak","","{08649de2-7e4b-477e-ae8c-fe6c92da40a9}"
"NWT","2024-08-20","PIKA-117","12:21",9,"12:37","OH",NaN,0.75,1.5,NaN,"PIKA-117 2024-08-20 12:15 Sammy Yevak","","{08649de2-7e4b-477e-ae8c-fe6c92da40a9}"
"NWT","2024-08-20","PIKA-117","12:21",10,"12:39","OH",NaN,0.5,1,NaN,"PIKA-117 2024-08-20 12:15 Sammy Yevak","","{08649de2-7e4b-477e-ae8c-fe6c92da40a9}"
"NWT","2024-08-20","PIKA-117","12:21",11,"12:40","FH",NaN,0.25,1,NaN,"PIKA-117 2024-08-20 12:15 Sammy Yevak","","{08649de2-7e4b-477e-ae8c-fe6c92da40a9}"
"NWT","2024-08-14","PIKA-121","13:17",1,"13:19","PC",2,1,5,NaN,"PIKA-121 2024-08-14 13:12 Kelsey Beyerly","","{feb9368e-391a-497b-9cf1-8b610ff7303c}"
"NWT","2024-08-14","PIKA-121","13:17",2,"13:23","OH",NaN,0.5,2,NaN,"PIKA-121 2024-08-14 13:12 Kelsey Beyerly","","{feb9368e-391a-497b-9cf1-8b610ff7303c}"
"NWT","2024-08-14","PIKA-121","13:17",3,"13:29","PC",2,1.5,5,NaN,"PIKA-121 2024-08-14 13:12 Kelsey Beyerly","","{feb9368e-391a-497b-9cf1-8b610ff7303c}"
"NWT","2024-08-07","PIKA-140","12:34",1,"12:41","OH",NaN,0.4,0.5,NaN,"PIKA-140 2024-08-07 12:29 Max Van Lanen","","{5d4ab9f8-0d30-4421-9773-0bacbf27c7e4}"
"NWT","2024-08-05","PIKA-186","12:24",1,"12:40","PC",30,0.5,1,NaN,"PIKA-186 2024-08-05 12:15 Rachel Billings","3 calls from 2 pikas","{1ecd8c56-cc4a-4d8b-9a4a-3dcc42e731fa}"
"NWT","2024-08-08","PIKA-195","11:49",1,"11:50","OH",NaN,0.1,1,NaN,"PIKA-195 2024-08-08 11:44 Max Van Lanen","","{361121fa-7f48-4662-846b-5c5d9b7af046}"
"NWT","2024-08-08","PIKA-195","11:49",2,"11:57","OH",NaN,0.5,0.7,NaN,"PIKA-195 2024-08-08 11:44 Max Van Lanen","","{361121fa-7f48-4662-846b-5c5d9b7af046}"
"NWT","2024-08-08","PIKA-195","11:49",3,"12:01","OH",NaN,0.2,0.5,NaN,"PIKA-195 2024-08-08 11:44 Max Van Lanen","","{361121fa-7f48-4662-846b-5c5d9b7af046}"
